<?xml version="1.0" encoding="UTF-8" standalone="no"?><?xml-stylesheet type="text/xsl" href="CDA.xsl"?><!--Title:        Continuity of Care Document (CCD)



********************************************************
Disclaimer: This sample file contains representative data elements to represent a Continuity of Care Document (CCD). 
The file depicts a fictional character's health data. Any resemblance to a real person is coincidental. 
To illustrate as many data elements as possible, the clinical scenario may not be plausible. 
The data in this sample file is not intended to represent real patients, people or clinical events. 
This sample is designed to be used in conjunction with the C-CDA Clinical Notes Implementation Guide.
********************************************************
--><ClinicalDocument xmlns="urn:hl7-org:v3" xmlns:sdtc="urn:hl7-org:sdtc" xmlns:voc="urn:hl7-org:v3/voc" xmlns:xsi="http://www.w3.org/2001/XMLSchema-instance" xsi:schemaLocation="C:\XML\CDA_SDTC_Schema\infrastructure\cda\CDA_SDTC.xsd">
    <realmCode code="US"/>
    <typeId extension="POCD_HD000040" root="2.16.840.1.113883.1.3"/>
    <!--US Realm Header ID-->
    <templateId extension="2015-08-01" root="2.16.840.1.113883.10.20.22.1.1"/>
    <templateId root="2.16.840.1.113883.10.20.22.1.1"/>
    <!--CCD template ID-->
    <templateId extension="2015-08-01" root="2.16.840.1.113883.10.20.22.1.2"/>
    <templateId root="2.16.840.1.113883.10.20.22.1.2"/>
    <!--Globally unique identifier for the document  -->
    <id extension="TT662" root="2.16.840.1.113883.19.5.99999.1"/>
    <code code="34133-9" codeSystem="2.16.840.1.113883.6.1" codeSystemName="LOINC" displayName="Summarization of Episode Note"/>
    <!--Title of this document -->
    <title>Ambulatory Summary (VDT)</title>
    <effectiveTime value="20150722180000-0500"/>
    <confidentialityCode code="N" codeSystem="2.16.840.1.113883.5.25" codeSystemName="Confidentiality" displayName="normal"/>
    <languageCode code="en-US"/>
    <setId extension="sTT662" root="2.16.840.1.113883.19.5.99999.19"/>
    <!--Version of this document -->
    <versionNumber value="1"/>
    <recordTarget>
        <patientRole>
            <id extension="T-10120" root="2.16.840.1.113883.4.1"/>
            <!--Example Social Security Number using the actual SSN OID. -->
            <addr use="HP">
                <!--HP is "primary home" from codeSystem 2.16.840.1.113883.5.1119 -->
                <streetAddressLine>1357 Amber Dr</streetAddressLine>
                <city>Beaverton</city>
                <state>OR</state>
                <postalCode>97006</postalCode>
                <country>US</country>
                <!--US is "United States" from ISO 3166-1 Country Codes: 1.0.3166.1 -->
            </addr>
            <telecom use="MC" value="tel:+1(555)-777-1234"/>
            <telecom use="HP" value="tel:+1(555)-723-1544"/>
            <!--HP is "primary home" from HL7 AddressUse 2.16.840.1.113883.5.1119 -->
			<telecom value="mailto:360mu.jeremy.bates@gmail.com"/>
            <patient>
                <name use="L">
                    <given>Jeremy</given>
                    <given>V</given>
                    <family>Bates</family>
                    <suffix>jr</suffix>
                </name>
                <administrativeGenderCode code="M" codeSystem="2.16.840.1.113883.5.1" codeSystemName="AdministrativeGender" displayName="Male"/>
                <!--Date of birth need only be precise to the day -->
                <birthTime value="19800801"/>
                <maritalStatusCode nullFlavor="NI"/>
                <religiousAffiliationCode code="1013" codeSystem="2.16.840.1.113883.5.1076" codeSystemName="HL7 Religious Affiliation" displayName="Christian (non-Catholic, non-specific)"/>
                <raceCode nullFlavor="UNK"/>
                <sdtc:raceCode nullFlavor="UNK"/>
                <ethnicGroupCode nullFlavor="UNK"/>
                <languageCommunication>
                    <languageCode code="en"/>
                    <modeCode code="ESP" codeSystem="2.16.840.1.113883.5.60" codeSystemName="LanguageAbilityMode" displayName="Expressed spoken"/>
                    <preferenceInd value="true"/>
                </languageCommunication>
            </patient>
            <providerOrganization>
                <id extension="99999999" root="2.16.840.1.113883.4.6"/>
                <name>Community Health and Hospitals</name>
                <telecom use="WP" value="tel:+1(555)-555-5000"/>
                <addr>
                    <streetAddressLine>1002 Healthcare Dr</streetAddressLine>
                    <city>Portland</city>
                    <state>OR</state>
                    <postalCode>97266</postalCode>
                    <country>US</country>
                </addr>
            </providerOrganization>
        </patientRole>
    </recordTarget>
    <!--The author represents the person who provides the content in the document -->
    <author>
        <time value="20150722"/>
        <assignedAuthor>
            <id extension="111111" root="2.16.840.1.113883.4.6"/>
            <code code="281P00000X" codeSystem="2.16.840.1.113883.6.101" displayName="Chronic Disease Hospital"/>
            <addr>
                <streetAddressLine>1002 Healthcare Dr</streetAddressLine>
                <city>Portland</city>
                <state>OR</state>
                <postalCode>97266</postalCode>
                <country>US</country>
            </addr>
            <telecom use="WP" value="tel:+1(555)-555-1002"/>
            <assignedPerson>
                <name>
                    <prefix>Dr</prefix>
                    <given>Henry</given>
                    <family>Seven</family>
                </name>
            </assignedPerson>
        </assignedAuthor>
    </author>
    <!--The dataEnterer transferred the content created by the author into the document -->
    <dataEnterer>
        <assignedEntity>
            <id extension="999999943252" root="2.16.840.1.113883.4.6"/>
            <addr>
                <streetAddressLine>1002 Healthcare Dr</streetAddressLine>
                <city>Portland</city>
                <state>OR</state>
                <postalCode>97266</postalCode>
                <country>US</country>
            </addr>
            <telecom use="WP" value="tel:+1(555)-555-1002"/>
            <assignedPerson>
                <name>
                    <given>Mary</given>
                    <family>McDonald</family>
                </name>
            </assignedPerson>
        </assignedEntity>
    </dataEnterer>
    <!--The informant represents any sources of information for document content -->
    <informant>
        <assignedEntity>
            <id extension="KP00017" root="2.16.840.1.113883.19.5"/>
            <addr>
                <streetAddressLine>1002 Healthcare Dr</streetAddressLine>
                <city>Portland</city>
                <state>OR</state>
                <postalCode>97266</postalCode>
                <country>US</country>
            </addr>
            <telecom use="WP" value="tel:+1(555)-555-1002"/>
            <assignedPerson>
                <name>
                    <given>Henry</given>
                    <family>Seven</family>
                </name>
            </assignedPerson>
        </assignedEntity>
    </informant>
    <informant>
        <relatedEntity classCode="PRS">
            <!--classCode PRS represents a person with personal relationship with the patient. -->
            <code code="SPS" codeSystem="2.16.840.1.113883.1.11.19563" codeSystemName="Personal Relationship Role Type Value Set" displayName="SPOUSE"/>
            <relatedPerson>
                <name>
                    <given>Caroline</given>
                    <family>Maur</family>
                </name>
            </relatedPerson>
        </relatedEntity>
    </informant>
    <!--The custodian represents the organization charged with maintaining the original source document -->
    <custodian>
        <assignedCustodian>
            <representedCustodianOrganization>
                <id extension="99998899" root="2.16.840.1.113883.4.6"/>
                <name>Community Health and Hospitals</name>
                <telecom use="WP" value="tel:+1(555)-555-5000"/>
                <addr>
                    <streetAddressLine>1002 Healthcare Dr</streetAddressLine>
                    <city>Portland</city>
                    <state>OR</state>
                    <postalCode>97266</postalCode>
                    <country>US</country>
                </addr>
            </representedCustodianOrganization>
        </assignedCustodian>
    </custodian>
    <!--The informationRecipient represents the intended recipient of the document -->
    <informationRecipient>
        <intendedRecipient>
            <informationRecipient>
                <name>
                    <prefix>Dr</prefix>
                    <given>Henry</given>
                    <family>Seven</family>
                </name>
            </informationRecipient>
            <receivedOrganization>
                <name>Community Health and Hospitals</name>
            </receivedOrganization>
        </intendedRecipient>
    </informationRecipient>
    <!--The legalAuthenticator represents the individual who is responsible for the document -->
    <legalAuthenticator>
        <time value="20150722"/>
        <signatureCode code="S"/>
        <assignedEntity>
            <id extension="999998899" root="2.16.840.1.113883.4.6"/>
            <addr>
                <streetAddressLine>1002 Healthcare Dr</streetAddressLine>
                <city>Portland</city>
                <state>OR</state>
                <postalCode>97266</postalCode>
                <country>US</country>
            </addr>
            <telecom use="WP" value="tel:+1(555)-555-1002"/>
            <assignedPerson>
                <name>
                    <prefix>Dr</prefix>
                    <given>Henry</given>
                    <family>Seven</family>
                </name>
            </assignedPerson>
        </assignedEntity>
    </legalAuthenticator>
    <!--The authenticator represents the individual attesting to the accuracy of information in the document-->
    <authenticator>
        <time value="20150722"/>
        <signatureCode code="S"/>
        <assignedEntity>
            <id extension="999998899" root="2.16.840.1.113883.4.6"/>
            <addr>
                <streetAddressLine>1002 Healthcare Dr</streetAddressLine>
                <city>Portland</city>
                <state>OR</state>
                <postalCode>97266</postalCode>
                <country>US</country>
            </addr>
            <telecom use="WP" value="tel:+1(555)-555-1002"/>
            <assignedPerson>
                <name>
                    <prefix>Dr</prefix>
                    <given>Henry</given>
                    <family>Seven</family>
                </name>
            </assignedPerson>
        </assignedEntity>
    </authenticator>
    <!--The participant represents supporting entities -->
    <participant typeCode="IND">
        <!--patient's grandfather -->
        <associatedEntity classCode="PRS">
            <code code="GPARNT" codeSystem="2.16.840.1.113883.1.11.19563" codeSystemName="Personal Relationship Role Type Value Set" displayName="grandparent"/>
            <addr use="HP">
                <!--HP is "primary home" from codeSystem 2.16.840.1.113883.5.1119 -->
                <streetAddressLine>1357 Amber Dr</streetAddressLine>
                <city>Beaverton</city>
                <state>OR</state>
                <postalCode>97006</postalCode>
                <country>US</country>
                <!--US is "United States" from ISO 3166-1 Country Codes: 1.0.3166.1 -->
            </addr>
            <telecom use="HP" value="tel:+1(555)-723-1544"/>
            <associatedPerson>
                <name>
                    <prefix>Mr.</prefix>
                    <given>Issac</given>
                    <family>Maur</family>
                </name>
            </associatedPerson>
        </associatedEntity>
    </participant>
    <!--Note: Entities playing multiple roles are recorded in multiple participants -->
    <participant typeCode="IND">
        <!--patient's spouse -->
        <associatedEntity classCode="PRS">
            <code code="SPS" codeSystem="2.16.840.1.113883.1.11.19563" codeSystemName="Personal Relationship Role Type Value Set" displayName="SPOUSE"/>
            <addr use="HP">
                <!--HP is "primary home" from codeSystem 2.16.840.1.113883.5.1119 -->
                <streetAddressLine>1357 Amber Dr</streetAddressLine>
                <city>Beaverton</city>
                <state>OR</state>
                <postalCode>97006</postalCode>
                <country>US</country>
                <!--US is "United States" from ISO 3166-1 Country Codes: 1.0.3166.1 -->
            </addr>
            <telecom use="HP" value="tel:+1(555)-723-1544"/>
            <associatedPerson>
                <name>
                    <prefix>Ms</prefix>
                    <given>Caroline</given>
                    <family>Maur</family>
                </name>
            </associatedPerson>
        </associatedEntity>
    </participant>
    <documentationOf>
        <serviceEvent classCode="PCPR">
            <code code="423123007" codeSystem="2.16.840.1.113883.6.96" codeSystemName="SNOMED-CT" displayName="Burn by Fire"/>
            <effectiveTime>
                <low value="20150722180000-0500"/>
                <high value="20150722230000-5000"/>
            </effectiveTime>
            <!--since there are two Care Team members we need two performer elements. -db -->
            <!--Note: example of Care Team here:
            https://github.com/gecole/HL7-Task-Force-Examples/blob/master/CareTeamToC170.314b2Ambulatory.xml
            db -->
            <performer typeCode="PRF">
                <functionCode code="PCP" codeSystem="2.16.840.1.113883.5.88" codeSystemName="ParticipationFunction" displayName="Primary Care Provider">
                    <originalText>Primary Care Provider</originalText>
                </functionCode>
                <assignedEntity>
                    <id extension="5555555555" root="2.16.840.1.113883.4.6"/>
                    <code code="207QA0505X" codeSystem="2.16.840.1.113883.6.101" codeSystemName="Healthcare Provider Taxonomy (HIPAA)" displayName="Adult Medicine"/>
                    <addr>
                        <streetAddressLine>1002 Healthcare Dr</streetAddressLine>
                        <city>Portland</city>
                        <state>OR</state>
                        <postalCode>97266</postalCode>
                        <country>US</country>
                    </addr>
                    <telecom use="WP" value="tel:+1(555)-555-1002"/>
                    <assignedPerson>
                        <name>
                            <prefix qualifier="TITLE">Dr</prefix>
                            <given>Henry</given>
                            <family>Seven</family>
                        </name>
                    </assignedPerson>
                    <representedOrganization>
                        <id extension="99998899" root="2.16.840.1.113883.4.6"/>
                        <name>Community Health and Hospitals</name>
                        <telecom use="WP" value="tel:+1(555)-555-5000"/>
                        <addr>
                            <streetAddressLine>1002 Healthcare Dr</streetAddressLine>
                            <city>Portland</city>
                            <state>OR</state>
                            <postalCode>97266</postalCode>
                            <country>US</country>
                        </addr>
                    </representedOrganization>
                </assignedEntity>
            </performer>
            <performer typeCode="PRF">
                <!--we do not have a function code for this person since recording as RN for now -->
                <time>
                    <low nullFlavor="UNK"/>
                </time>
                <assignedEntity>
                    <!--this provider has an id, but it is not an NPI  -->
                    <id extension="91138" root="1.3.6.1.4.1.22812.4.99930.4"/>
                    <!--the provider is a Registered Nurse - may not be so -->
                    <!--note: we don't know what Mary is from the test data
                    but since not specified, RN should not be an issue -db -->
                    <code code="163W00000X" codeSystem="2.16.840.1.113883.6.101" codeSystemName="NUCC Health Care Provider Taxonomy" displayName="Registered Nurse"/>
                    <addr>
                        <streetAddressLine>1002 Healthcare Dr</streetAddressLine>
                        <city>Portland</city>
                        <state>OR</state>
                        <postalCode>97266</postalCode>
                        <country>US</country>
                    </addr>
                    <telecom use="WP" value="tel:+1(555)-555-1002"/>
                    <assignedPerson>
                        <name>
                            <given>Mary</given>
                            <family>McDonald</family>
                        </name>
                    </assignedPerson>
                </assignedEntity>
            </performer>
        </serviceEvent>
    </documentationOf>
    <!--added componentOf to represent encounter and to represent length of stay better as per SME suggestion -db -->
    <componentOf>
        <encompassingEncounter>
            <id extension="9937012" root="2.16.840.1.113883.19"/>
            <effectiveTime>
                <!--represents length of time spent in hospital -db -->
                <low value="20150722180000-0500"/>
                <high value="20150722230000-5000"/>
            </effectiveTime>
        </encompassingEncounter>
    </componentOf>
    <!--******************************************************** CDA Body ******************************************************** -->
    <component>
        <structuredBody>
            <!--***************** ALLERGIES *************** -->
            <!--edited as per test doc - all data relevant -db -->
            <component>
                <section>
                    <!--*** Allergies and Intolerances Section (entries required) (V3) *** -->
                    <templateId extension="2015-08-01" root="2.16.840.1.113883.10.20.22.2.6.1"/>
                    <templateId root="2.16.840.1.113883.10.20.22.2.6.1"/>
                    <!--Alerts section template -->
                    <code code="48765-2" codeSystem="2.16.840.1.113883.6.1" codeSystemName="LOINC"/>
                    <title>ALLERGIES AND ADVERSE REACTIONS</title>
                    <text>No Known Drug Allergies</text>
                    <!--replaced Allergy Problem Act (R1.1) with 
                    Allergy Concern Act (V3) to meet R2.1 validation requirements -DB-->
                    <entry typeCode="DRIV">
                        <act classCode="ACT" moodCode="EVN">
                            <!--** Allergy Concern Act (V3) ** -->
                            <templateId extension="2015-08-01" root="2.16.840.1.113883.10.20.22.4.30"/>
                            <!--Critical Change-->
                            <templateId root="2.16.840.1.113883.10.20.22.4.30"/>
                            <id root="36e3e930-7b15-11db-9fe1-0831200c9a66"/>
                            <code code="CONC" codeSystem="2.16.840.1.113883.5.6"/>
                            <!--The statusCode represents the need to continue tracking the allergy -->
                            <!--This is of ongoing concern to the provider -->
                            <statusCode code="active"/>
                            <effectiveTime>
                                <!--The low value represents when the allergy was first recorded in the patient's chart -->
                                <low value="20150722"/>
                            </effectiveTime>
                            <entryRelationship typeCode="SUBJ">
                                <!--using negationInd="true" to signify that there are is NO food allergy (disorder) allergy -db -->
                                <observation classCode="OBS" moodCode="EVN" negationInd="true">
                                    <!--** Allergy observation (V2) ** -->
                                    <templateId extension="2014-06-09" root="2.16.840.1.113883.10.20.22.4.7"/>
                                    <templateId root="2.16.840.1.113883.10.20.22.4.7"/>
                                    <id root="4adc1020-7b16-11db-9fe1-0832200c9a66"/>
                                    <code code="ASSERTION" codeSystem="2.16.840.1.113883.5.4"/>
                                    <statusCode code="completed"/>
                                    <effectiveTime nullFlavor="NA"/>
                                    <!--using Drug allergy (disorder) along with negationInd instead -db -->
                                    <value code="416098002" codeSystem="2.16.840.1.113883.6.96" codeSystemName="SNOMED CT" displayName="Drug allergy (disorder)" xsi:type="CD">
                                    </value>
                                    <!--In C-CDA R2 the participant is required. The SNOMED code ="105590001" displayName="Substance" could be used in the participant-->
                                    <participant typeCode="CSM">
                                        <participantRole classCode="MANU">
                                            <playingEntity classCode="MMAT">
                                                <code nullFlavor="NA"/>
                                            </playingEntity>
                                        </participantRole>
                                    </participant>
                                </observation>
                            </entryRelationship>
                        </act>
                    </entry>
                </section>
            </component>
            <!--******************************* MEDICATIONS ***************************** -->
            <!--edited as per test doc - all data relevant -db -->
            <component>
                <section>
                    <!--*** Medications Section (entries required) (V2) *** -->
                    <templateId extension="2014-06-09" root="2.16.840.1.113883.10.20.22.2.1.1"/>
                    <templateId root="2.16.840.1.113883.10.20.22.2.1.1"/>
                    <code code="10160-0" codeSystem="2.16.840.1.113883.6.1" codeSystemName="LOINC" displayName="HISTORY OF MEDICATION USE"/>
                    <title>MEDICATIONS</title>
                    <text>No known Medications</text>
                    <entry>
                        <!--Act.actionNegationInd -->
                        <substanceAdministration classCode="SBADM" moodCode="EVN" negationInd="true">
                            <!--** Medication Activity (V2) ** -->
                            <templateId extension="2014-06-09" root="2.16.840.1.113883.10.20.22.4.16"/>
                            <templateId root="2.16.840.1.113883.10.20.22.4.16"/>
                            <id root="cdbd33f0-6cde-11db-9fe1-0833200c9a66"/>
                            <statusCode code="active"/>
                            <effectiveTime nullFlavor="NA"/>
                            <doseQuantity nullFlavor="NA"/>
                            <consumable>
                                <manufacturedProduct classCode="MANU">
                                    <!--** Medication information ** -->
                                    <templateId extension="2014-06-09" root="2.16.840.1.113883.10.20.22.4.23"/>
                                    <templateId root="2.16.840.1.113883.10.20.22.4.23"/>
                                    <manufacturedMaterial>
                                        <code codeSystem="2.16.840.1.113883.6.88" nullFlavor="OTH">
                                            <translation code="410942007" codeSystem="2.16.840.1.113883.6.96" codeSystemName="SNOMED CT" displayName="drug or medication"/>
                                        </code>
                                    </manufacturedMaterial>
                                </manufacturedProduct>
                            </consumable>
                        </substanceAdministration>
                    </entry>
                </section>
            </component>
            <!--*******************************
            B) Medications Administered during stay
            added section and entry from scratch as per test data requirements 
            all data is relevant -db
            ***************************** -->
            <component>
                <section>
                    <!--The section contains the medications taken by the patient prior to 
                    and 
                    at the time of admission to the facility. -->
                    <!--Admission Medications Section (entries optional) (V3) -->
                    <templateId extension="2015-08-01" root="2.16.840.1.113883.10.20.22.2.44"/>
                    <templateId root="2.16.840.1.113883.10.20.22.2.44"/>
                    <code code="42346-7" codeSystem="2.16.840.1.113883.6.1" codeSystemName="LOINC" displayName="MEDICATIONS ON ADMISSION"/>
                    <title>Admission Medications</title>
                    <text>No Medications Administered</text>
                    <entry>
                        <!--Act.actionNegationInd -->
                        <substanceAdministration classCode="SBADM" moodCode="EVN" negationInd="true">
                            <!--** Medication Activity (V2) ** -->
                            <templateId extension="2014-06-09" root="2.16.840.1.113883.10.20.22.4.16"/>
                            <templateId root="2.16.840.1.113883.10.20.22.4.16"/>
                            <id root="cdbd33f0-6cde-11db-9fe1-0834200c9a66"/>
                            <statusCode code="active"/>
                            <effectiveTime nullFlavor="NA"/>
                            <doseQuantity nullFlavor="NA"/>
                            <consumable>
                                <manufacturedProduct classCode="MANU">
                                    <!--** Medication information ** -->
                                    <templateId extension="2014-06-09" root="2.16.840.1.113883.10.20.22.4.23"/>
                                    <templateId root="2.16.840.1.113883.10.20.22.4.23"/>
                                    <manufacturedMaterial>
                                        <code codeSystem="2.16.840.1.113883.6.88" nullFlavor="OTH">
                                            <translation code="410942007" codeSystem="2.16.840.1.113883.6.96" codeSystemName="SNOMED CT" displayName="drug or medication"/>
                                        </code>
                                    </manufacturedMaterial>
                                </manufacturedProduct>
                            </consumable>
                        </substanceAdministration>
                    </entry>
                </section>
            </component>
            <!--Added Discharge Medications Section (entries required) (V3) 
            as required by template mapping.
            However, there is no test data required for the template, 
            only within Admission Medications Section (entries optional) (V3).
            Therefore we are simply applying No Information to the templates.
            The template mapping specifies that we need optional and required but required conforms to optional.
            so optional is redundant. Only including ER.
            There was errata in the R2.1 IG dif which did not specify a change for the code for 
            Discharge Medications Section (entries optional) (V3), due to this the current R2.1 validator will product the
            following incorrect error. This has been fixed in the model and will be resolved in the next build.
            Consol Discharge Medications Section (entries optional) (V3) SHALL contain exactly one [1..1] code 
            (CONF:1198-15359)/@code="75311-1" Discharge medications (CodeSystem: 2.16.840.1.113883.6.1 LOINC) 
            (CONF:1198-15360, CONF:1198-32480)			
            -db -->
            <component>
                <section nullFlavor="NI">
                    <!--Discharge Medications Section (entries required) (V3) -->
                    <templateId extension="2015-08-01" root="2.16.840.1.113883.10.20.22.2.11.1"/>
                    <templateId root="2.16.840.1.113883.10.20.22.2.11.1"/>
                    <code code="10183-2" codeSystem="2.16.840.1.113883.6.1" codeSystemName="LOINC" displayName="Hospital Discharge Medications">
                        <translation code="75311-1" codeSystem="2.16.840.1.113883.6.1" codeSystemName="LOINC" displayName="Discharge Medications">
                        </translation>
                    </code>
                    <title>Discharge Medications</title>
                    <text>No Information</text>
                </section>
            </component>
            <!--***************** PROBLEM LIST *********************** -->
            <!--edited as per test doc - all data relevant -db -->
            <component>
                <section>
                    <!--*** Problem Section (entries required) (V3) *** -->
                    <templateId extension="2015-08-01" root="2.16.840.1.113883.10.20.22.2.5.1"/>
                    <templateId root="2.16.840.1.113883.10.20.22.2.5.1"/>
                    <code code="11450-4" codeSystem="2.16.840.1.113883.6.1" codeSystemName="LOINC" displayName="PROBLEM LIST"/>
                    <title>PROBLEMS</title>
                    <text ID="Concern_1">
                        <content ID="problems1">
                            No known
                            <content ID="problemType1">health problems</content>
                        </content>
                    </text>
                    <entry typeCode="DRIV">
                        <!--Problem Concern Act -->
                        <act classCode="ACT" moodCode="EVN">
                            <!--** Problem Concern Act (V3) ** -->
                            <templateId extension="2015-08-01" root="2.16.840.1.113883.10.20.22.4.3"/>
                            <templateId root="2.16.840.1.113883.10.20.22.4.3"/>
                            <id root="36e3e930-7b14-11db-9fe1-0835200c9a66"/>
                            <!--SDWG supports 48765-2 or CONC in the code element -->
                            <code code="CONC" codeSystem="2.16.840.1.113883.5.6"/>
                            <text>
                                <reference value="#Concern_1"/>
                            </text>
                            <statusCode code="active"/><!--The concern is not active, in terms of there being an active condition to be managed.-->
                            <effectiveTime>
                                <low value="20150722"/><!--Time at which THIS ?concern? began being tracked.-->
                            </effectiveTime><!--status is active so high is not applicable. If high is present it should have nullFlavor of NA-->
                            <entryRelationship typeCode="SUBJ">
                                <!--Model of Meaning for No Problems -->
                                <!--The use of negationInd corresponds with the newer Observation.ValueNegationInd -->
                                <!--The negationInd = true negates the value element. -->
                                <!--problem observation template -->
                                <observation classCode="OBS" moodCode="EVN" negationInd="true">
                                    <!--** Problem observation  (V3)** -->
                                    <templateId extension="2015-08-01" root="2.16.840.1.113883.10.20.22.4.4"/>
                                    <templateId root="2.16.840.1.113883.10.20.22.4.4"/>
                                    <id root="4adc1021-7b14-11db-9fe1-0836200c9a67"/>
                                    <!--updated for R2.1 -db -->
                                    <code code="55607006" codeSystem="2.16.840.1.113883.6.96" codeSystemName="SNOMED-CT" displayName="Problem">
                                        <!--This code SHALL contain at least one [1..*] translation, which SHOULD be selected from ValueSet Problem Type (LOINC) -->
                                        <translation code="75326-9" codeSystem="2.16.840.1.113883.6.1" codeSystemName="LOINC" displayName="Problem"/>
                                    </code>
                                    <text>
                                        <reference value="#problems1"/>
                                    </text>
                                    <statusCode code="completed"/>
                                    <!--The time when this was biologically relevant ie True for the patient. -->
                                    <!--As a minimum time interval over which this is true, populate the effectiveTime/low with the current time. -->
                                    <!--It would be equally valid to have a longer range of time over which this statement was represented as being true. -->
                                    <!--As a maximum, you would never indicate an effectiveTime/high that was greater than the current point in time. -->
                                    <effectiveTime>
                                        <low value="20150722"/>
                                    </effectiveTime>
                                    <!--This idea assumes that the value element could come from the Problem value set, or-->
                                    <!--when negationInd was true, is could also come from the ProblemType value set (and code would be ASSERTION). -->
                                    <value code="55607006" codeSystem="2.16.840.1.113883.6.96" codeSystemName="SNOMED CT" displayName="Problem" xsi:type="CD">
                                        <originalText>
                                            <reference value="#problems1"/>
                                        </originalText>
                                    </value>
                                </observation>
                            </entryRelationship>
                        </act>
                    </entry>
                </section>
            </component>
            <!--************************ ENCOUNTERS *********************** -->
            <component>
                <section>
                    <templateId extension="2015-08-01" root="2.16.840.1.113883.10.20.22.2.22.1"/>
                    <templateId root="2.16.840.1.113883.10.20.22.2.22.1"/>
                    <code code="46240-8" codeSystem="2.16.840.1.113883.6.1" codeSystemName="LOINC" displayName="History of encounters"/>
                    <title>ENCOUNTERS</title>
                    <text>
                        <table border="1" width="100%">
                            <thead>
                                <tr>
                                    <th>Encounter Diagnosis</th>
                                    <th>Location</th>
                                    <th>Date</th>
                                </tr>
                            </thead>
                            <tbody>
                                <tr>
                                    <td ID="Encounter1">Caregiver Annual Health Check</td>
                                    <td>Neighborhood Physicians Practice</td>
                                    <td>July 22, 2015</td>
                                </tr>
                            </tbody>
                        </table>
                    </text>
                    <entry typeCode="DRIV">
                        <encounter classCode="ENC" moodCode="EVN">
                            <templateId extension="2015-08-01" root="2.16.840.1.113883.10.20.22.4.49"/>
                            <templateId root="2.16.840.1.113883.10.20.22.4.49"/>
                            <id root="2a620155-9d12-439e-92b3-5d9815ff4de8"/>
                            <code code="99213" codeSystem="2.16.840.1.113883.6.12" codeSystemName="CPT-4" displayName="Office outpatient visit">
                                <originalText>
                                    <reference value="#Encounter1"/>
                                </originalText>
                                <translation code="AMB" codeSystem="2.16.840.1.113883.5.4" codeSystemName="HL7 ActEncounterCode" displayName="Ambulatory"/>
                                <!--MAY MAY contain zero or one [0..1] translation (CONF:1198-32323)
                                The translation may exist to map the code of EncounterTypeCode (2.16.840.1.113883.3.88.12.80.32) valueset to the code of Encounter Planned (2.16.840.1.113883.11.20.9.52) valueset.
                                <translation code="AMB" codeSystem="2.16.840.1.113883.5.4" displayName="Ambulatory" codeSystemName="HL7 ActEncounterCode"/>
                                -->
                            </code>
                            <effectiveTime value="20150622"/>
                            <performer>
                                <assignedEntity>
                                    <id extension="99999999" root="2.16.840.1.113883.4.6"/>
                                    <code code="59058001" codeSystem="2.16.840.1.113883.6.96" codeSystemName="SNOMED CT" displayName="General Physician"/>
                                </assignedEntity>
                            </performer>
                            <participant typeCode="LOC">
                                <participantRole classCode="SDLOC">
                                    <templateId root="2.16.840.1.113883.10.20.22.4.32"/>
                                    <code code="1160-1" codeSystem="2.16.840.1.113883.6.259" codeSystemName="HL7 HealthcareServiceLocation" displayName="Urgent Care Center"/>
                                    <addr>
                                        <streetAddressLine>2472 Rocky place</streetAddressLine>
                                        <city>Beaverton</city>
                                        <state>OR</state>
                                        <postalCode>97006</postalCode>
                                        <country>US</country>
                                    </addr>
                                    <telecom use="WP" value="tel:+1(555)-555-1002"/>
                                    <playingEntity classCode="PLC">
                                        <name>Neighborhood Physicians Practice</name>
                                    </playingEntity>
                                </participantRole>
                            </participant>
                            <entryRelationship typeCode="SUBJ">
                                <act classCode="ACT" moodCode="EVN">
                                    <templateId extension="2015-08-01" root="2.16.840.1.113883.10.20.22.4.80"/>
                                    <templateId root="2.16.840.1.113883.10.20.22.4.19"/>
                                    <id root="5a784260-6857-4f38-9638-80c751aff2fb"/>
                                    <code code="29308-4" codeSystem="2.16.840.1.113883.6.1" codeSystemName="LOINC" displayName="ENCOUNTER DIAGNOSIS" xsi:type="CE"/>
                                    <effectiveTime>
                                        <low value="20150622"/>
                                    </effectiveTime>
                                    <entryRelationship inversionInd="false" typeCode="SUBJ">
                                        <observation classCode="OBS" moodCode="EVN">
                                            <templateId extension="2015-08-01" root="2.16.840.1.113883.10.20.22.4.4"/>
                                            <templateId root="2.16.840.1.113883.10.20.22.4.4"/>
                                            <id root="ab1791b0-5c71-12db-b0de-0800200c9a66"/>
                                            <code code="404684003" codeSystem="2.16.840.1.113883.6.96" codeSystemName="SNOMED-CT" displayName="Finding">
                                                <translation code="75321-0" codeSystem="2.16.840.1.113883.6.1" codeSystemName="LOINC" displayName="Clinical finding"/>
                                            </code>
                                            <statusCode code="completed"/>
                                            <effectiveTime>
                                                <low value="20150622"/>
                                            </effectiveTime>
                                            <value code="699134002" codeSystem="2.16.840.1.113883.6.96" displayName="Wellness Check" xsi:type="CD"/>
                                        </observation>
                                    </entryRelationship>
                                </act>
                            </entryRelationship>
                        </encounter>
                    </entry>
                </section>
            </component>
            <!--************** No PROCEDURES ***************** -->
            <component>
                <section>
                    <templateId root="2.16.840.1.113883.10.20.22.2.7.1"/><!--Procedures Section with Coded Entries Required-->
                    <code code="47519-4" codeSystem="2.16.840.1.113883.6.1" codeSystemName="LOINC" displayName="History of Procedures"/>
                    <title>PROCEDURES</title>
                    <text>
                        <content ID="procedures1">No Information About Procedures</content>
                    </text>
                    <entry typeCode="DRIV">
                        <procedure classCode="PROC" moodCode="EVN"><!--I think it makes more sense for this to be an Procedure than an Act -->
                            <!--<templateId root="2.16.840.1.113883.10.20.22.4.12"/>--><!--Procedure Activity Act-->
                            <templateId root="2.16.840.1.113883.10.20.22.4.14"/><!--Procedure Activity Procedure-->
                            <id extension="20130607114600-ProcedureActivity" root="2.16.840.1.113883.3.3208.101.10"/>
                            <code nullFlavor="NI" xsi:type="CE">
                                <originalText>
                                    <reference value="#procedures1"/>
                                </originalText>
                            </code>
                            <statusCode code="completed"/>
                            <effectiveTime>
                                <low nullFlavor="NI"/>
                                <high value="20130607000000-0000"/>
                            </effectiveTime><!--Up until now. -->
                            <targetSiteCode codeSystem="2.16.840.1.113883.6.96" codeSystemName="SNOMED CT" nullFlavor="NI">
                            </targetSiteCode>
                            <performer><!--Added to meet "SHOULD" requirment and avoid validator warning -->
                                <assignedEntity>
                                    <id extension="20130607154800-UnknownPersonnel" root="2.16.840.1.113883.3.3208.101.3"/>
                                    <addr nullFlavor="NI"/>
                                    <telecom nullFlavor="NI"/>
                                    <representedOrganization nullFlavor="NI">
                                        <id extension="20130607155400-UnknownOrg" root="2.16.840.1.113883.3.3208.101.5"/>
                                        <telecom nullFlavor="NI"/>
                                        <addr nullFlavor="NI"/>
                                    </representedOrganization>
                                </assignedEntity>
                            </performer>
                        </procedure>
                    </entry>
                </section>
            </component>
            <!--************** No UDI ***************** -->
            <component>
                <section>
                    <!--Medical equipment section -->
                    <templateId extension="2014-06-09" root="2.16.840.1.113883.10.20.22.2.23"/>
                    <code code="46264-8" codeSystem="2.16.840.1.113883.6.1"/>
                    <title>MEDICAL EQUIPMENT</title>
                    <!--Alternative text: Patient has no history of procedures with implantable devices'-->
                    <!--Alternative text: Patient has no implanted devices'-->
                    <text>
                        <paragraph ID="Proc2">Patient has no history of implantable devices</paragraph>
                    </text>
                    <entry>
                        <procedure classCode="PROC" moodCode="EVN" negationInd="true">
                            <!--Procedure Activity Procedure V2-->
                            <templateId root="2.16.840.1.113883.10.20.22.4.14"/>
                            <templateId extension="2014-06-09" root="2.16.840.1.113883.10.20.22.4.14"/>
                            <id root="d5b614bd-01ce-410d-8728-e1fd01dcc72a"/>
                            <code code="71388002" codeSystem="2.16.840.1.113883.6.96" displayName="Procedure"/>
                            <text>
                                <reference value="#Proc2"/>
                            </text>
                            <statusCode code="completed"/>
                            <effectiveTime nullFlavor="NA"/>
                            <participant typeCode="DEV">
                                <participantRole classCode="MANU">
                                    <templateId root="2.16.840.1.113883.10.20.22.4.37"/>
                                    <!--UDI is 'not applicable' since no procedure -->
                                    <id nullFlavor="NA" root="2.16.840.1.113883.3.3719"/>
                                    <playingDevice>
                                        <code code="40388003" codeSystem="2.16.840.1.113883.6.96" displayName="Implant"/>
                                    </playingDevice>
                                    <scopingEntity>
                                        <id root="2.16.840.1.113883.3.3719"/>
                                    </scopingEntity>
                                </participantRole>
                            </participant>
                        </procedure>
                    </entry>
                </section>
            </component>
            <!--******************** IMMUNIZATIONS ********************* -->
            <!--edited as per test doc - NOT all data is relevant, but all entries themselves are relevant -db -->
            <component>
                <section>
                    <!--*** Immunizations Section (entries required) (V2) *** -->
                    <templateId extension="2014-06-09" root="2.16.840.1.113883.10.20.22.2.2.1"/>
                    <templateId root="2.16.840.1.113883.10.20.22.2.2.1"/>
                    <code code="11369-6" codeSystem="2.16.840.1.113883.6.1" codeSystemName="LOINC" displayName="History of immunizations"/>
                    <title>IMMUNIZATIONS</title>
                    <text>No immunization history</text>
                    <entry typeCode="DRIV">
                        <!--using negationInd="true" to signify that there are no known immunizations -->
                        <substanceAdministration classCode="SBADM" moodCode="EVN" negationInd="true">
                            <!--** Immunization Activity (V3) ** -->
                            <templateId extension="2015-08-01" root="2.16.840.1.113883.10.20.22.4.52"/>
                            <templateId root="2.16.840.1.113883.10.20.22.4.52"/>
                            <id root="de10790f-1496-4729-8fe6-f1b87b6219f7"/>
                            <statusCode code="active"/>
                            <effectiveTime nullFlavor="NA"/>
                            <routeCode nullFlavor="NA"/>
                            <consumable>
                                <manufacturedProduct classCode="MANU">
                                    <!--** Immunization Medication Information (V2) ** -->
                                    <templateId extension="2014-06-09" root="2.16.840.1.113883.10.20.22.4.54"/>
                                    <templateId root="2.16.840.1.113883.10.20.22.4.54"/>
                                    <manufacturedMaterial>
                                        <!--there is no generic vaccine code and no known recommended way to do this - 
                                        leaving generic flu for now just as an example. Not sure if it makes more sense to apply a nullFlavor? -db -->
                                        <code nullFlavor="OTH">
                                            <!--Optional original text -->
                                            <originalText>Vaccination</originalText>
                                            <translation code="71181003" codeSystem="2.16.840.1.113883.6.96" codeSystemName="SNOMED CT" displayName="vaccine"/>
                                        </code>
                                        <!--NA since there is no immunization data -db -->
                                        <lotNumberText nullFlavor="NA"/>
                                    </manufacturedMaterial>
                                </manufacturedProduct>
                            </consumable>
                        </substanceAdministration>
                    </entry>
                </section>
            </component>
            <!--************* VITAL SIGNS *************** -->
            <!--edited as per test doc - most of this data is directly relevant -db -->
            <component>
                <section>
                    <!--** Vital Signs Section (entries required) (V3) ** -->
                    <templateId extension="2015-08-01" root="2.16.840.1.113883.10.20.22.2.4.1"/>
                    <templateId root="2.16.840.1.113883.10.20.22.2.4.1"/>
                    <code code="8716-3" codeSystem="2.16.840.1.113883.6.1" codeSystemName="LOINC" displayName="VITAL SIGNS"/>
                    <title>VITAL SIGNS</title>
                    <text>
                        <table border="1" width="100%">
                            <thead>
                                <tr>
                                    <th align="right">Date / Time:</th>
                                    <th>July 22, 2015</th>
                                </tr>
                            </thead>
                            <tbody>
                                <tr>
                                    <th align="left">Blood Pressure</th>
                                    <td ID="vit3">145/88</td>
                                </tr>
                            </tbody>
                        </table>
                        <!--added for inp -db -->
                        <table border="1" width="100%">
                            <thead>
                                <tr>
                                    <th align="right">Date / Time:</th>
                                    <th>July 22, 2015</th>
                                </tr>
                            </thead>
                            <tbody>
                                <tr>
                                    <th align="left">Height and Weight</th>
                                    <td ID="vit4">177 cm and 88 kg</td>
                                </tr>
                            </tbody>
                        </table>
                    </text>
                    <entry typeCode="DRIV">
                        <organizer classCode="CLUSTER" moodCode="EVN">
                            <!--** Vital signs organizer (V3) ** -->
                            <templateId extension="2015-08-01" root="2.16.840.1.113883.10.20.22.4.26"/>
                            <templateId root="2.16.840.1.113883.10.20.22.4.26"/>
                            <id root="31b73bd0-cffc-4599-902e-dbe54bc56cb4"/>
                            <code code="46680005" codeSystem="2.16.840.1.113883.6.96" codeSystemName="SNOMED CT" displayName="Vital signs">
                                <!--A vitals organizer conformant to both C-CDA 1.1 and C-CDA 2.1 would contain the SNOMED code (46680005) from R1.1 in the root code and a LOINC code in the translation -->
                                <translation code="74728-7" codeSystem="2.16.840.1.113883.6.1" codeSystemName="LOINC" displayName="Vital signs"/>
                            </code>
                            <statusCode code="completed"/>
                            <effectiveTime>
                                <low value="201507221810-0500"/>
                                <high value="201507221810-0500"/>
                            </effectiveTime>
                            <component>
                                <observation classCode="OBS" moodCode="EVN">
                                    <templateId extension="2014-06-09" root="2.16.840.1.113883.10.20.22.4.27"/>
                                    <templateId root="2.16.840.1.113883.10.20.22.4.27"/>
                                    <id root="ed9589fd-fda0-41f7-a3d0-dc537554f5c2"/>
                                    <code code="8302-2" codeSystem="2.16.840.1.113883.6.1" codeSystemName="LOINC" displayName="Height"/>
                                    <statusCode code="completed"/>
                                    <effectiveTime value="201507221405-0500"/>
                                    <value unit="cm" value="177" xsi:type="PQ"/>
                                    <interpretationCode code="N" codeSystem="2.16.840.1.113883.5.83"/>
                                </observation>
                            </component>
                            <component>
                                <observation classCode="OBS" moodCode="EVN">
                                    <templateId extension="2014-06-09" root="2.16.840.1.113883.10.20.22.4.27"/>
                                    <templateId root="2.16.840.1.113883.10.20.22.4.27"/>
                                    <id root="f4e729e2-a97f-4a7e-8e23-c92f9b6b55cf"/>
                                    <code code="29463-7" codeSystem="2.16.840.1.113883.6.1" codeSystemName="LOINC" displayName="Patient Body Weight - Measured"/>
                                    <statusCode code="completed"/>
                                    <effectiveTime value="201507221405-0500"/>
                                    <value unit="kg" value="88" xsi:type="PQ"/>
                                    <interpretationCode code="N" codeSystem="2.16.840.1.113883.5.83"/>
                                </observation>
                            </component>
                        </organizer>
                    </entry>
					<entry typeCode="DRIV">
                        <organizer classCode="CLUSTER" moodCode="EVN">
                            <!--** Vital signs organizer (V3) ** -->
                            <templateId extension="2015-08-01" root="2.16.840.1.113883.10.20.22.4.26"/>
                            <templateId root="2.16.840.1.113883.10.20.22.4.26"/>
                            <id root="31b73bd0-cffc-4599-902e-dbe54bc56cb4"/>
                            <code code="46680005" codeSystem="2.16.840.1.113883.6.96" codeSystemName="SNOMED CT" displayName="Vital signs">
                                <!--A vitals organizer conformant to both C-CDA 1.1 and C-CDA 2.1 would contain the SNOMED code (46680005) from R1.1 in the root code and a LOINC code in the translation -->
                                <translation code="74728-7" codeSystem="2.16.840.1.113883.6.1" codeSystemName="LOINC" displayName="Vital signs"/>
                            </code>
                            <statusCode code="completed"/>
                            <effectiveTime>
                                <low value="201507221810-0500"/>
                                <high value="201507221810-0500"/>
                            </effectiveTime>
                            <component>
                                <observation classCode="OBS" moodCode="EVN">
                                    <templateId extension="2014-06-09" root="2.16.840.1.113883.10.20.22.4.27"/>
                                    <templateId root="2.16.840.1.113883.10.20.22.4.27"/>
                                    <id root="1c2748b7-e440-41ba-bc01-dde97d84a036"/>
                                    <code code="8462-4" codeSystem="2.16.840.1.113883.6.1" codeSystemName="LOINC" displayName="BP Diastolic"/>
                                    <statusCode code="completed"/>
                                    <effectiveTime value="201507221405-0500"/>
                                    <value unit="mm[Hg]" value="88" xsi:type="PQ"/>
                                    <interpretationCode code="N" codeSystem="2.16.840.1.113883.5.83"/>
                                </observation>
                            </component>
                            <component>
                                <observation classCode="OBS" moodCode="EVN">
                                    <templateId extension="2014-06-09" root="2.16.840.1.113883.10.20.22.4.27"/>
                                    <templateId root="2.16.840.1.113883.10.20.22.4.27"/>
                                    <id root="a0e39c70-9674-4b2a-9837-cdf74200d8d5"/>
                                    <code code="8480-6" codeSystem="2.16.840.1.113883.6.1" codeSystemName="LOINC" displayName="Intravascular Systolic"/>
                                    <statusCode code="completed"/>
                                    <effectiveTime value="201507221405-0500"/>
                                    <value unit="mm[Hg]" value="145" xsi:type="PQ"/>
                                    <interpretationCode code="N" codeSystem="2.16.840.1.113883.5.83"/>
                                </observation>
                            </component>
                        </organizer>
                    </entry>
                </section>
            </component>
            <!--******************* SOCIAL HISTORY ********************* -->
            <!--edited as per test doc - most of this data is directly relevant -db -->
            <component>
                <section>
                    <!--** Social History Section (V3) ** -->
                    <templateId extension="2015-08-01" root="2.16.840.1.113883.10.20.22.2.17"/>
                    <templateId root="2.16.840.1.113883.10.20.22.2.17"/>
                    <code code="29762-2" codeSystem="2.16.840.1.113883.6.1" codeSystemName="LOINC" displayName="Social History"/>
                    <title>SOCIAL HISTORY</title>
                    <text>
                        <table border="1" width="100%">
                            <thead>
                                <tr>
                                    <th>Social History Observation</th>
                                    <th>Description</th>
                                    <th>Dates Observed</th>
                                </tr>
                            </thead>
                            <tbody>
                                <tr>
                                    <td>Current Smoking Status</td>
                                    <td>Current every day</td>
                                    <td>July 22, 2015</td>
                                </tr>
                                <tr>
                                    <td ID="BirthSexInfo">Birth Sex</td>
                                    <td>Male</td>
                                    <td>July 22, 2015</td>
                                </tr>
                            </tbody>
                        </table>
                    </text>
                    <!--Current Smoking Status - July 22, 2015 -db -->
                    <entry typeCode="DRIV">
                        <observation classCode="OBS" moodCode="EVN">
                            <!--** Smoking Status - Meaningful Use (V2) ** -->
                            <templateId extension="2014-06-09" root="2.16.840.1.113883.10.20.22.4.78"/>
                            <templateId root="2.16.840.1.113883.10.20.22.4.78"/>
                            <id extension="123456789" root="2.16.840.1.113883.19"/>
                            <!--code SHALL be 72166-2 for Smoking Status - Meaningful Use (V2) -db -->
                            <code code="72166-2" codeSystem="2.16.840.1.113883.6.1" codeSystemName="LOINC" displayName="Tobacco smoking status NHIS"/>
                            <statusCode code="completed"/>
                            <!--The effectiveTime reflects when the current smoking status was observed. -->
                            <effectiveTime value="20150722"/>
                            <!--The value represents the patient's smoking status currently observed. -->
                            <!--Consol Smoking Status Meaningful Use2 SHALL contain exactly one [1..1] value (CONF:1098-14810), which SHALL be selected from ValueSet Current Smoking Status 2.16.840.1.113883.11.20.9.38 STATIC 2014-09-01 (CONF:1098-14817) -db -->
                            <value code="449868002" codeSystem="2.16.840.1.113883.6.96" displayName="Current every day smoker" xsi:type="CD"/>
                        </observation>
                    </entry>
                    <!--removed Social history observation (V3) entry for "Alcoholic drinks per day" -db -->
                    <!--Add Birth Sex entry -->
                    <entry>
                        <observation classCode="OBS" moodCode="EVN">
                            <templateId extension="2016-06-01" root="2.16.840.1.113883.10.20.22.4.200"/>
                            <code code="76689-9" codeSystem="2.16.840.1.113883.6.1" codeSystemName="LOINC" displayName="Sex Assigned At Birth"/>
                            <text>
                                <reference value="#BirthSexInfo"/>
                            </text>
                            <statusCode code="completed"/>
                            <effectiveTime value="20150722"/>
                            <value code="M" codeSystem="2.16.840.1.113883.5.1" displayName="Male" xsi:type="CD"/>
                        </observation>
                    </entry>
                </section>
            </component>
            <!--******************** RESULTS ************************ -->
            <!--edited as per test doc - all of this data is directly relevant -db -->
            <component>
                <section nullFlavor="NI">
                    <!--Results Section (entries required) (V3) -->
                    <templateId extension="2015-08-01" root="2.16.840.1.113883.10.20.22.2.3.1"/>
                    <templateId root="2.16.840.1.113883.10.20.22.2.3.1"/>
                    <code code="30954-2" codeSystem="2.16.840.1.113883.6.1" codeSystemName="LOINC" displayName="RESULTS"/>
                    <title>RESULTS</title>
                    <text>Laboratory Test: None needed. Laboratory Values/Results: No Lab Result data</text>
                </section>
            </component>
            <!--removed component Advance Directives as not required by test data -db -->
            <!--removed component Family History as not required by test data -db -->
            <!--removed component Functional Status as not required by test data (specific to 170.315(b)(1), (b)(2)) -db -->
            <!--removed component Medical Equipment as not required by test data -db -->
            <!--removed component Payers as not required by test data -db -->
            <!--added Assessment -db -->
            <!--********************************************************
            Assessment
            ********************************************************
            -->
            <!--edited as per test doc - all of this data is directly relevant -db -->
            <component>
                <section>
                    <!--Assessment Section -db -->
                    <!--There is no R2.1 (or 2.0) version of Assessment Section, using R1.1 templateId only -db -->
                    <templateId root="2.16.840.1.113883.10.20.22.2.8"/>
                    <code code="51848-0" codeSystem="2.16.840.1.113883.6.1" codeSystemName="LOINC" displayName="ASSESSMENTS"/>
                    <title>ASSESSMENTS</title>
                    <text>The patient is in good physical health.</text>
                </section>
            </component>
            <!--******************* PLAN OF TREATMENT ********************** -->
            <!--edited as per test doc - all of this data is directly relevant -db -->
            <component>
                <section>
                    <!--**** Plan of Treatment Section (V2) **** -->
                    <templateId extension="2014-06-09" root="2.16.840.1.113883.10.20.22.2.10"/>
                    <templateId root="2.16.840.1.113883.10.20.22.2.10"/>
                    <code code="18776-5" codeSystem="2.16.840.1.113883.6.1" codeSystemName="LOINC" displayName="Treatment plan"/>
                    <title>TREATMENT PLAN</title>
                    <text>
                        <content styleCode="Bold">Hand-off Communication:</content>
                        <br/>
                        <br/>
                        <table border="1" width="100%">
                            <thead>
                                <tr>
                                    <th>Planned Care</th>
                                    <th>Start Date</th>
                                </tr>
                            </thead>
                            <tbody>
                                <!--The two narrative elements can also be combined into a single paragraph -->
                                <tr>
                                    <td>Schedule an appointment with Dr Seven after 1 week for Follow up with Outpatient facility.</td>
                                    <td>July 29, 2015</td>
                                </tr>
                                <tr>
                                    <td>Medication: Tylenol 500mg</td>
                                    <td>As needed</td>
                                </tr>
                            </tbody>
                        </table>
                    </text>
                    <!--This is not required to be coded, this is shown as an example -->
                    <entry>
                        <!--encounter with moodCode indicating Intent -->
                        <encounter classCode="ENC" moodCode="INT">
                            <!--Planned Encounter (V2) templateId -->
                            <templateId extension="2014-06-09" root="2.16.840.1.113883.10.20.22.4.40"/>
                            <templateId root="2.16.840.1.113883.10.20.22.4.40"/>
                            <id root="1.3.6.1.42424242.4.99930.4.3.4"/>
                            <!--templateId and id are all that are required or specified in C-CDA R1.1; with C-CDA R2.0 the documentation changes quite a bit -->
                            <!--code from the Planned Encounter Type value set; 11429006 is reflective of the example data, but local policy and use may result in selection of a different code -->
                            <code code="11429006" codeSystem="2.16.840.1.113883.6.96" codeSystemName="SNOMED CT" displayName="consultation"/>
                            <!--statusCode added as per C-CDA R2.1 -db -->
                            <statusCode code="active"/>
                            <effectiveTime>
                                <!--represents latest time to go to appointment -db -->
                                <low value="20150729"/>
                            </effectiveTime>
                            <!--required for test data -db -->
                            <performer>
                                <assignedEntity>
                                    <id extension="2981823" root="2.16.840.1.113883.19.5.9999.456"/>
                                    <addr>
                                        <streetAddressLine>1002 Healthcare Dr</streetAddressLine>
                                        <city>Portland</city>
                                        <state>OR</state>
                                        <postalCode>97266</postalCode>
                                        <country>US</country>
                                    </addr>
                                    <telecom use="WP" value="tel:+1(555)-555-1002"/>
                                    <!--added specific Dr for inp -db -->
                                    <assignedPerson>
                                        <name>
                                            <prefix>Dr</prefix>
                                            <given>Henry</given>
                                            <family>Seven</family>
                                        </name>
                                    </assignedPerson>
                                    <representedOrganization>
                                        <id extension="99999999" root="2.16.840.1.113883.4.6"/>
                                        <name>Community Health and Hospitals</name>
                                        <telecom use="WP" value="tel:+1(555)-555-5000"/>
                                        <addr>
                                            <streetAddressLine>1002 Healthcare Dr</streetAddressLine>
                                            <city>Portland</city>
                                            <state>OR</state>
                                            <postalCode>97266</postalCode>
                                            <country>US</country>
                                        </addr>
                                    </representedOrganization>
                                </assignedEntity>
                            </performer>
                            <!--this references the indication (reason) for the planned encounter -->
                            <entryRelationship typeCode="RSON">
                                <observation classCode="OBS" moodCode="EVN">
                                    <!--PlannedEncounter (V2) -->
                                    <templateId extension="2014-06-09" root="2.16.840.1.113883.10.20.22.4.19"/>
                                    <templateId root="2.16.840.1.113883.10.20.22.4.19"/>
                                    <id root="1.3.6.1.4.1.42424242.4.12354.4.4.4.5.4"/>
                                    <code code="185349003" codeSystem="2.16.840.1.113883.6.96" codeSystemName="SNOMED CT" displayName="encounter for 'check-up' (procedure)"/>
                                    <text>Schedule an appointment with Dr Seven after 1 week for Follow up with Outpatient facility.</text>
                                    <statusCode code="completed"/>
                                    <effectiveTime>
                                        <low value="20150729"/>
                                    </effectiveTime>
                                </observation>
                            </entryRelationship>
                        </encounter>
                    </entry>
                    <!--Medications -db -->
                    <entry>
                        <!--Planned Medication Activity (V2)- -->
                        <substanceAdministration classCode="SBADM" moodCode="INT">
                            <templateId extension="2014-06-09" root="2.16.840.1.113883.10.20.22.4.42"/>
                            <!--added r1.1 templateId -db -->
                            <templateId root="2.16.840.1.113883.10.20.22.4.42"/>
                            <id root="cdbd33f0-6cde-11db-9fe1-0800200c9a66"/>
                            <text>In case of high fever, take Tylenol according to the following.</text>
                            <statusCode code="active"/>
                            <!--The effectiveTime in a planned medication activity 
                            represents the time that the medication activity should occur. -->
                            <effectiveTime value="20150722"/>
                            <!--added for inp -db -->
                            <routeCode code="C38288" codeSystem="2.16.840.1.113883.3.26.1.1" codeSystemName="NCI Thesaurus" displayName="ORAL"/>
                            <doseQuantity value="1"/>
                            <consumable>
                                <manufacturedProduct classCode="MANU">
                                    <!--Medication Information (V2) -->
                                    <templateId extension="2014-06-09" root="2.16.840.1.113883.10.20.22.4.23"/>
                                    <templateId root="2.16.840.1.113883.10.20.22.4.23"/>
                                    <manufacturedMaterial>
                                        <code code="209459" codeSystem="2.16.840.1.113883.6.88" codeSystemName="RxNorm" displayName="Tylenol 500mg"/>
                                    </manufacturedMaterial>
                                </manufacturedProduct>
                            </consumable>
                        </substanceAdministration>
                    </entry>
                </section>
            </component>
            <!--Added Goals - original version from C-CDA_R2_Care_Plan.xml from R2.0 IG package.
            There are no duplicated template Ids with extensions -
            as there is only one version in existence for each section and entry listed -db -->
            <!--********************************************************
            Goals
            ********************************************************
            -->
            <!--edited as per test doc -db -->
            <component>
                <section nullFlavor="NI">
                    <!--Goals Section -->
                    <templateId root="2.16.840.1.113883.10.20.22.2.60"/>
                    <code code="61146-7" codeSystem="2.16.840.1.113883.6.1" codeSystemName="LOINC" displayName="Goals"/>
                    <title>Goals Section</title>
                    <text>No goal information</text>
                </section>
            </component>
            <!--added Health Concerns -db -->
            <!--Note: There is no R1.1 version of Health Concerns Section or Health Concern Act -
            so there is only one templateId per section (they're NEW) -db -->
            <!--updated as per ETF	https://github.com/brettmarquard/HL7-C-CDA-Task-Force-Examples/blob/master/No_Known_Health_Concerns.xml 
            -db -->
            <!--********************************************************
            Health Concerns
            ********************************************************
            -->
            <!--edited as per test doc -db -->
            <component>
                <!--This example records assertion of no concerns -->
                <section>
                    <!--Health Concerns Section (V2) (V1 was added as a NEW template in R2.0, V2 was updated in R2.1) -db -->
                    <templateId extension="2015-08-01" root="2.16.840.1.113883.10.20.22.2.58"/>
                    <code code="75310-3" codeSystem="2.16.840.1.113883.6.1" codeSystemName="LOINC" displayName="Health Concerns Document"/>
                    <title>Health Concerns</title>
                    <!--Including ID at text element is allowed -->
                    <text ID="HealthConcern_1">No Known Health Concerns on 07/22/2015</text>
                    <entry typeCode="COMP">
                        <!--negationInd=true indicates no known health concerns at the stated time-->
                        <act classCode="ACT" moodCode="EVN" negationInd="true">
                            <!--There is no V1 version of this template -db -->
                            <templateId extension="2015-08-01" root="2.16.840.1.113883.10.20.22.4.132"/>
                            <id root="4eab0e52-dd7d-4285-99eb-72d32ddb195d"/>
                            <code code="75310-3" codeSystem="2.16.840.1.113883.6.1" codeSystemName="LOINC" displayName="Health Concern"/>
                            <text>
                                <reference value="#HealthConcern_1"/>
                            </text>
                            <!--This Health Concern has a statusCode of concern because assertion is ongoing -->
                            <statusCode code="active"/>
                            <!--The effective time is the date that the Health Concern started being followed - 
                            this does not necessarily correlate to the onset date of the contained health issues-->
                            <effectiveTime value="20150722"/>
                            <!--Time at which THIS ?concern? began being tracked.-->
                        </act>
                    </entry>
                </section>
            </component>
        </structuredBody>
    </component>
</ClinicalDocument>