<?xml version="1.0" encoding="UTF-8"?>
<ClinicalDocument xmlns="urn:hl7-org:v3" xmlns:cda="urn:hl7-org:v3" xmlns:sdtc="urn:hl7-org:sdtc" xmlns:xsi="http://www.w3.org/2001/XMLSchema-instance">
  <realmCode code="US" />
  <typeId root="2.16.840.1.113883.1.3" extension="POCD_HD000040" />
  <templateId root="2.16.840.1.113883.10.20.22.1.1" extension="2015-08-01" /><templateId root="2.16.840.1.113883.10.20.22.1.1" /><templateId root="2.16.840.1.113883.10.20.22.1.2" extension="2015-08-01" /><templateId root="2.16.840.1.113883.10.20.22.1.2" />
  <id root="2.16.840.1.113883.3.6454.132130.1" extension="1550-20170918143032-0500" />
  <code code="34133-9" codeSystem="2.16.840.1.113883.6.1" displayName="Summarization of episode note" />
  <title>Neighborhood Physicians Practice </title>
  <effectiveTime value="20170918143032-0500" />
  <confidentialityCode code="N" codeSystem="2.16.840.1.113883.5.25" />
  <languageCode code="en-US" />
   <recordTarget>
     <patientRole>
       <id root="2.16.840.1.113883.3.6454.132130.2" extension="1550" />
       <addr>
         
         <streetAddressLine>1357 AMBER DR</streetAddressLine>
         <city>BEAVERTON</city>
         <state>OR</state>
         <postalCode>97006</postalCode>
         <country>US</country>
       </addr>
       <telecom value="tel:+1-555-723-1544" use="HP" /><telecom value="tel:+1-555-777-1234" use="MC" />
       <patient>
         <name><given>JEREMY</given><given qualifier="IN">V</given><family>BATES</family><suffix>JR</suffix></name>
         <administrativeGenderCode code="M" codeSystem="2.16.840.1.113883.5.1" displayName="Male" />
         <birthTime value="19800801" />
         <maritalStatusCode nullFlavor="UNK" />
         <raceCode nullFlavor="UNK" /><sdtc:raceCode nullFlavor="UNK" />
         <ethnicGroupCode nullFlavor="UNK" />
         <languageCommunication><languageCode code="en" /><proficiencyLevelCode nullFlavor="NI" /></languageCommunication>
       </patient>
     </patientRole>
   </recordTarget>
   <author>
     <time value="20170918143032-0500" />
     <assignedAuthor>
       <id nullFlavor="NI" /><id root="2.16.840.1.113883.3.6454.132130.3" extension="adavis" />
       <code code="208D00000X" codeSystem="2.16.840.1.113883.6.101" displayName="General Practice" />
       
       <addr>
         
         <streetAddressLine>2472 Rocky Place</streetAddressLine>
         <city>BEAVERTON</city>
         <state>OR</state>
         <postalCode>97006</postalCode>
         <country>US</country>
       </addr>
       <telecom value="tel:+1-555-555-1002" use="WP" /><telecom value="fax:+1-402-341-3616" use="WP" />
       <assignedPerson classCode="PSN" determinerCode="INSTANCE">
         
         
         
         
         
         <name><prefix>Dr.</prefix><given>Albert</given><family>Davis</family></name>
       </assignedPerson>
     </assignedAuthor>
   </author>
   <custodian>
     <assignedCustodian>
       <representedCustodianOrganization>
         <id root="2.16.840.1.113883.3.6454.132130" extension="LX00000" />
         <name>Neighborhood Physicians Practice</name>
         <telecom value="tel:+1-555-555-1002" use="WP" />
         <addr>
           
           <streetAddressLine>2472 Rocky Place</streetAddressLine>
           <city>BEAVERTON</city>
           <state>OR</state>
           <postalCode>97006</postalCode>
           <country>US</country>
         </addr>
       </representedCustodianOrganization>
     </assignedCustodian>
   </custodian>
   <legalAuthenticator>
     <time value="20170918143032-0500" />
     <signatureCode code="S" />
     <assignedEntity classCode="ASSIGNED">
       <id nullFlavor="NI" /><id root="2.16.840.1.113883.3.6454.132130.3" extension="adavis" />
       <code code="208D00000X" codeSystem="2.16.840.1.113883.6.101" displayName="General Practice" />
       
       
       
       <addr>
         
         <streetAddressLine>2472 Rocky Place</streetAddressLine>
         <city>BEAVERTON</city>
         <state>OR</state>
         <postalCode>97006</postalCode>
         <country>US</country>
       </addr>
       <telecom value="tel:+1-555-555-1002" use="WP" />
       <assignedPerson classCode="PSN" determinerCode="INSTANCE">
         
         
         
         
         
         <name><prefix>Dr.</prefix><given>Albert</given><family>Davis</family></name>
       </assignedPerson>
     </assignedEntity>
   </legalAuthenticator>
   <documentationOf>
     <serviceEvent classCode="PCPR">
       
       <effectiveTime>
         
         
         
         
         <low value="19800801" />
         <high value="20170918" />
         
       </effectiveTime>
       <performer typeCode="PRF">
         <functionCode code="PCP" codeSystem="2.16.840.1.113883.5.88" displayName="Primary Care Provider" />
         <assignedEntity classCode="ASSIGNED">
           <id root="2.16.840.1.113883.3.6454.132130.3" extension="adavis" />
           <code code="208D00000X" codeSystem="2.16.840.1.113883.6.101" displayName="General Practice" />
           
           
           
           <addr>
             
             <streetAddressLine>2472 Rocky Place</streetAddressLine>
             <city>BEAVERTON</city>
             <state>OR</state>
             <postalCode>97006</postalCode>
             <country>US</country>
           </addr>
           <telecom value="tel:+1-555-555-1002" use="WP" /><telecom value="fax:+1-402-341-3616" use="WP" />
           <assignedPerson classCode="PSN" determinerCode="INSTANCE">
             
             
             
             
             
             <name><prefix>Dr.</prefix><given>Albert</given><family>Davis</family></name>
           </assignedPerson>
           <representedOrganization>
             <id root="2.16.840.1.113883.3.6454.132130" extension="LX00000" />
             <name>Neighborhood Physicians Practice</name>
             <telecom value="tel:+1-555-555-1002" use="WP" />
             <addr>
               
               <streetAddressLine>2472 Rocky Place</streetAddressLine>
               <city>BEAVERTON</city>
               <state>OR</state>
               <postalCode>97006</postalCode>
               <country>US</country>
             </addr>
           </representedOrganization>
         </assignedEntity>
       </performer>
       <performer typeCode="PRF">
         
         <assignedEntity classCode="ASSIGNED">
           <id root="2.16.840.1.113883.3.6454.132130.3" extension="tdavis" />
           <code code="246YC3302X" codeSystem="2.16.840.1.113883.6.101" displayName="Coding Specialist, Physician Office Based" />
           
           
           
           <addr>
             
             <streetAddressLine>2472 Rocky Place</streetAddressLine>
             <city>BEAVERTON</city>
             <state>OR</state>
             <postalCode>97006</postalCode>
             <country>US</country>
           </addr>
           <telecom value="tel:+1-555-555-1002" use="WP" /><telecom value="fax:+1-402-341-3616" use="WP" />
           <assignedPerson classCode="PSN" determinerCode="INSTANCE">
             
             
             
             
             
             <name><given>Tracy</given><family>Davis</family></name>
           </assignedPerson>
         </assignedEntity>
       </performer>
     </serviceEvent>
   </documentationOf>
   <component>
     <structuredBody>
       <component>
         <section nullFlavor="NI">
           <templateId root="2.16.840.1.113883.10.20.22.2.15" extension="2015-08-01" /><templateId root="2.16.840.1.113883.10.20.22.2.15" />
           <code code="10157-6" codeSystem="2.16.840.1.113883.6.1" displayName="History of family member diseases" />
           <title>Family History</title>
           <text>
           </text>
         </section>
       </component>
       <component>
         <section>
           <templateId root="2.16.840.1.113883.10.20.22.2.17" extension="2015-08-01" /><templateId root="2.16.840.1.113883.10.20.22.2.17" />
           <code code="29762-2" codeSystem="2.16.840.1.113883.6.1" displayName="Social history" />
           <title>Social History</title>
           <text>
             <table summary="Patient's social history, including tobacco, alcohol, and drug use, and occupational and educational factors">
               <thead>
                 <tr>
                   <th>Category</th>
                   <th>Finding</th>
                 </tr>
               </thead>
               <tbody>
                 <tr ID="social-history1">
                   <td>Tobacco smoking status<br/><content>LOINC: 72166-2</content></td>
                   <td>smoking status - Current every day smoker<br/><content>SNOMED-CT: 449868002</content></td>
                 </tr>
                 <tr ID="social-history2">
                   <td>Birth Sex<br/><content>LOINC: 76689-9</content></td>
                   <td>Male<br/><content>M</content></td>
                 </tr>
               </tbody>
             </table>
           </text>
           <entry>
             <observation classCode="OBS" moodCode="EVN">
               <templateId root="2.16.840.1.113883.10.20.22.4.78" extension="2014-06-09" /><templateId root="2.16.840.1.113883.10.20.22.4.78" />
               <id root="2.16.840.1.113883.3.6454.132130.10" extension="2017-09-0000389370" />
               <code code="72166-2" codeSystem="2.16.840.1.113883.6.1" displayName="Tobacco smoking status" />
               
               <statusCode code="completed" />
               <effectiveTime value="20150722" />
                 
                 
                 
                 
                 
                 
                 
               <value xsi:type="CD" code="449868002" codeSystem="2.16.840.1.113883.6.96" displayName="smoking status - Current every day smoker"><originalText><reference value="#social-history1" /></originalText></value>
               
               <author><templateId root="2.16.840.1.113883.10.20.22.4.119" /><time value="20170906201047-0500" /><assignedAuthor><id nullFlavor="NI" /></assignedAuthor></author>
             </observation>
           </entry>
           <entry>
             <observation classCode="OBS" moodCode="EVN">
               <templateId root="2.16.840.1.113883.10.20.22.4.200" extension="2016-06-01" />
               <id root="2.16.840.1.113883.3.6454.132130.10" extension="2017-09-0000389651" />
               <code code="76689-9" codeSystem="2.16.840.1.113883.6.1" displayName="Birth Sex" />
               
               <statusCode code="completed" />
               <effectiveTime value="20150722" />
                 
                 
                 
                 
                 
                 
                 
               <value xsi:type="CD" code="M" codeSystem="2.16.840.1.113883.5.1" displayName="Male"><originalText><reference value="#social-history2" /></originalText></value>
               
               <author><templateId root="2.16.840.1.113883.10.20.22.4.119" /><time value="20170906222102-0500" /><assignedAuthor><id nullFlavor="NI" /></assignedAuthor></author>
             </observation>
           </entry>
         </section>
       </component>
       <component>
         <section nullFlavor="NI">
           <templateId root="2.16.840.1.113883.10.20.22.2.14" extension="2014-06-09" /><templateId root="2.16.840.1.113883.10.20.22.2.14" />
           <code code="47420-5" codeSystem="2.16.840.1.113883.6.1" displayName="Functional status" />
           <title>Functional Status</title>
           <text>
           </text>
         </section>
       </component>
       <component>
         <section nullFlavor="NI">
           <templateId root="2.16.840.1.113883.10.20.22.2.56" extension="2015-08-01" /><templateId root="2.16.840.1.113883.10.20.22.2.56" />
           <code code="10190-7" codeSystem="2.16.840.1.113883.6.1" displayName="Mental status" />
           <title>Cognitive Status</title>
           <text>
           </text>
         </section>
       </component>
       <component>
         <section>
           <templateId root="2.16.840.1.113883.10.20.22.2.5.1" extension="2015-08-01" /><templateId root="2.16.840.1.113883.10.20.22.2.5.1" />
           <code code="11450-4" codeSystem="2.16.840.1.113883.6.1" displayName="Problem list" />
           <title>Problems</title>
           <text>
             <table summary="Patient's history of problems">
               <thead>
                 <tr>
                   <th>Diagnosis</th>
                   <th>Diagnosed</th>
                   <th>Resolved</th>
                   <th>Status</th>
                 </tr>
               </thead>
               <tbody>
                 <tr>
                   <td colspan="4">No known problems</td>
                 </tr>
               </tbody>
             </table>
           </text>
           <entry>
             <act classCode="ACT" moodCode="EVN">
               <templateId root="2.16.840.1.113883.10.20.22.4.3" extension="2015-08-01" /><templateId root="2.16.840.1.113883.10.20.22.4.3" />
               <id root="2.16.840.1.113883.3.6454.132130.10" extension="2017-09-0000390450" />
               <code code="CONC" codeSystem="2.16.840.1.113883.5.6" />
               
               <statusCode code="active" />
               <effectiveTime>
                 
                 
                 
                 
                 <low value="20150722" />
                 
                 
               </effectiveTime>
               <author><templateId root="2.16.840.1.113883.10.20.22.4.119" /><time value="20170908165220-0500" /><assignedAuthor><id nullFlavor="NI" /></assignedAuthor></author>
               <entryRelationship typeCode="SUBJ">
                 <observation classCode="OBS" moodCode="EVN" negationInd="true">
                   <templateId root="2.16.840.1.113883.10.20.22.4.4" extension="2015-08-01" /><templateId root="2.16.840.1.113883.10.20.22.4.4" />
                   <id root="2.16.840.1.113883.3.6454.132130.10" extension="2017-09-0000390450" />
                   <code code="64572001" codeSystem="2.16.840.1.113883.6.96" displayName="Condition"><translation code="75323-6" codeSystem="2.16.840.1.113883.6.1" displayName="Condition" /></code>
                   
                   <statusCode code="completed" />
                   <effectiveTime>
                     
                     
                     
                     
                     <low value="20150722" />
                     
                     
                   </effectiveTime>
                   <value xsi:type="CD" code="55607006" codeSystem="2.16.840.1.113883.6.96" displayName="Problem"><originalText>No known problems</originalText></value>
                   
                   
                 </observation>
               </entryRelationship>
             </act>
           </entry>
         </section>
       </component>
       <component>
         <section>
           <templateId root="2.16.840.1.113883.10.20.22.2.6.1" extension="2015-08-01" /><templateId root="2.16.840.1.113883.10.20.22.2.6.1" />
           <code code="48765-2" codeSystem="2.16.840.1.113883.6.1" displayName="Allergies, adverse reactions, alerts" />
           <title>Allergies</title>
           <text>
             <table summary="Patient's history of medication and substance allergies">
               <thead>
                 <tr>
                   <th>Allergen</th>
                   <th>Reaction</th>
                   <th>Severity</th>
                   <th>Date</th>
                   <th>Status</th>
                 </tr>
               </thead>
               <tbody>
                 <tr>
                   <td colspan="5">No known allergies</td>
                 </tr>
               </tbody>
             </table>
           </text>
           <entry>
             <act classCode="ACT" moodCode="EVN">
               <templateId root="2.16.840.1.113883.10.20.22.4.30" extension="2015-08-01" /><templateId root="2.16.840.1.113883.10.20.22.4.30" />
               <id root="2.16.840.1.113883.3.6454.132130.10" extension="2017-09-0000389313" />
               <code code="48765-2" codeSystem="2.16.840.1.113883.6.1" displayName="Allergies, adverse reactions, alerts" />
               <text><reference value="#allergy1" /></text>
               <statusCode code="active" />
               <effectiveTime>
                 
                 
                 
                 
                 <low nullFlavor="UNK" />
                 
                 
               </effectiveTime>
               <author><templateId root="2.16.840.1.113883.10.20.22.4.119" /><time value="20170914165912-0500" /><assignedAuthor><id nullFlavor="NI" /></assignedAuthor></author>
               <entryRelationship typeCode="SUBJ" inversionInd="false">
                 <observation classCode="OBS" moodCode="EVN" negationInd="true">
                   <templateId root="2.16.840.1.113883.10.20.22.4.7" extension="2014-06-09" /><templateId root="2.16.840.1.113883.10.20.22.4.7" />
                   <id root="2.16.840.1.113883.3.6454.132130.10" extension="2017-09-0000389313" />
                   <code code="ASSERTION" codeSystem="2.16.840.1.113883.5.4" />
                   
                   <statusCode code="completed" />
                   <effectiveTime>
                     
                     
                     
                     
                     <low nullFlavor="UNK" />
                     
                     
                   </effectiveTime>
                   <value xsi:type="CD" code="420134006" codeSystem="2.16.840.1.113883.6.96" displayName="Propensity to adverse reactions" />
                   
                   
                   <participant typeCode="CSM">
                     <participantRole classCode="MANU">
                       
                       
                       
                       
                       <playingEntity classCode="MMAT">
                         
                         <code nullFlavor="UNK" />
                         
                         
                         
                         
                       </playingEntity>
                     </participantRole>
                   </participant>
                 </observation>
               </entryRelationship>
             </act>
           </entry>
         </section>
       </component>
       <component>
         <section>
           <templateId root="2.16.840.1.113883.10.20.22.2.1.1" extension="2014-06-09" /><templateId root="2.16.840.1.113883.10.20.22.2.1.1" />
           <code code="10160-0" codeSystem="2.16.840.1.113883.6.1" displayName="History of medication use" />
           <title>Medications</title>
           <text>
             <table summary="Patient's history of medications and injections">
               <tbody>
                 <tr>
                   <td colspan="7">No known medications</td>
                 </tr>
               </tbody>
             </table>
           </text>
           <entry>
             <substanceAdministration classCode="SBADM" moodCode="EVN" negationInd="true">
               <templateId root="2.16.840.1.113883.10.20.22.4.16" extension="2014-06-09" /><templateId root="2.16.840.1.113883.10.20.22.4.16" />
               <id root="2.16.840.1.113883.3.6454.132130.10" extension="2017-09-0000389316" />
               
               <statusCode code="completed" />
               <effectiveTime xsi:type="IVL_TS">
                 
                 
                 
                 
                 <low nullFlavor="UNK" />
                 <high nullFlavor="UNK" />
                 
               </effectiveTime>
               
               <doseQuantity nullFlavor="UNK" />
               
               <consumable>
                 <manufacturedProduct classCode="MANU">
                   <templateId root="2.16.840.1.113883.10.20.22.4.23" extension="2014-06-09" /><templateId root="2.16.840.1.113883.10.20.22.4.23" />
                   
                   <manufacturedMaterial>
                     <code nullFlavor="OTH"><originalText>Takes no medications</originalText><translation code="410942007" displayName="Drug or medication" codeSystem="2.16.840.1.113883.6.96" /></code>
                     
                     
                   </manufacturedMaterial>
                 </manufacturedProduct>
               </consumable>
               <author><templateId root="2.16.840.1.113883.10.20.22.4.119" /><time value="20170914165935-0500" /><assignedAuthor><id nullFlavor="NI" /></assignedAuthor></author>
             </substanceAdministration>
           </entry>
         </section>
       </component>
       <component>
         <section nullFlavor="NI">
           <templateId root="2.16.840.1.113883.10.20.22.2.2.1" extension="2015-08-01" /><templateId root="2.16.840.1.113883.10.20.22.2.2.1" />
           <code code="11369-6" codeSystem="2.16.840.1.113883.6.1" displayName="History of immunizations" />
           <title>Immunizations</title>
           <text>
           </text>
         </section>
       </component>
       <component>
         <section>
           <templateId root="2.16.840.1.113883.10.20.22.2.4.1" extension="2015-08-01" /><templateId root="2.16.840.1.113883.10.20.22.2.4.1" />
           <code code="8716-3" codeSystem="2.16.840.1.113883.6.1" displayName="Vital signs" />
           <title>Vital Signs</title>
           <text>
             <table summary="Patient's history of vital signs">
               <thead>
                 <tr>
                   <th>Type</th>
                   <th>Value</th>
                   <th>Taken</th>
                 </tr>
               </thead>
               <tbody>
                 <tr>
                   <td colspan="3">Vitals taken 07/22/15 at 17:02</td>
                 </tr>
                 <tr ID="vital1">
                   <td>Height<br/><content>LOINC: 8302-2</content></td>
                   <td>177 cm</td>
                   <td>07/22/15 17:02</td>
                 </tr>
                 <tr ID="vital2">
                   <td>Body weight<br/><content>LOINC: 29463-7</content></td>
                   <td>88 kg</td>
                   <td>07/22/15 17:02</td>
                 </tr>
                 <tr ID="vital3">
                   <td>Body mass index<br/><content>LOINC: 39156-5</content></td>
                   <td>28 kg/m2</td>
                   <td>07/22/15 17:02</td>
                 </tr>
                 <tr>
                   <td>Blood Pressure<br/><content>LOINC: 8480-6; LOINC: 8462-4</content></td>
                   <td><content ID="vital4">145</content>/<content ID="vital5">88</content> mm[Hg]</td>
                   <td>07/22/15 17:02</td>
                 </tr>
               </tbody>
             </table>
           </text>
           <entry>
             <organizer classCode="CLUSTER" moodCode="EVN">
               <templateId root="2.16.840.1.113883.10.20.22.4.26" extension="2015-08-01" /><templateId root="2.16.840.1.113883.10.20.22.4.26" />
               <id root="2.16.840.1.113883.3.6454.132130.10" extension="2017-09-0000389339" />
               <code code="46680005" codeSystem="2.16.840.1.113883.6.96" displayName="Vital signs"><translation code="74728-7" codeSystem="2.16.840.1.113883.6.1" displayName="Vital signs, weight, height, head circumference, oximetry, BMI, AND BSA panel" /></code>
               <statusCode code="completed" />
               
               <effectiveTime value="20150722170200-0500" />
                 
                 
                 
                 
                 
                 
                 
               
               <component>
                 <observation classCode="OBS" moodCode="EVN">
                   <templateId root="2.16.840.1.113883.10.20.22.4.27" extension="2014-06-09" /><templateId root="2.16.840.1.113883.10.20.22.4.27" />
                   <id root="2.16.840.1.113883.3.6454.132130.10" extension="2017-09-0000389339-8302-2" />
                   <code code="8302-2" codeSystem="2.16.840.1.113883.6.1" displayName="Height" />
                   <text><reference value="#vital1" /></text>
                   <statusCode code="completed"/>
                   <effectiveTime value="20150722170200-0500" />
                     
                     
                     
                     
                     
                     
                     
                   <value xsi:type="PQ" value="177" unit="cm" />
                   
                   <author><templateId root="2.16.840.1.113883.10.20.22.4.119" /><time value="20170906170410-0500" /><assignedAuthor><id nullFlavor="NI" /></assignedAuthor></author>
                 </observation>
               </component>
               <component>
                 <observation classCode="OBS" moodCode="EVN">
                   <templateId root="2.16.840.1.113883.10.20.22.4.27" extension="2014-06-09" /><templateId root="2.16.840.1.113883.10.20.22.4.27" />
                   <id root="2.16.840.1.113883.3.6454.132130.10" extension="2017-09-0000389339-29463-7" />
                   <code code="29463-7" codeSystem="2.16.840.1.113883.6.1" displayName="Body weight" />
                   <text><reference value="#vital2" /></text>
                   <statusCode code="completed"/>
                   <effectiveTime value="20150722170200-0500" />
                     
                     
                     
                     
                     
                     
                     
                   <value xsi:type="PQ" value="88" unit="kg" />
                   
                   <author><templateId root="2.16.840.1.113883.10.20.22.4.119" /><time value="20170906170410-0500" /><assignedAuthor><id nullFlavor="NI" /></assignedAuthor></author>
                 </observation>
               </component>
               <component>
                 <observation classCode="OBS" moodCode="EVN">
                   <templateId root="2.16.840.1.113883.10.20.22.4.27" extension="2014-06-09" /><templateId root="2.16.840.1.113883.10.20.22.4.27" />
                   <id root="2.16.840.1.113883.3.6454.132130.10" extension="2017-09-0000389339-39156-5" />
                   <code code="39156-5" codeSystem="2.16.840.1.113883.6.1" displayName="Body mass index" />
                   <text><reference value="#vital3" /></text>
                   <statusCode code="completed"/>
                   <effectiveTime value="20150722170200-0500" />
                     
                     
                     
                     
                     
                     
                     
                   <value xsi:type="PQ" value="28" unit="kg/m2" />
                   
                   <author><templateId root="2.16.840.1.113883.10.20.22.4.119" /><time value="20170906170410-0500" /><assignedAuthor><id nullFlavor="NI" /></assignedAuthor></author>
                 </observation>
               </component>
               <component>
                 <observation classCode="OBS" moodCode="EVN">
                   <templateId root="2.16.840.1.113883.10.20.22.4.27" extension="2014-06-09" /><templateId root="2.16.840.1.113883.10.20.22.4.27" />
                   <id root="2.16.840.1.113883.3.6454.132130.10" extension="2017-09-0000389339-8480-6" />
                   <code code="8480-6" codeSystem="2.16.840.1.113883.6.1" displayName="BP Systolic" />
                   <text><reference value="#vital4" /></text>
                   <statusCode code="completed"/>
                   <effectiveTime value="20150722170200-0500" />
                     
                     
                     
                     
                     
                     
                     
                   <value xsi:type="PQ" value="145" unit="mm[Hg]" />
                   
                   <author><templateId root="2.16.840.1.113883.10.20.22.4.119" /><time value="20170906170410-0500" /><assignedAuthor><id nullFlavor="NI" /></assignedAuthor></author>
                 </observation>
               </component>
               <component>
                 <observation classCode="OBS" moodCode="EVN">
                   <templateId root="2.16.840.1.113883.10.20.22.4.27" extension="2014-06-09" /><templateId root="2.16.840.1.113883.10.20.22.4.27" />
                   <id root="2.16.840.1.113883.3.6454.132130.10" extension="2017-09-0000389339-8462-4" />
                   <code code="8462-4" codeSystem="2.16.840.1.113883.6.1" displayName="BP Diastolic" />
                   <text><reference value="#vital5" /></text>
                   <statusCode code="completed"/>
                   <effectiveTime value="20150722170200-0500" />
                     
                     
                     
                     
                     
                     
                     
                   <value xsi:type="PQ" value="88" unit="mm[Hg]" />
                   
                   <author><templateId root="2.16.840.1.113883.10.20.22.4.119" /><time value="20170906170410-0500" /><assignedAuthor><id nullFlavor="NI" /></assignedAuthor></author>
                 </observation>
               </component>
             </organizer>
           </entry>
         </section>
       </component>
       <component>
         <section nullFlavor="NI">
           <templateId root="2.16.840.1.113883.10.20.22.2.3.1" extension="2015-08-01" /><templateId root="2.16.840.1.113883.10.20.22.2.3.1" />
           <code code="30954-2" codeSystem="2.16.840.1.113883.6.1" displayName="Relevant diagnostic tests and/or laboratory data" />
           <title>Results</title>
           <text>
           </text>
         </section>
       </component>
       <component>
         <section nullFlavor="NI">
           <templateId root="2.16.840.1.113883.10.20.22.2.7.1" extension="2014-06-09" /><templateId root="2.16.840.1.113883.10.20.22.2.7.1" />
           <code code="47519-4" codeSystem="2.16.840.1.113883.6.1" displayName="History of Procedures" />
           <title>Procedures</title>
           <text>
           </text>
         </section>
       </component>
       <component>
         <section nullFlavor="NI">
           <templateId root="2.16.840.1.113883.10.20.22.2.23" extension="2014-06-09" /><templateId root="2.16.840.1.113883.10.20.22.2.23" />
           <code code="46264-8" codeSystem="2.16.840.1.113883.6.1" displayName="History of medical device use" />
           <title>Implanted Devices</title>
           <text>
           </text>
         </section>
       </component>
       <component>
         <section>
           <templateId root="2.16.840.1.113883.10.20.22.2.22.1" extension="2015-08-01" /><templateId root="2.16.840.1.113883.10.20.22.2.22.1" />
           <code code="46240-8" codeSystem="2.16.840.1.113883.6.1" displayName="History of Encounters" />
           <title>Encounters</title>
           <text>
             <table summary="Patient's history of encounters at this clinic">
               <tbody>
                 <tr>
                   <th ID="id1227697a">
                     Type
                   </th>
                   <td headers="id1227697a">Prev. Visit New 18-39 Yrs&#160;<br/><content>CPT-4: 99385</content></td>
                   <th ID="id1227697b">
                     Complaint
                   </th>
                   <td headers="id1227697b">&#160;</td>
                   <th ID="id1227697c">
                     Date
                   </th>
                   <td headers="id1227697c">07/22/15&#160;</td>
                 </tr>
                 <tr>
                   <th ID="id1227697d">
                       Location
                     </th>
                   <td headers="id1227697d">NEIGHBORHOOD PHYSICIANS PRACTICE</td>
                   <th rowspan="2" ID="id1227697f">
                       Contact
                     </th>
                   <td colspan="2" rowspan="2" headers="id1227697f"><paragraph/>555-555-1002</td>
                 </tr>
                 <tr>
                   <th ID="id1227697e">
                       Physician
                     </th>
                   <td headers="id1227697e">Dr. Albert Davis</td>
                 </tr>
                 <tr>
                   <th ID="id1227697g">
                       Problem
                       </th>
                   <td colspan="5" headers="id1227697g">
                     <content ID="problem1">Well male adult (finding)</content>
                     <br/>
                     <content>
                       SNOMED-CT: 102513008, ICD-9: V70.0
                     </content>
                   </td>
                 </tr>
               </tbody>
             </table>
           </text>
           <entry>
             <encounter classCode="ENC" moodCode="EVN">
               <templateId root="2.16.840.1.113883.10.20.22.4.49" extension="2015-08-01" /><templateId root="2.16.840.1.113883.10.20.22.4.49" />
               <id root="2.16.840.1.113883.3.6454.132130.7" extension="4740" />
               <code code="99385" codeSystem="2.16.840.1.113883.6.12" displayName="Prev. Visit New 18-39 Yrs" />
               
               
               <effectiveTime value="20150722" />
                 
                 
                 
                 
                 
                 
                 
               
               <performer typeCode="PRF">
                 
                 <assignedEntity classCode="ASSIGNED">
                   <id nullFlavor="UNK" />
                   
                   
                   
                   
                   
                   <assignedPerson classCode="PSN" determinerCode="INSTANCE">
                     
                     
                     
                     
                     
                     <name><prefix>Dr.</prefix><given>Albert</given><family>Davis</family></name>
                   </assignedPerson>
                 </assignedEntity>
               </performer>
               
               <participant typeCode="LOC">
                 <participantRole classCode="SDLOC">
                   <templateId root="2.16.840.1.113883.10.20.22.4.32" />
                   <id root="2.16.840.1.113883.3.6454.132130.4" extension="LX00001" />
                   <code nullFlavor="NI" />
                   <telecom value="tel:+1-555-555-1002" use="WP" />
                   <playingEntity classCode="PLC">
                     
                     
                     <name>NEIGHBORHOOD PHYSICIANS PRACTICE</name>
                     
                     
                     
                   </playingEntity>
                 </participantRole>
               </participant>
               <entryRelationship typeCode="SUBJ" inversionInd="false">
                 <act classCode="ACT" moodCode="EVN">
                   <templateId root="2.16.840.1.113883.10.20.22.4.80" extension="2015-08-01" /><templateId root="2.16.840.1.113883.10.20.22.4.80" />
                   <id root="2.16.840.1.113883.3.6454.132130.10" extension="4740-2017-09-0000390534" />
                   <code code="29308-4" codeSystem="2.16.840.1.113883.6.1" displayName="Encounter Diagnosis" />
                   
                   
                   
                   <entryRelationship typeCode="SUBJ" inversionInd="false">
                     <observation classCode="OBS" moodCode="EVN">
                       <templateId root="2.16.840.1.113883.10.20.22.4.4" extension="2015-08-01" /><templateId root="2.16.840.1.113883.10.20.22.4.4" />
                       <id root="2.16.840.1.113883.3.6454.132130.10" extension="2017-09-0000390534" />
                       <code code="64572001" codeSystem="2.16.840.1.113883.6.96" displayName="Condition"><translation code="75323-6" codeSystem="2.16.840.1.113883.6.1" displayName="Condition" /></code>
                       <text><reference value="#problem1" /></text>
                       <statusCode code="completed" />
                       <effectiveTime>
                         
                         
                         
                         
                         <low value="20150722" />
                         
                         
                       </effectiveTime>
                       <value xsi:type="CD" code="102513008" codeSystem="2.16.840.1.113883.6.96" displayName="Well male adult (finding)"><originalText>Well adult exam</originalText><translation code="V70.0" codeSystem="2.16.840.1.113883.6.103" displayName="Well adult exam" /></value>
                       
                       <author><templateId root="2.16.840.1.113883.10.20.22.4.119" /><time value="20170914163747-0500" /><assignedAuthor><id nullFlavor="NI" /></assignedAuthor></author>
                       <entryRelationship typeCode="REFR">
                         <observation classCode="OBS" moodCode="EVN">
                           <templateId root="2.16.840.1.113883.10.20.22.4.6" extension="2014-06-09" /><templateId root="2.16.840.1.113883.10.20.22.4.6" />
                           
                           <code code="33999-4" codeSystem="2.16.840.1.113883.6.1" displayName="Status" />
                           
                           <statusCode code="completed" />
                           <value xsi:type="CD" code="55561003" codeSystem="2.16.840.1.113883.6.96" displayName="Active" />
                           
                           
                         </observation>
                       </entryRelationship>
                     </observation>
                   </entryRelationship>
                 </act>
               </entryRelationship>
             </encounter>
           </entry>
         </section>
       </component>
       <component>
         <section>
           <templateId root="2.16.840.1.113883.10.20.22.2.8" />
           <code code="51848-0" codeSystem="2.16.840.1.113883.6.1" displayName="Assessments" />
           <title>Assessment</title>
           <text><table summary="Physician assessment for 07/22/2015"><tbody><tr><th scope="row">Service Date</th><td>07/22/2015</td></tr><tr><td colspan="2">The patient was found to be healthy and advised to follow his current routine of exercise, work, sleep and quality of life.</td></tr></tbody></table></text>
         </section>
       </component>
       <component>
         <section nullFlavor="NI">
           <templateId root="2.16.840.1.113883.10.20.22.2.58" extension="2015-08-01" /><templateId root="2.16.840.1.113883.10.20.22.2.58" />
           <code code="75310-3" codeSystem="2.16.840.1.113883.6.1" displayName="Health Concerns Document" />
           <title>Health Concerns</title>
           <text></text>
         </section>
       </component>
       <component>
         <section nullFlavor="NI">
           <templateId root="2.16.840.1.113883.10.20.22.2.60" />
           <code code="61146-7" codeSystem="2.16.840.1.113883.6.1" displayName="Goals" />
           <title>Goals</title>
           <text>
           </text>
         </section>
       </component>
       <component>
         <section nullFlavor="NI">
           <templateId root="2.16.840.1.113883.10.20.22.2.45" extension="2014-06-09" /><templateId root="2.16.840.1.113883.10.20.22.2.45" />
           <code code="69730-0" codeSystem="2.16.840.1.113883.6.1" displayName="Instructions" />
           <title>Instructions</title>
           <text>
           </text>
         </section>
       </component>
       <component>
         <section>
           <templateId root="2.16.840.1.113883.10.20.22.2.10" extension="2014-06-09" /><templateId root="2.16.840.1.113883.10.20.22.2.10" />
           <code code="18776-5" codeSystem="2.16.840.1.113883.6.1" displayName="Treatment plan" />
           <title>Plan of Care</title>
           <text>
             <table summary="Patient follow-ups and referrals">
               <tbody ID="plan-encounter1">
                 <tr>
                   <th ID="id1228147a">
                       Type
                     </th>
                   <td headers="id1228147a">Follow-up encounter<br/><content>SNOMED-CT: 390906007</content>&#160;</td>
                   <th ID="id1228147b">
                       Reason
                     </th>
                   <td headers="id1228147b">OV-Office Visit&#160;</td>
                   <th ID="id1228147h">
                       Schedule Date
                     </th>
                 </tr>
                 <tr>
                   <th ID="id1228147c">
                       Location
                     </th>
                   <td headers="id1228147c">NEIGHBORHOOD PHYSICIANS PRACTICE</td>
                   <th rowspan="2" ID="id1228147e">
                       Contact
                     </th>
                   <td rowspan="2" headers="id1228147e"><paragraph/>555-555-1002</td>
                   <td rowspan="2" headers="id1228147h">around 07/22/16&#160;</td>
                 </tr>
                 <tr>
                   <th ID="id1228147d">
                       Physician
                     </th>
                   <td headers="id1228147d"></td>
                 </tr>
                 <tr>
                   <th ID="id1228147f">
                       Urgency
                       </th>
                   <td headers="id1228147f"></td>
                   <th ID="id1228147g">
                       Problem
                       </th>
                   <td headers="id1228147g">
                     <br/>
                     <content>
                       
                     </content>
                   </td>
                   <th ID="id1228147i">
                       Order Date
                     </th>
                 </tr>
                 <tr>
                   <th ID="id1228147k">
                       Comment
                     </th>
                   <td colspan="3" headers="id1228147k"></td>
                   <td headers="id1228147i">07/22/15</td>
                 </tr>
               </tbody>
             </table>
           </text>
           <entry>
             <encounter classCode="ENC" moodCode="ARQ">
               <templateId root="2.16.840.1.113883.10.20.22.4.40" extension="2014-06-09" /><templateId root="2.16.840.1.113883.10.20.22.4.40" />
               <id root="2.16.840.1.113883.3.6454.132130.7" extension="3" />
               <code code="390906007" codeSystem="2.16.840.1.113883.6.96" displayName="Follow-up encounter"><originalText>OV-Office Visit</originalText></code>
               <text><reference value="#plan-encounter1" /></text>
               <statusCode code="active" />
               <effectiveTime>
                 
                 
                 
                 
                 
                 
                 <center value="20160722" />
               </effectiveTime>
               
               <author><templateId root="2.16.840.1.113883.10.20.22.4.119" /><time value="20170906173930-0500" /><assignedAuthor><id nullFlavor="NI" /></assignedAuthor></author>
               <participant typeCode="LOC">
                 <participantRole classCode="SDLOC">
                   <templateId root="2.16.840.1.113883.10.20.22.4.32" />
                   <id root="2.16.840.1.113883.3.6454.132130.4" extension="LX00001" />
                   <code nullFlavor="NI" />
                   <telecom value="tel:+1-555-555-1002" use="WP" />
                   <playingEntity classCode="PLC">
                     
                     
                     <name>NEIGHBORHOOD PHYSICIANS PRACTICE</name>
                     
                     
                     
                   </playingEntity>
                 </participantRole>
               </participant>
               <entryRelationship typeCode="REFR" inversionInd="false">
                 <encounter classCode="ENC" moodCode="EVN">
                   <templateId root="2.16.840.1.113883.10.20.22.4.49" extension="2015-08-01" /><templateId root="2.16.840.1.113883.10.20.22.4.49" />
                   <id root="2.16.840.1.113883.3.6454.132130.7" extension="4740" />
                   <code code="99385" codeSystem="2.16.840.1.113883.6.12" displayName="Prev. Visit New 18-39 Yrs" />
                   
                   
                   <effectiveTime value="20150722" />
                     
                     
                     
                     
                     
                     
                     
                   
                   <performer typeCode="PRF">
                     
                     <assignedEntity classCode="ASSIGNED">
                       <id nullFlavor="UNK" />
                       
                       
                       
                       
                       
                       <assignedPerson classCode="PSN" determinerCode="INSTANCE">
                         
                         
                         
                         
                         
                         <name><prefix>Dr.</prefix><given>Albert</given><family>Davis</family></name>
                       </assignedPerson>
                     </assignedEntity>
                   </performer>
                   
                   <participant typeCode="LOC">
                     <participantRole classCode="SDLOC">
                       <templateId root="2.16.840.1.113883.10.20.22.4.32" />
                       <id root="2.16.840.1.113883.3.6454.132130.4" extension="LX00001" />
                       <code nullFlavor="NI" />
                       <telecom value="tel:+1-555-555-1002" use="WP" />
                       <playingEntity classCode="PLC">
                         
                         
                         <name>NEIGHBORHOOD PHYSICIANS PRACTICE</name>
                         
                         
                         
                       </playingEntity>
                     </participantRole>
                   </participant>
                   <entryRelationship typeCode="SUBJ" inversionInd="false">
                     <act classCode="ACT" moodCode="EVN">
                       <templateId root="2.16.840.1.113883.10.20.22.4.80" extension="2015-08-01" /><templateId root="2.16.840.1.113883.10.20.22.4.80" />
                       <id root="2.16.840.1.113883.3.6454.132130.10" extension="4740-2017-09-0000390534" />
                       <code code="29308-4" codeSystem="2.16.840.1.113883.6.1" displayName="Encounter Diagnosis" />
                       
                       
                       
                       <entryRelationship typeCode="SUBJ" inversionInd="false">
                         <observation classCode="OBS" moodCode="EVN">
                           <templateId root="2.16.840.1.113883.10.20.22.4.4" extension="2015-08-01" /><templateId root="2.16.840.1.113883.10.20.22.4.4" />
                           <id root="2.16.840.1.113883.3.6454.132130.10" extension="2017-09-0000390534" />
                           <code code="64572001" codeSystem="2.16.840.1.113883.6.96" displayName="Condition"><translation code="75323-6" codeSystem="2.16.840.1.113883.6.1" displayName="Condition" /></code>
                           
                           <statusCode code="completed" />
                           <effectiveTime>
                             
                             
                             
                             
                             <low value="20150722" />
                             
                             
                           </effectiveTime>
                           <value xsi:type="CD" code="102513008" codeSystem="2.16.840.1.113883.6.96" displayName="Well male adult (finding)"><originalText>Well adult exam</originalText><translation code="V70.0" codeSystem="2.16.840.1.113883.6.103" displayName="Well adult exam" /></value>
                           
                           <author><templateId root="2.16.840.1.113883.10.20.22.4.119" /><time value="20170914163747-0500" /><assignedAuthor><id nullFlavor="NI" /></assignedAuthor></author>
                           <entryRelationship typeCode="REFR">
                             <observation classCode="OBS" moodCode="EVN">
                               <templateId root="2.16.840.1.113883.10.20.22.4.6" extension="2014-06-09" /><templateId root="2.16.840.1.113883.10.20.22.4.6" />
                               
                               <code code="33999-4" codeSystem="2.16.840.1.113883.6.1" displayName="Status" />
                               
                               <statusCode code="completed" />
                               <value xsi:type="CD" code="55561003" codeSystem="2.16.840.1.113883.6.96" displayName="Active" />
                               
                               
                             </observation>
                           </entryRelationship>
                         </observation>
                       </entryRelationship>
                     </act>
                   </entryRelationship>
                 </encounter>
               </entryRelationship>
             </encounter>
           </entry>
         </section>
       </component>
     </structuredBody>
   </component>
</ClinicalDocument>
