<?xml version="1.0" encoding="UTF-8"?>
<ClinicalDocument xmlns:xsi="http://www.w3.org/2001/XMLSchema-instance" xmlns="urn:hl7-org:v3" xmlns:sdtc="urn:hl7-org:sdtc" xmlns:voc="urn:hl7-org:v3/voc" xsi:schemaLocation="urn:hl7-org:v3 CDA.xsd">
  <realmCode code="US"/>
  <typeId root="2.16.840.1.113883.1.3" extension="POCD_HD000040"/>
  <templateId root="2.16.840.1.113883.10.20.22.1.1" extension="2015-08-01"/>
  <templateId root="2.16.840.1.113883.10.20.22.1.2" extension="2015-08-01"/>
  <id root="2.16.840.1.113883.3.1579.7277837785.1.100" extension="0aab57af-c43a-4312-b4fd-54f287877cd7" assigningAuthorityName="HMS DOCUMENT ID"/>
  <code code="34133-9" codeSystem="2.16.840.1.113883.6.1" codeSystemName="LOINC" displayName="Summarization of Episode Note"/>
  <title>Continuity of Care Document</title>
  <effectiveTime value="20161214195812+0000"/>
  <confidentialityCode code="N" codeSystem="2.16.840.1.113883.5.25"/>
  <languageCode code="en-US"/>
  <setId root="2.16.840.1.113883.3.1579.7277837785.1.101" extension="1.38159.2222470.00010101.20161214.CCD" assigningAuthorityName="HMS SET ID"/>
  <versionNumber value="1"/>
  <recordTarget>
    <patientRole>
      <id root="2.16.840.1.113883.3.1579.7277837785.1.200" extension="38159" assigningAuthorityName="HMS MRN"/>
      <id root="2.16.840.1.113883.3.1579.7277837785.1.300" extension="2222470" assigningAuthorityName="HMS PATIENT ACCOUNT NUMBER"/>
      <addr use="HP"><streetAddressLine>1357 AMBER DR</streetAddressLine><city>BEAVERTON</city><state>OR</state><postalCode>97006</postalCode></addr>
      <telecom value="tel:(555)723-1544" use="HP"/>
      <patient>
        <name use="L"><given>JEREMY</given><family>NEWCOMB</family><given>V</given></name>
        <name use="P SRCH"><given qualifier="BR">JEREMY</given><family>BATES</family><given>V</given></name>
        <name use="P SRCH"><given>JEREMY</given><family>BATES</family><given>V</given></name>
        <administrativeGenderCode code="M" codeSystem="2.16.840.1.113883.5.1" codeSystemName="Administrative Gender" displayName="Male"/>
        <birthTime value="19800801"/>
        <raceCode nullFlavor="ASKU"/>
        <ethnicGroupCode nullFlavor="NAV"/>
        <languageCommunication>
          <languageCode code="en"/>
          <preferenceInd value="true"/>
        </languageCommunication>
      </patient>
    </patientRole>
  </recordTarget>
  <author>
    <time value="20161214195812+0000"/>
    <assignedAuthor>
      <id root="2.16.840.1.113883.4.6" extension="1679502322" assigningAuthorityName="National Provider ID (NPI)"/>
      <code code="261QE0002X" codeSystem="2.16.840.1.113883.6.101" codeSystemName="NUCC Health Care Provider Taxonomy" displayName="Emergency Care"/>
      <addr use="WP"><streetAddressLine>6550 CAROTHERS PKWY</streetAddressLine><city>FRANKLIN</city><state>TN</state><postalCode>370670000</postalCode></addr>
      <telecom value="tel:(217)465-4141" use="WP"/>
      <assignedPerson>
        <name>MU CERTIFY HOSPITAL</name>
      </assignedPerson>
    </assignedAuthor>
  </author>
  <custodian>
    <assignedCustodian>
      <representedCustodianOrganization>
        <id root="2.16.840.1.113883.3.1579.7277837785.1.500" extension="001" assigningAuthorityName="HMS HOSPITAL NUMBER"/>
        <name>MU CERTIFY HOSPITAL</name>
        <telecom value="tel:(217)465-4141" use="WP"/>
        <addr use="WP"><streetAddressLine>6550 CAROTHERS PKWY</streetAddressLine><city>FRANKLIN</city><state>TN</state><postalCode>370670000</postalCode></addr>
      </representedCustodianOrganization>
    </assignedCustodian>
  </custodian>
  <documentationOf>
    <serviceEvent classCode="PCPR">
      <code displayName="CAREGIVER ANNUAL HEALTH CHECK"/>
      <effectiveTime>
        <low value="20161209173600+0000"/>
        <high value="20161214195812+0000"/>
      </effectiveTime>
      <performer typeCode="PRF">
        <functionCode code="ADMPHYS" codeSystem="2.16.840.1.113883.5.88" codeSystemName="ParticipationFunction" displayName="Admitting"/>
        <assignedEntity classCode="ASSIGNED">
          <id root="2.16.840.1.113883.4.6" extension="8475638910"/>
          <code code="208D00000X" codeSystem="2.16.840.1.113883.6.101" codeSystemName="NUCC Health Care Provider Taxonomy" displayName="General Practice"/>
          <addr><streetAddressLine>123 MAIN STREET</streetAddressLine><city>NASHVILLE</city><state>TN</state><postalCode>37204</postalCode></addr>
          <telecom nullFlavor="NAV"/>
          <assignedPerson>
            <name><given>ALBERT</given><family>DAVIS</family></name>
          </assignedPerson>
        </assignedEntity>
      </performer>
      <performer typeCode="PRF">
        <functionCode code="ATTPHYS" codeSystem="2.16.840.1.113883.5.88" codeSystemName="ParticipationFunction" displayName="Primary Attending"/>
        <assignedEntity classCode="ASSIGNED">
          <id root="2.16.840.1.113883.4.6" extension="8475638910"/>
          <code code="208D00000X" codeSystem="2.16.840.1.113883.6.101" codeSystemName="NUCC Health Care Provider Taxonomy" displayName="General Practice"/>
          <addr><streetAddressLine>123 MAIN STREET</streetAddressLine><city>NASHVILLE</city><state>TN</state><postalCode>37204</postalCode></addr>
          <telecom nullFlavor="NAV"/>
          <assignedPerson>
            <name><given>ALBERT</given><family>DAVIS</family></name>
          </assignedPerson>
        </assignedEntity>
      </performer>
      <performer typeCode="PRF">
        <functionCode nullFlavor="UNK"/>
        <assignedEntity classCode="ASSIGNED">
          <id root="2.16.840.1.113883.4.6" extension="8475638910"/>
          <code code="208D00000X" codeSystem="2.16.840.1.113883.6.101" codeSystemName="NUCC Health Care Provider Taxonomy" displayName="General Practice"/>
          <addr><streetAddressLine>123 MAIN STREET</streetAddressLine><city>NASHVILLE</city><state>TN</state><postalCode>37204</postalCode></addr>
          <telecom nullFlavor="NAV"/>
          <assignedPerson>
            <name><given>ALBERT</given><family>DAVIS</family></name>
          </assignedPerson>
        </assignedEntity>
      </performer>
      <performer typeCode="PRF">
        <functionCode code="PCP" codeSystem="2.16.840.1.113883.5.88" codeSystemName="ParticipationFunction" displayName="Primary Care"/>
        <assignedEntity classCode="ASSIGNED">
          <id root="2.16.840.1.113883.4.6" extension="123123123"/>
          <code code="208D00000X" codeSystem="2.16.840.1.113883.6.101" codeSystemName="NUCC Health Care Provider Taxonomy" displayName="General Practice"/>
          <addr><streetAddressLine>1002 HEALTHCARE DRIVE</streetAddressLine><city>PORTLAND</city><state>OR</state><postalCode>97266</postalCode></addr>
          <telecom value="tel:(555)555-1002" use="WP"/>
          <assignedPerson>
            <name><given>SEVEN</given><family>HENRY</family></name>
          </assignedPerson>
        </assignedEntity>
      </performer>
    </serviceEvent>
  </documentationOf>
  <componentOf>
    <encompassingEncounter>
      <id root="2.16.840.1.113883.3.1579.7277837785.1.300" extension="2222470" assigningAuthorityName="HMS PATIENT ACCOUNT NUMBER"/>
      <effectiveTime>
        <low value="20161209173600+0000"/>
        <high value="20161209173600+0000"/>
      </effectiveTime>
      <dischargeDispositionCode code="0" codeSystem="2.16.840.1.113883.12.112" codeSystemName="HL7 Discharge Disposition"/>
    </encompassingEncounter>
  </componentOf>
  <component>
    <structuredBody>
      <component>
        <section>
          <templateId root="2.16.840.1.113883.10.20.22.2.6.1" extension="2015-08-01"/>
          <templateId root="2.16.840.1.113883.10.20.22.2.6.1"/>
          <code code="48765-2" codeSystem="2.16.840.1.113883.6.1" codeSystemName="LOINC" displayName="Allergies and adverse reactions Document"/>
          <title>ALLERGIES AND ADVERSE REACTIONS</title>
          <text><table border="1" width="100%"><caption>ALLERGIES AND ADVERSE REACTIONS</caption><thead><tr><th>Code</th><th>System</th><th>Allergy Substance</th><th>Adverse Reaction Date</th><th>Reaction (Severity)</th><th>Comment</th><th>Status</th><th>Reported By</th><th>Entered By</th></tr></thead><tbody><tr><td colspan="9">No Known Allergies.</td></tr></tbody></table></text>
          <entry typeCode="DRIV">
            <act classCode="ACT" moodCode="EVN">
              <templateId root="2.16.840.1.113883.10.20.22.4.30" extension="2015-08-01"/>
              <templateId root="2.16.840.1.113883.10.20.22.4.30"/>
              <id root="1f7361ca-b1ab-4e50-bc3d-0d39e77511a5"/>
              <code code="CONC" codeSystem="2.16.840.1.113883.5.6" codeSystemName="HL7 Act Class" displayName="Problem Concern"/>
              <statusCode code="active"/>
              <effectiveTime>
                <low nullFlavor="UNK"/>
                <high nullFlavor="UNK"/>
              </effectiveTime>
              <entryRelationship typeCode="SUBJ" negationInd="true">
                <observation classCode="OBS" moodCode="EVN">
                  <templateId root="2.16.840.1.113883.10.20.22.4.7" extension="2014-06-09"/>
                  <templateId root="2.16.840.1.113883.10.20.22.4.7"/>
                  <id root="e2d27f12-2145-4b1f-8621-1ef7f12c7665"/>
                  <code code="ASSERTION" codeSystem="2.16.840.1.113883.5.4" codeSystemName="ActCode" displayName="Alert Observation"/>
                  <statusCode code="completed"/>
                  <effectiveTime nullFlavor="NA"/>
                  <value xsi:type="CD" code="419199007" codeSystem="2.16.840.1.113883.6.96" codeSystemName="SNOMED CT" displayName="Allergy to substance"/>
                  <participant typeCode="CSM">
                    <participantRole classCode="MANU">
                      <playingEntity classCode="MMAT">
                        <code nullFlavor="NA"/>
                      </playingEntity>
                    </participantRole>
                  </participant>
                </observation>
              </entryRelationship>
            </act>
          </entry>
        </section>
      </component>
      <component>
        <section nullFlavor="NI">
          <templateId root="2.16.840.1.113883.10.20.22.2.8"/>
          <code code="51848-0" codeSystem="2.16.840.1.113883.6.1" codeSystemName="LOINC" displayName="ASSESSMENTS"/>
          <title>ASSESSMENTS</title>
          <text><content styleCode="Bold">No Information Available</content></text>
        </section>
      </component>
      <component>
        <section>
          <templateId root="2.16.840.1.113883.10.20.22.2.15" extension="2015-08-01"/>
          <templateId root="2.16.840.1.113883.10.20.22.2.15"/>
          <code code="10157-6" codeSystem="2.16.840.1.113883.6.1" codeSystemName="LOINC" displayName="FAMILY HISTORY"/>
          <title>FAMILY HISTORY</title>
          <text><table border="1" width="100%"><caption>FAMILY HISTORY</caption><tbody><tr><th colspan="3" align="left">RELATION: Father</th></tr><tr><td colspan="3" align="left"> Status: LIVING </td></tr><tr><th>SNOMED-CT</th><th>Diagnosis</th><th>Age At Onset</th></tr><tr><td colspan="3">Information not available</td></tr><tr><th colspan="3" align="left">RELATION: Mother</th></tr><tr><td colspan="3" align="left"> Status: LIVING </td></tr><tr><th>SNOMED-CT</th><th>Diagnosis</th><th>Age At Onset</th></tr><tr><td>13644009</td><td>Hypercholesterolemia</td><td>55</td></tr></tbody></table></text>
          <entry typeCode="DRIV">
            <organizer classCode="CLUSTER" moodCode="EVN">
              <templateId root="2.16.840.1.113883.10.20.22.4.45" extension="2015-08-01"/>
              <templateId root="2.16.840.1.113883.10.20.22.4.45"/>
              <id root="ec34c096-2800-4311-90a6-9590e8e3219d"/>
              <statusCode code="completed"/>
              <subject>
                <relatedSubject classCode="PRS">
                  <code code="FTH" codeSystem="2.16.840.1.113883.5.111" codeSystemName="RoleCode" displayName="Father"/>
                  <subject>
                    <administrativeGenderCode code="M" codeSystem="2.16.840.1.113883.5.1" codeSystemName="Administrative Gender" displayName="MALE"/>
                    <birthTime value="1946"/>
                    <sdtc:deceasedInd value="false"/>
                  </subject>
                </relatedSubject>
              </subject>
              <component>
                <observation classCode="OBS" moodCode="EVN">
                  <templateId root="2.16.840.1.113883.10.20.22.4.46" extension="2015-08-01"/>
                  <id root="3d43f69f-1330-4457-ad94-3eec71aa42b3"/>
                  <code code="64572001" codeSystem="2.16.840.1.113883.6.96" codeSystemName="SNOMED CT" displayName="Condition">
                    <translation code="75323-6" codeSystem="2.16.840.1.113883.6.1" codeSystemName="LOINC" displayName="Condition"/>
                  </code>
                  <statusCode code="completed"/>
                  <effectiveTime value="20161213014554+0000"/>
                  <value xsi:type="CD" nullFlavor="NA"/>
                </observation>
              </component>
            </organizer>
          </entry>
          <entry typeCode="DRIV">
            <organizer classCode="CLUSTER" moodCode="EVN">
              <templateId root="2.16.840.1.113883.10.20.22.4.45" extension="2015-08-01"/>
              <templateId root="2.16.840.1.113883.10.20.22.4.45"/>
              <id root="e55e2de0-e01b-4a98-a1f0-485ec43862d5"/>
              <statusCode code="completed"/>
              <subject>
                <relatedSubject classCode="PRS">
                  <code code="MTH" codeSystem="2.16.840.1.113883.5.111" codeSystemName="RoleCode" displayName="Mother"/>
                  <subject>
                    <administrativeGenderCode code="F" codeSystem="2.16.840.1.113883.5.1" codeSystemName="Administrative Gender" displayName="FEMALE"/>
                    <birthTime value="1951"/>
                    <sdtc:deceasedInd value="false"/>
                  </subject>
                </relatedSubject>
              </subject>
              <component>
                <observation classCode="OBS" moodCode="EVN">
                  <templateId root="2.16.840.1.113883.10.20.22.4.46" extension="2015-08-01"/>
                  <id root="37a22d6c-58c0-458a-9359-be190d3a09f8"/>
                  <code code="64572001" codeSystem="2.16.840.1.113883.6.96" codeSystemName="SNOMED CT" displayName="Condition">
                    <translation code="75323-6" codeSystem="2.16.840.1.113883.6.1" codeSystemName="LOINC" displayName="Condition"/>
                  </code>
                  <statusCode code="completed"/>
                  <effectiveTime value="20161213014625+0000"/>
                  <value xsi:type="CD" code="13644009" codeSystem="2.16.840.1.113883.6.96" codeSystemName="SNOMED CT" displayName="Hypercholesterolemia"/>
                  <entryRelationship typeCode="SUBJ" inversionInd="true">
                    <observation classCode="OBS" moodCode="EVN">
                      <templateId root="2.16.840.1.113883.10.20.22.4.31"/>
                      <code code="445518008" codeSystem="2.16.840.1.113883.6.96" codeSystemName="SNOMED CT" displayName="Age at Onset"/>
                      <statusCode code="completed"/>
                      <value xsi:type="PQ" value="55.0" unit="a"/>
                    </observation>
                  </entryRelationship>
                </observation>
              </component>
            </organizer>
          </entry>
        </section>
      </component>
      <component>
        <section>
          <templateId root="2.16.840.1.113883.10.20.22.2.14" extension="2014-06-09"/>
          <code code="47420-5" codeSystem="2.16.840.1.113883.6.1" codeSystemName="LOINC" displayName="FUNCTIONAL STATUS"/>
          <title>FUNCTIONAL STATUS</title>
          <text><table border="1" width="100%"><caption>FUNCTIONAL STATUS</caption><tbody><tr><td align="left" colspan="5">Section: Feeding Ability<br/>Comments: </td></tr></tbody><tbody><tr align="center"><td>Description</td><td>SNOMED_CT</td><td>Yes/No</td><td>Comments</td><td>Entered On</td></tr></tbody><tbody><tr><td>Independent feeding</td><td>165224005</td><td>Yes</td><td/><td>December 13, 2016 1:41:33 AM UTC</td></tr></tbody><tbody><tr><td align="left" colspan="5">Section: Bathing<br/>Comments: </td></tr></tbody><tbody><tr align="center"><td>Description</td><td>SNOMED_CT</td><td>Yes/No</td><td>Comments</td><td>Entered On</td></tr></tbody><tbody><tr><td>Independent bathing</td><td>129041007</td><td>Yes</td><td/><td>December 13, 2016 1:41:33 AM UTC</td></tr></tbody><tbody><tr><td align="left" colspan="5">Section: Grooming<br/>Comments: </td></tr></tbody><tbody><tr align="center"><td>Description</td><td>SNOMED_CT</td><td>Yes/No</td><td>Comments</td><td>Entered On</td></tr></tbody><tbody><tr><td>Independent for grooming</td><td>165227003</td><td>Yes</td><td/><td>December 13, 2016 1:41:33 AM UTC</td></tr></tbody><tbody><tr><td align="left" colspan="5">Section: Dressing Activities<br/>Comments: </td></tr></tbody><tbody><tr align="center"><td>Description</td><td>SNOMED_CT</td><td>Yes/No</td><td>Comments</td><td>Entered On</td></tr></tbody><tbody><tr><td>Able to perform dressing activity</td><td>284968001</td><td>Yes</td><td/><td>December 13, 2016 1:41:33 AM UTC</td></tr></tbody><tbody><tr><td align="left" colspan="5">Section: Bowel Continence Status<br/>Comments: </td></tr></tbody><tbody><tr align="center"><td>Description</td><td>SNOMED_CT</td><td>Yes/No</td><td>Comments</td><td>Entered On</td></tr></tbody><tbody><tr><td>Bowels: fully continent</td><td>24029004</td><td>Yes</td><td/><td>December 13, 2016 1:41:33 AM UTC</td></tr></tbody><tbody><tr><td align="left" colspan="5">Section: Urinary Continence Status<br/>Comments: </td></tr></tbody><tbody><tr align="center"><td>Description</td><td>SNOMED_CT</td><td>Yes/No</td><td>Comments</td><td>Entered On</td></tr></tbody><tbody><tr><td>Continent of urine</td><td>45850009</td><td>Yes</td><td/><td>December 13, 2016 1:41:33 AM UTC</td></tr></tbody><tbody><tr><td align="left" colspan="5">Section: Toileting Activities<br/>Comments: </td></tr></tbody><tbody><tr align="center"><td>Description</td><td>SNOMED_CT</td><td>Yes/No</td><td>Comments</td><td>Entered On</td></tr></tbody><tbody><tr><td>Independent in toilet</td><td>129062008</td><td>Yes</td><td/><td>December 13, 2016 1:41:33 AM UTC</td></tr></tbody><tbody><tr><td align="left" colspan="5">Section: Able to mobilize independently<br/>Comments: </td></tr></tbody><tbody><tr align="center"><td>Description</td><td>SNOMED_CT</td><td>Yes/No</td><td>Comments</td><td>Entered On</td></tr></tbody><tbody><tr><td>Able to get on and off furniture</td><td>301637000</td><td>Yes</td><td/><td>December 13, 2016 1:41:33 AM UTC</td></tr><tr><td>Able to manage steps and stairs</td><td>301582007</td><td>Yes</td><td/><td>December 13, 2016 1:41:33 AM UTC</td></tr><tr><td>Able to mobilize indoors</td><td>301497008</td><td>Yes</td><td/><td>December 13, 2016 1:41:33 AM UTC</td></tr><tr><td>Able to mobilize outside</td><td>301563003</td><td>Yes</td><td/><td>December 13, 2016 1:41:33 AM UTC</td></tr><tr><td>Able to negotiate obstacles</td><td>301473004</td><td>Yes</td><td/><td>December 13, 2016 1:41:33 AM UTC</td></tr><tr><td>Able to use escalator</td><td>301631004</td><td>Yes</td><td/><td>December 13, 2016 1:41:33 AM UTC</td></tr></tbody><tbody><tr><td align="left" colspan="5">Section: Mobilizes using mobility aids<br/>Comments: </td></tr></tbody><tbody><tr align="center"><td>Description</td><td>SNOMED_CT</td><td>Yes/No</td><td>Comments</td><td>Entered On</td></tr></tbody><tbody><tr><td>Cane</td><td>87405001</td><td>Yes</td><td/><td>December 13, 2016 1:41:33 AM UTC</td></tr></tbody><tbody><tr><td align="left" colspan="5">Section: Reduced mobility<br/>Comments: </td></tr></tbody><tbody><tr align="center"><td>Description</td><td>SNOMED_CT</td><td>Yes/No</td><td>Comments</td><td>Entered On</td></tr></tbody><tbody><tr><td>Mobile outside with aid</td><td>160681005</td><td>Yes</td><td/><td>December 13, 2016 1:41:33 AM UTC</td></tr></tbody><tbody><tr><td align="left" colspan="5">Section: Functional Mental Status<br/>Comments: </td></tr></tbody><tbody><tr align="center"><td>Description</td><td>SNOMED_CT</td><td>Yes/No</td><td>Comments</td><td>Entered On</td></tr></tbody><tbody><tr><td>Normal cognition</td><td>449888003</td><td>Yes</td><td/><td>December 13, 2016 1:41:33 AM UTC</td></tr></tbody></table></text>
          <entry>
            <observation classCode="OBS" moodCode="EVN">
              <templateId root="2.16.840.1.113883.10.20.22.4.67" extension="2014-06-09"/>
              <id root="2f64d6ca-f24a-4c1f-a928-63da2e0671ce"/>
              <code xsi:type="CE" code="54522-8" codeSystem="2.16.840.1.113883.6.1" codeSystemName="LOINC" displayName="FUNCTIONAL STATUS"/>
              <statusCode code="completed"/>
              <effectiveTime>
                <low value="20161213014133+0000"/>
                <high nullFlavor="UNK"/>
              </effectiveTime>
              <value xsi:type="CD" code="165224005" codeSystem="2.16.840.1.113883.6.96" codeSystemName="SNOMED CT" displayName="Independent feeding"/>
            </observation>
          </entry>
          <entry>
            <observation classCode="OBS" moodCode="EVN">
              <templateId root="2.16.840.1.113883.10.20.22.4.67" extension="2014-06-09"/>
              <id root="29067e5b-9bf8-4e82-a5b8-955b496d6c5a"/>
              <code xsi:type="CE" code="54522-8" codeSystem="2.16.840.1.113883.6.1" codeSystemName="LOINC" displayName="FUNCTIONAL STATUS"/>
              <statusCode code="completed"/>
              <effectiveTime>
                <low value="20161213014133+0000"/>
                <high nullFlavor="UNK"/>
              </effectiveTime>
              <value xsi:type="CD" code="129041007" codeSystem="2.16.840.1.113883.6.96" codeSystemName="SNOMED CT" displayName="Independent bathing"/>
            </observation>
          </entry>
          <entry>
            <observation classCode="OBS" moodCode="EVN">
              <templateId root="2.16.840.1.113883.10.20.22.4.67" extension="2014-06-09"/>
              <id root="2c0663e5-000b-499a-a417-d8c75c3d8e2b"/>
              <code xsi:type="CE" code="54522-8" codeSystem="2.16.840.1.113883.6.1" codeSystemName="LOINC" displayName="FUNCTIONAL STATUS"/>
              <statusCode code="completed"/>
              <effectiveTime>
                <low value="20161213014133+0000"/>
                <high nullFlavor="UNK"/>
              </effectiveTime>
              <value xsi:type="CD" code="165227003" codeSystem="2.16.840.1.113883.6.96" codeSystemName="SNOMED CT" displayName="Independent for grooming"/>
            </observation>
          </entry>
          <entry>
            <observation classCode="OBS" moodCode="EVN">
              <templateId root="2.16.840.1.113883.10.20.22.4.67" extension="2014-06-09"/>
              <id root="74848d0e-5b79-4be1-8e54-0a1ab18a1564"/>
              <code xsi:type="CE" code="54522-8" codeSystem="2.16.840.1.113883.6.1" codeSystemName="LOINC" displayName="FUNCTIONAL STATUS"/>
              <statusCode code="completed"/>
              <effectiveTime>
                <low value="20161213014133+0000"/>
                <high nullFlavor="UNK"/>
              </effectiveTime>
              <value xsi:type="CD" code="284968001" codeSystem="2.16.840.1.113883.6.96" codeSystemName="SNOMED CT" displayName="Able to perform dressing activity"/>
            </observation>
          </entry>
          <entry>
            <observation classCode="OBS" moodCode="EVN">
              <templateId root="2.16.840.1.113883.10.20.22.4.67" extension="2014-06-09"/>
              <id root="0da79037-97d4-4ef0-b388-62ce3fee8ac4"/>
              <code xsi:type="CE" code="54522-8" codeSystem="2.16.840.1.113883.6.1" codeSystemName="LOINC" displayName="FUNCTIONAL STATUS"/>
              <statusCode code="completed"/>
              <effectiveTime>
                <low value="20161213014133+0000"/>
                <high nullFlavor="UNK"/>
              </effectiveTime>
              <value xsi:type="CD" code="24029004" codeSystem="2.16.840.1.113883.6.96" codeSystemName="SNOMED CT" displayName="Bowels: fully continent"/>
            </observation>
          </entry>
          <entry>
            <observation classCode="OBS" moodCode="EVN">
              <templateId root="2.16.840.1.113883.10.20.22.4.67" extension="2014-06-09"/>
              <id root="c8a82c16-1494-434a-a22a-dac533661d31"/>
              <code xsi:type="CE" code="54522-8" codeSystem="2.16.840.1.113883.6.1" codeSystemName="LOINC" displayName="FUNCTIONAL STATUS"/>
              <statusCode code="completed"/>
              <effectiveTime>
                <low value="20161213014133+0000"/>
                <high nullFlavor="UNK"/>
              </effectiveTime>
              <value xsi:type="CD" code="45850009" codeSystem="2.16.840.1.113883.6.96" codeSystemName="SNOMED CT" displayName="Continent of urine"/>
            </observation>
          </entry>
          <entry>
            <observation classCode="OBS" moodCode="EVN">
              <templateId root="2.16.840.1.113883.10.20.22.4.67" extension="2014-06-09"/>
              <id root="d42ab285-04b5-4131-9596-945ebce7243b"/>
              <code xsi:type="CE" code="54522-8" codeSystem="2.16.840.1.113883.6.1" codeSystemName="LOINC" displayName="FUNCTIONAL STATUS"/>
              <statusCode code="completed"/>
              <effectiveTime>
                <low value="20161213014133+0000"/>
                <high nullFlavor="UNK"/>
              </effectiveTime>
              <value xsi:type="CD" code="129062008" codeSystem="2.16.840.1.113883.6.96" codeSystemName="SNOMED CT" displayName="Independent in toilet"/>
            </observation>
          </entry>
          <entry>
            <observation classCode="OBS" moodCode="EVN">
              <templateId root="2.16.840.1.113883.10.20.22.4.67" extension="2014-06-09"/>
              <id root="48e54d0c-82d2-49da-9f4a-6b190e7a35df"/>
              <code xsi:type="CE" code="54522-8" codeSystem="2.16.840.1.113883.6.1" codeSystemName="LOINC" displayName="FUNCTIONAL STATUS"/>
              <statusCode code="completed"/>
              <effectiveTime>
                <low value="20161213014133+0000"/>
                <high nullFlavor="UNK"/>
              </effectiveTime>
              <value xsi:type="CD" code="301637000" codeSystem="2.16.840.1.113883.6.96" codeSystemName="SNOMED CT" displayName="Able to get on and off furniture"/>
            </observation>
          </entry>
          <entry>
            <observation classCode="OBS" moodCode="EVN">
              <templateId root="2.16.840.1.113883.10.20.22.4.67" extension="2014-06-09"/>
              <id root="b8e197db-c7ec-4d96-8f0f-9a24a36f4122"/>
              <code xsi:type="CE" code="54522-8" codeSystem="2.16.840.1.113883.6.1" codeSystemName="LOINC" displayName="FUNCTIONAL STATUS"/>
              <statusCode code="completed"/>
              <effectiveTime>
                <low value="20161213014133+0000"/>
                <high nullFlavor="UNK"/>
              </effectiveTime>
              <value xsi:type="CD" code="301582007" codeSystem="2.16.840.1.113883.6.96" codeSystemName="SNOMED CT" displayName="Able to manage steps and stairs"/>
            </observation>
          </entry>
          <entry>
            <observation classCode="OBS" moodCode="EVN">
              <templateId root="2.16.840.1.113883.10.20.22.4.67" extension="2014-06-09"/>
              <id root="f1cad8d7-bd41-4b53-be2f-84cfe16a0a81"/>
              <code xsi:type="CE" code="54522-8" codeSystem="2.16.840.1.113883.6.1" codeSystemName="LOINC" displayName="FUNCTIONAL STATUS"/>
              <statusCode code="completed"/>
              <effectiveTime>
                <low value="20161213014133+0000"/>
                <high nullFlavor="UNK"/>
              </effectiveTime>
              <value xsi:type="CD" code="301497008" codeSystem="2.16.840.1.113883.6.96" codeSystemName="SNOMED CT" displayName="Able to mobilize indoors"/>
            </observation>
          </entry>
          <entry>
            <observation classCode="OBS" moodCode="EVN">
              <templateId root="2.16.840.1.113883.10.20.22.4.67" extension="2014-06-09"/>
              <id root="a26c2f34-a692-47a2-9ffa-fadec0f8ac2f"/>
              <code xsi:type="CE" code="54522-8" codeSystem="2.16.840.1.113883.6.1" codeSystemName="LOINC" displayName="FUNCTIONAL STATUS"/>
              <statusCode code="completed"/>
              <effectiveTime>
                <low value="20161213014133+0000"/>
                <high nullFlavor="UNK"/>
              </effectiveTime>
              <value xsi:type="CD" code="301563003" codeSystem="2.16.840.1.113883.6.96" codeSystemName="SNOMED CT" displayName="Able to mobilize outside"/>
            </observation>
          </entry>
          <entry>
            <observation classCode="OBS" moodCode="EVN">
              <templateId root="2.16.840.1.113883.10.20.22.4.67" extension="2014-06-09"/>
              <id root="644f1050-2ed4-4d5b-9ebf-d6a3f1cc9263"/>
              <code xsi:type="CE" code="54522-8" codeSystem="2.16.840.1.113883.6.1" codeSystemName="LOINC" displayName="FUNCTIONAL STATUS"/>
              <statusCode code="completed"/>
              <effectiveTime>
                <low value="20161213014133+0000"/>
                <high nullFlavor="UNK"/>
              </effectiveTime>
              <value xsi:type="CD" code="301473004" codeSystem="2.16.840.1.113883.6.96" codeSystemName="SNOMED CT" displayName="Able to negotiate obstacles"/>
            </observation>
          </entry>
          <entry>
            <observation classCode="OBS" moodCode="EVN">
              <templateId root="2.16.840.1.113883.10.20.22.4.67" extension="2014-06-09"/>
              <id root="3ade8a21-4a0d-4166-8e30-b825fbfb59ac"/>
              <code xsi:type="CE" code="54522-8" codeSystem="2.16.840.1.113883.6.1" codeSystemName="LOINC" displayName="FUNCTIONAL STATUS"/>
              <statusCode code="completed"/>
              <effectiveTime>
                <low value="20161213014133+0000"/>
                <high nullFlavor="UNK"/>
              </effectiveTime>
              <value xsi:type="CD" code="301631004" codeSystem="2.16.840.1.113883.6.96" codeSystemName="SNOMED CT" displayName="Able to use escalator"/>
            </observation>
          </entry>
          <entry>
            <observation classCode="OBS" moodCode="EVN">
              <templateId root="2.16.840.1.113883.10.20.22.4.67" extension="2014-06-09"/>
              <id root="22b9a9dd-75a5-4e8c-aeb3-518efa3c968c"/>
              <code xsi:type="CE" code="54522-8" codeSystem="2.16.840.1.113883.6.1" codeSystemName="LOINC" displayName="FUNCTIONAL STATUS"/>
              <statusCode code="completed"/>
              <effectiveTime>
                <low value="20161213014133+0000"/>
                <high nullFlavor="UNK"/>
              </effectiveTime>
              <value xsi:type="CD" code="87405001" codeSystem="2.16.840.1.113883.6.96" codeSystemName="SNOMED CT" displayName="Cane"/>
            </observation>
          </entry>
          <entry>
            <observation classCode="OBS" moodCode="EVN">
              <templateId root="2.16.840.1.113883.10.20.22.4.67" extension="2014-06-09"/>
              <id root="487262e3-8762-4888-9bf8-a612f1d46e6f"/>
              <code xsi:type="CE" code="54522-8" codeSystem="2.16.840.1.113883.6.1" codeSystemName="LOINC" displayName="FUNCTIONAL STATUS"/>
              <statusCode code="completed"/>
              <effectiveTime>
                <low value="20161213014133+0000"/>
                <high nullFlavor="UNK"/>
              </effectiveTime>
              <value xsi:type="CD" code="160681005" codeSystem="2.16.840.1.113883.6.96" codeSystemName="SNOMED CT" displayName="Mobile outside with aid"/>
            </observation>
          </entry>
          <entry>
            <observation classCode="OBS" moodCode="EVN">
              <templateId root="2.16.840.1.113883.10.20.22.4.67" extension="2014-06-09"/>
              <id root="d4a0ea2d-291e-44db-9cc9-18888c8bb801"/>
              <code xsi:type="CE" code="54522-8" codeSystem="2.16.840.1.113883.6.1" codeSystemName="LOINC" displayName="FUNCTIONAL STATUS"/>
              <statusCode code="completed"/>
              <effectiveTime>
                <low value="20161213014133+0000"/>
                <high nullFlavor="UNK"/>
              </effectiveTime>
              <value xsi:type="CD" code="449888003" codeSystem="2.16.840.1.113883.6.96" codeSystemName="SNOMED CT" displayName="Normal cognition"/>
            </observation>
          </entry>
        </section>
      </component>
      <component>
        <section>
          <templateId root="2.16.840.1.113883.10.20.22.2.56" extension="2015-08-01"/>
          <code code="10190-7" codeSystem="2.16.840.1.113883.6.1" codeSystemName="LOINC" displayName="Mental Status"/>
          <title>MENTAL STATUS</title>
          <text><table border="1" width="100%"><caption>MENTAL STATUS</caption><tbody><tr><td align="left" colspan="5">Section: Long-term Memory Performance<br/>Comments: </td></tr></tbody><tbody><tr align="center"><td>Description</td><td>SNOMED_CT</td><td>Yes/No</td><td>Comments</td><td>Entered On</td></tr></tbody><tbody><tr><td>Ability to remember today's date</td><td>285204003</td><td>Yes</td><td/><td>December 13, 2016 1:43:06 AM UTC</td></tr></tbody><tbody><tr><td align="left" colspan="5">Section: Recognition<br/>Comments: </td></tr></tbody><tbody><tr align="center"><td>Description</td><td>SNOMED_CT</td><td>Yes/No</td><td>Comments</td><td>Entered On</td></tr></tbody><tbody><tr><td>Ability to recognize objects</td><td>225667008</td><td>Yes</td><td/><td>December 13, 2016 1:43:06 AM UTC</td></tr></tbody><tbody><tr><td align="left" colspan="5">Section: Ability to comprehend danger<br/>Comments: </td></tr></tbody><tbody><tr align="center"><td>Description</td><td>SNOMED_CT</td><td>Yes/No</td><td>Comments</td><td>Entered On</td></tr></tbody><tbody><tr><td>Able to comprehend concept of danger</td><td>395662007</td><td>Yes</td><td/><td>December 13, 2016 1:43:06 AM UTC</td></tr></tbody><tbody><tr><td align="left" colspan="5">Section: Ability to process information<br/>Comments: </td></tr></tbody><tbody><tr align="center"><td>Description</td><td>SNOMED_CT</td><td>Yes/No</td><td>Comments</td><td>Entered On</td></tr></tbody><tbody><tr><td>Able to process information</td><td>307083000</td><td>Yes</td><td/><td>December 13, 2016 1:43:06 AM UTC</td></tr></tbody><tbody><tr><td align="left" colspan="5">Section: Ability to reason<br/>Comments: </td></tr></tbody><tbody><tr align="center"><td>Description</td><td>SNOMED_CT</td><td>Yes/No</td><td>Comments</td><td>Entered On</td></tr></tbody><tbody><tr><td>Able to reason</td><td>304642007</td><td>Yes</td><td/><td>December 13, 2016 1:43:06 AM UTC</td></tr></tbody><tbody><tr><td align="left" colspan="5">Section: Ability to tell the time<br/>Comments: </td></tr></tbody><tbody><tr align="center"><td>Description</td><td>SNOMED_CT</td><td>Yes/No</td><td>Comments</td><td>Entered On</td></tr></tbody><tbody><tr><td>Able to tell the time</td><td>285630007</td><td>Yes</td><td/><td>December 13, 2016 1:43:06 AM UTC</td></tr></tbody><tbody><tr><td align="left" colspan="5">Section: Cognition<br/>Comments: </td></tr></tbody><tbody><tr align="center"><td>Description</td><td>SNOMED_CT</td><td>Yes/No</td><td>Comments</td><td>Entered On</td></tr></tbody><tbody><tr><td>Normal cognition</td><td>449888003</td><td>Yes</td><td/><td>December 13, 2016 1:43:06 AM UTC</td></tr></tbody></table></text>
          <entry>
            <organizer classCode="CLUSTER" moodCode="EVN">
              <templateId root="2.16.840.1.113883.10.20.22.4.75" extension="2014-06-09"/>
              <id root="73227407-6a2e-44b4-b072-53f708b2f618"/>
              <code code="75275-8" codeSystem="2.16.840.1.113883.6.1" codeSystemName="LOINC" displayName="Cognitive function"/>
              <statusCode code="completed"/>
              <effectiveTime>
                <low value="00010101060000+0000"/>
                <high value="00010101060000+0000"/>
              </effectiveTime>
              <component>
                <observation classCode="OBS" moodCode="EVN">
                  <templateId root="2.16.840.1.113883.10.20.22.4.74" extension="2015-08-01"/>
                  <id root="c17876bc-4206-47de-abf2-2154a10953ba"/>
                  <code code="373930000" codeSystem="2.16.840.1.113883.6.96" codeSystemName="SNOMEDCT" displayName="Cognitive Function">
                    <translation code="75275-8" codeSystem="2.16.840.1.113883.6.1"/>
                  </code>
                  <statusCode code="completed"/>
                  <effectiveTime>
                    <low value="20161213014306+0000"/>
                    <high nullFlavor="UNK"/>
                  </effectiveTime>
                  <value xsi:type="ST">true</value>
                </observation>
              </component>
              <component>
                <observation classCode="OBS" moodCode="EVN">
                  <templateId root="2.16.840.1.113883.10.20.22.4.74" extension="2015-08-01"/>
                  <id root="fa35b734-a120-4012-a317-d50a030a3c1d"/>
                  <code code="373930000" codeSystem="2.16.840.1.113883.6.96" codeSystemName="SNOMEDCT" displayName="Cognitive Function">
                    <translation code="75275-8" codeSystem="2.16.840.1.113883.6.1"/>
                  </code>
                  <statusCode code="completed"/>
                  <effectiveTime>
                    <low value="20161213014306+0000"/>
                    <high nullFlavor="UNK"/>
                  </effectiveTime>
                  <value xsi:type="ST">true</value>
                </observation>
              </component>
              <component>
                <observation classCode="OBS" moodCode="EVN">
                  <templateId root="2.16.840.1.113883.10.20.22.4.74" extension="2015-08-01"/>
                  <id root="f49cea31-41a9-4bc0-991b-d0784575b0e7"/>
                  <code code="373930000" codeSystem="2.16.840.1.113883.6.96" codeSystemName="SNOMEDCT" displayName="Cognitive Function">
                    <translation code="75275-8" codeSystem="2.16.840.1.113883.6.1"/>
                  </code>
                  <statusCode code="completed"/>
                  <effectiveTime>
                    <low value="20161213014306+0000"/>
                    <high nullFlavor="UNK"/>
                  </effectiveTime>
                  <value xsi:type="ST">true</value>
                </observation>
              </component>
              <component>
                <observation classCode="OBS" moodCode="EVN">
                  <templateId root="2.16.840.1.113883.10.20.22.4.74" extension="2015-08-01"/>
                  <id root="ab6b68fc-4152-4f83-ac1a-cbd550e95970"/>
                  <code code="373930000" codeSystem="2.16.840.1.113883.6.96" codeSystemName="SNOMEDCT" displayName="Cognitive Function">
                    <translation code="75275-8" codeSystem="2.16.840.1.113883.6.1"/>
                  </code>
                  <statusCode code="completed"/>
                  <effectiveTime>
                    <low value="20161213014306+0000"/>
                    <high nullFlavor="UNK"/>
                  </effectiveTime>
                  <value xsi:type="ST">true</value>
                </observation>
              </component>
              <component>
                <observation classCode="OBS" moodCode="EVN">
                  <templateId root="2.16.840.1.113883.10.20.22.4.74" extension="2015-08-01"/>
                  <id root="a4c8b9de-fe35-4613-a3a6-bb02cf7896c6"/>
                  <code code="373930000" codeSystem="2.16.840.1.113883.6.96" codeSystemName="SNOMEDCT" displayName="Cognitive Function">
                    <translation code="75275-8" codeSystem="2.16.840.1.113883.6.1"/>
                  </code>
                  <statusCode code="completed"/>
                  <effectiveTime>
                    <low value="20161213014306+0000"/>
                    <high nullFlavor="UNK"/>
                  </effectiveTime>
                  <value xsi:type="ST">true</value>
                </observation>
              </component>
              <component>
                <observation classCode="OBS" moodCode="EVN">
                  <templateId root="2.16.840.1.113883.10.20.22.4.74" extension="2015-08-01"/>
                  <id root="c2948246-0490-4877-901e-572c58218c30"/>
                  <code code="373930000" codeSystem="2.16.840.1.113883.6.96" codeSystemName="SNOMEDCT" displayName="Cognitive Function">
                    <translation code="75275-8" codeSystem="2.16.840.1.113883.6.1"/>
                  </code>
                  <statusCode code="completed"/>
                  <effectiveTime>
                    <low value="20161213014306+0000"/>
                    <high nullFlavor="UNK"/>
                  </effectiveTime>
                  <value xsi:type="ST">true</value>
                </observation>
              </component>
              <component>
                <observation classCode="OBS" moodCode="EVN">
                  <templateId root="2.16.840.1.113883.10.20.22.4.74" extension="2015-08-01"/>
                  <id root="f4bfcd1a-ea35-4dd6-ae23-a37a15635c99"/>
                  <code code="373930000" codeSystem="2.16.840.1.113883.6.96" codeSystemName="SNOMEDCT" displayName="Cognitive Function">
                    <translation code="75275-8" codeSystem="2.16.840.1.113883.6.1"/>
                  </code>
                  <statusCode code="completed"/>
                  <effectiveTime>
                    <low value="20161213014306+0000"/>
                    <high nullFlavor="UNK"/>
                  </effectiveTime>
                  <value xsi:type="ST">true</value>
                </observation>
              </component>
            </organizer>
          </entry>
        </section>
      </component>
      <component>
        <section>
          <templateId root="2.16.840.1.113883.10.20.22.2.5.1" extension="2015-08-01"/>
          <templateId root="2.16.840.1.113883.10.20.22.2.5.1"/>
          <code code="11450-4" codeSystem="2.16.840.1.113883.6.1" codeSystemName="LOINC" displayName="Problem List"/>
          <title>PROBLEMS</title>
          <text><table border="1" width="100%"><caption>PATIENT PROBLEMS</caption><thead><tr><th>Code</th><th>Description/Comments</th><th>Status</th><th>Date</th><th>Entered By</th></tr></thead><tbody><tr><td colspan="5">Patient has no known problems</td></tr></tbody></table></text>
          <entry typeCode="DRIV">
            <act classCode="ACT" moodCode="EVN">
              <templateId root="2.16.840.1.113883.10.20.22.4.3" extension="2015-08-01"/>
              <templateId root="2.16.840.1.113883.10.20.22.4.3"/>
              <id root="f716883f-f5bd-41e4-b464-c69415d53e94"/>
              <code code="CONC" codeSystem="2.16.840.1.113883.5.6" codeSystemName="HL7 Act Class" displayName="Concern"/>
              <statusCode code="completed"/>
              <effectiveTime>
                <low value="20161209"/>
                <high nullFlavor="UNK"/>
              </effectiveTime>
              <entryRelationship typeCode="SUBJ">
                <observation classCode="OBS" moodCode="EVN" negationInd="true">
                  <templateId root="2.16.840.1.113883.10.20.22.4.4" extension="2015-08-01"/>
                  <templateId root="2.16.840.1.113883.10.20.22.4.4"/>
                  <id root="fceee25f-6de2-46fa-8531-515fc089a279"/>
                  <code code="ASSERTION" codeSystem="2.16.840.1.113883.5.4" codeSystemName="ActCode" displayName="ASSERTION">
                    <translation nullFlavor="NA"/>
                  </code>
                  <statusCode code="completed"/>
                  <effectiveTime>
                    <low value="20161209"/>
                    <high nullFlavor="UNK"/>
                  </effectiveTime>
                  <value xsi:type="CD" code="55607006" codeSystem="2.16.840.1.113883.6.96"/>
                </observation>
              </entryRelationship>
            </act>
          </entry>
        </section>
      </component>
      <component>
        <section>
          <templateId root="2.16.840.1.113883.10.20.22.2.3.1" extension="2015-08-01"/>
          <code code="30954-2" codeSystem="2.16.840.1.113883.6.1" codeSystemName="LOINC" displayName="Relevant diagnostic tests/laboratory data Narrative"/>
          <title>RESULTS</title>
          <text><table border="1" width="100%"><thead><tr><th colspan="5">LABORATORY RESULTS</th></tr></thead><tbody><tr><td colspan="5" align="left">ORDER 100: BASIC METABOLIC PANEL<br/>ORDER DATE: December 13, 2016 1:13:00 AM UTC</td></tr><tr><td colspan="5" align="left">Result Comment:<br/>Final Result Date: December 13, 2016 1:18:00 AM UTC (TECH: HMS) </td></tr><tr><td>LOINC</td><td>TEST</td><td>FLAG</td><td>RESULT</td><td>REFERENCE RANGE</td></tr><tr><td>2339-0</td><td>Glucose [Mass/volume] in Blood</td><td>N</td><td>100 mg/dl</td><td>50 mg/dl - 205 mg/dl</td></tr><tr><td>6299-2</td><td>Urea nitrogen [Mass/volume] in Blood</td><td>N</td><td>25 mg/dl</td><td>7 mg/dl - 30 mg/dl</td></tr><tr><td>2160-0</td><td>Creatinine [Mass/volume] in Serum or Plasma</td><td>N</td><td>1 mg/dl</td><td>0.5 mg/dl - 1.4 mg/dl</td></tr><tr><td>CA</td><td>CALCIUM</td><td>N</td><td>9 mg/dl</td><td>8.5 mg/dl - 10.5 mg/dl</td></tr><tr><td>2947-0</td><td>Sodium [Moles/volume] in Blood</td><td>N</td><td>140 mmol/L</td><td>135 mmol/L - 146 mmol/L</td></tr><tr><td>6298-4</td><td>Potassium [Moles/volume] in Blood</td><td>N</td><td>4 meq/L</td><td>3.5 meq/L - 5.3 meq/L</td></tr><tr><td>2069-3</td><td>Chloride [Moles/volume] in Blood</td><td>N</td><td>110 mmol/L</td><td>99 mmol/L - 111 mmol/L</td></tr><tr><td>HCO3</td><td>BICARBONATE (HCO3)</td><td>N</td><td>25 mmol/L</td><td>20.0 mmol/L - 32.0 mmol/L</td></tr><tr><td>GFR</td><td>ESTIMATED G.F.R.</td><td>N</td><td>> 60 ml/min/1.73m^2</td><td>60 ml/min/1.73m^2 </td></tr></tbody></table><br/><br/><table border="1" width="100%"><thead><tr><th colspan="1">RADIOLOGY RESULTS</th></tr></thead><tbody><tr><td colspan="1">No radiology information exists for patient</td></tr></tbody></table><br/><br/><table border="1" width="100%"><thead><tr><th colspan="5">MICROBIOLOGY RESULTS</th></tr></thead><tbody><tr><td colspan="5" align="left">No Micro Labs/Results Exist for Patient</td></tr></tbody></table></text>
          <entry typeCode="DRIV">
            <organizer classCode="BATTERY" moodCode="EVN">
              <templateId root="2.16.840.1.113883.10.20.22.4.1" extension="2015-08-01"/>
              <id root="4fa13746-482c-47e4-90e9-e1de73a4d339"/>
              <code xsi:type="CE" code="100" codeSystem="2.16.840.1.113883.3.1579" codeSystemName="HMS" displayName="BASIC METABOLIC PANEL"/>
              <statusCode code="completed"/>
              <effectiveTime>
                <low value="20161213"/>
                <high value="20161213"/>
              </effectiveTime>
              <component>
                <observation classCode="OBS" moodCode="EVN">
                  <templateId root="2.16.840.1.113883.10.20.22.4.2" extension="2015-08-01"/>
                  <templateId root="2.16.840.1.113883.10.20.22.4.2"/>
                  <id root="829a4bab-d3c9-4b6e-b20e-3e700c246a03"/>
                  <code xsi:type="CE" code="2339-0" codeSystem="2.16.840.1.113883.6.1" codeSystemName="LOINC" displayName="Glucose [Mass/volume] in Blood"/>
                  <statusCode code="completed"/>
                  <effectiveTime value="20161213"/>
                  <value xsi:type="PQ" value="100" unit="mg/dl"/>
                  <interpretationCode code="N" codeSystem="2.16.840.1.113883.5.83" codeSystemName="ObservationInterpretation" displayName="Normal"/>
                  <referenceRange>
                    <observationRange>
                      <text>50 mg/dl - 205 mg/dl</text>
                      <value xsi:type="IVL_PQ">
                        <low value="50.0" unit="mg/dl"/>
                        <high value="205.0" unit="mg/dl"/>
                      </value>
                    </observationRange>
                  </referenceRange>
                </observation>
              </component>
              <component>
                <observation classCode="OBS" moodCode="EVN">
                  <templateId root="2.16.840.1.113883.10.20.22.4.2" extension="2015-08-01"/>
                  <templateId root="2.16.840.1.113883.10.20.22.4.2"/>
                  <id root="947142f6-0c63-45bb-9cd1-43a5c74d6d69"/>
                  <code xsi:type="CE" code="6299-2" codeSystem="2.16.840.1.113883.6.1" codeSystemName="LOINC" displayName="Urea nitrogen [Mass/volume] in Blood"/>
                  <statusCode code="completed"/>
                  <effectiveTime value="20161213"/>
                  <value xsi:type="PQ" value="25" unit="mg/dl"/>
                  <interpretationCode code="N" codeSystem="2.16.840.1.113883.5.83" codeSystemName="ObservationInterpretation" displayName="Normal"/>
                  <referenceRange>
                    <observationRange>
                      <text>7 mg/dl - 30 mg/dl</text>
                      <value xsi:type="IVL_PQ">
                        <low value="7.0" unit="mg/dl"/>
                        <high value="30.0" unit="mg/dl"/>
                      </value>
                    </observationRange>
                  </referenceRange>
                </observation>
              </component>
              <component>
                <observation classCode="OBS" moodCode="EVN">
                  <templateId root="2.16.840.1.113883.10.20.22.4.2" extension="2015-08-01"/>
                  <templateId root="2.16.840.1.113883.10.20.22.4.2"/>
                  <id root="3a199d4e-e444-412f-8769-70cb8891b9d9"/>
                  <code xsi:type="CE" code="2160-0" codeSystem="2.16.840.1.113883.6.1" codeSystemName="LOINC" displayName="Creatinine [Mass/volume] in Serum or Plasma"/>
                  <statusCode code="completed"/>
                  <effectiveTime value="20161213"/>
                  <value xsi:type="PQ" value="1" unit="mg/dl"/>
                  <interpretationCode code="N" codeSystem="2.16.840.1.113883.5.83" codeSystemName="ObservationInterpretation" displayName="Normal"/>
                  <referenceRange>
                    <observationRange>
                      <text>0.5 mg/dl - 1.4 mg/dl</text>
                      <value xsi:type="IVL_PQ">
                        <low value="0.5" unit="mg/dl"/>
                        <high value="1.4" unit="mg/dl"/>
                      </value>
                    </observationRange>
                  </referenceRange>
                </observation>
              </component>
              <component>
                <observation classCode="OBS" moodCode="EVN">
                  <templateId root="2.16.840.1.113883.10.20.22.4.2" extension="2015-08-01"/>
                  <templateId root="2.16.840.1.113883.10.20.22.4.2"/>
                  <id root="f2897814-e397-400b-8ccd-74438b1820f8"/>
                  <code xsi:type="CE" code="CA" codeSystem="2.16.840.1.113883.6.1" codeSystemName="LOINC" displayName="CALCIUM"/>
                  <statusCode code="completed"/>
                  <effectiveTime value="20161213"/>
                  <value xsi:type="PQ" value="9" unit="mg/dl"/>
                  <interpretationCode code="N" codeSystem="2.16.840.1.113883.5.83" codeSystemName="ObservationInterpretation" displayName="Normal"/>
                  <referenceRange>
                    <observationRange>
                      <text>8.5 mg/dl - 10.5 mg/dl</text>
                      <value xsi:type="IVL_PQ">
                        <low value="8.5" unit="mg/dl"/>
                        <high value="10.5" unit="mg/dl"/>
                      </value>
                    </observationRange>
                  </referenceRange>
                </observation>
              </component>
              <component>
                <observation classCode="OBS" moodCode="EVN">
                  <templateId root="2.16.840.1.113883.10.20.22.4.2" extension="2015-08-01"/>
                  <templateId root="2.16.840.1.113883.10.20.22.4.2"/>
                  <id root="2c38b097-5bc7-412f-9561-c790c9a1d5c5"/>
                  <code xsi:type="CE" code="2947-0" codeSystem="2.16.840.1.113883.6.1" codeSystemName="LOINC" displayName="Sodium [Moles/volume] in Blood"/>
                  <statusCode code="completed"/>
                  <effectiveTime value="20161213"/>
                  <value xsi:type="PQ" value="140" unit="mmol/L"/>
                  <interpretationCode code="N" codeSystem="2.16.840.1.113883.5.83" codeSystemName="ObservationInterpretation" displayName="Normal"/>
                  <referenceRange>
                    <observationRange>
                      <text>135 mmol/L - 146 mmol/L</text>
                      <value xsi:type="IVL_PQ">
                        <low value="135.0" unit="mmol/L"/>
                        <high value="146.0" unit="mmol/L"/>
                      </value>
                    </observationRange>
                  </referenceRange>
                </observation>
              </component>
              <component>
                <observation classCode="OBS" moodCode="EVN">
                  <templateId root="2.16.840.1.113883.10.20.22.4.2" extension="2015-08-01"/>
                  <templateId root="2.16.840.1.113883.10.20.22.4.2"/>
                  <id root="8663666f-08d9-4f60-8c2a-4b1b02358ace"/>
                  <code xsi:type="CE" code="6298-4" codeSystem="2.16.840.1.113883.6.1" codeSystemName="LOINC" displayName="Potassium [Moles/volume] in Blood"/>
                  <statusCode code="completed"/>
                  <effectiveTime value="20161213"/>
                  <value xsi:type="PQ" value="4" unit="meq/L"/>
                  <interpretationCode code="N" codeSystem="2.16.840.1.113883.5.83" codeSystemName="ObservationInterpretation" displayName="Normal"/>
                  <referenceRange>
                    <observationRange>
                      <text>3.5 meq/L - 5.3 meq/L</text>
                      <value xsi:type="IVL_PQ">
                        <low value="3.5" unit="meq/L"/>
                        <high value="5.3" unit="meq/L"/>
                      </value>
                    </observationRange>
                  </referenceRange>
                </observation>
              </component>
              <component>
                <observation classCode="OBS" moodCode="EVN">
                  <templateId root="2.16.840.1.113883.10.20.22.4.2" extension="2015-08-01"/>
                  <templateId root="2.16.840.1.113883.10.20.22.4.2"/>
                  <id root="70b2c298-4b56-4649-9fc0-83d9c1659494"/>
                  <code xsi:type="CE" code="2069-3" codeSystem="2.16.840.1.113883.6.1" codeSystemName="LOINC" displayName="Chloride [Moles/volume] in Blood"/>
                  <statusCode code="completed"/>
                  <effectiveTime value="20161213"/>
                  <value xsi:type="PQ" value="110" unit="mmol/L"/>
                  <interpretationCode code="N" codeSystem="2.16.840.1.113883.5.83" codeSystemName="ObservationInterpretation" displayName="Normal"/>
                  <referenceRange>
                    <observationRange>
                      <text>99 mmol/L - 111 mmol/L</text>
                      <value xsi:type="IVL_PQ">
                        <low value="99.0" unit="mmol/L"/>
                        <high value="111.0" unit="mmol/L"/>
                      </value>
                    </observationRange>
                  </referenceRange>
                </observation>
              </component>
              <component>
                <observation classCode="OBS" moodCode="EVN">
                  <templateId root="2.16.840.1.113883.10.20.22.4.2" extension="2015-08-01"/>
                  <templateId root="2.16.840.1.113883.10.20.22.4.2"/>
                  <id root="003b0b46-f666-4398-93da-4dd5e2f52fcc"/>
                  <code xsi:type="CE" code="HCO3" codeSystem="2.16.840.1.113883.6.1" codeSystemName="LOINC" displayName="BICARBONATE (HCO3)"/>
                  <statusCode code="completed"/>
                  <effectiveTime value="20161213"/>
                  <value xsi:type="PQ" value="25" unit="mmol/L"/>
                  <interpretationCode code="N" codeSystem="2.16.840.1.113883.5.83" codeSystemName="ObservationInterpretation" displayName="Normal"/>
                  <referenceRange>
                    <observationRange>
                      <text>20.0 mmol/L - 32.0 mmol/L</text>
                      <value xsi:type="IVL_PQ">
                        <low value="20.0" unit="mmol/L"/>
                        <high value="32.0" unit="mmol/L"/>
                      </value>
                    </observationRange>
                  </referenceRange>
                </observation>
              </component>
              <component>
                <observation classCode="OBS" moodCode="EVN">
                  <templateId root="2.16.840.1.113883.10.20.22.4.2" extension="2015-08-01"/>
                  <templateId root="2.16.840.1.113883.10.20.22.4.2"/>
                  <id root="5e6f11ba-ce20-4983-9a65-607e5af7c32e"/>
                  <code xsi:type="CE" code="GFR" codeSystem="2.16.840.1.113883.6.1" codeSystemName="LOINC" displayName="ESTIMATED G.F.R."/>
                  <statusCode code="completed"/>
                  <effectiveTime value="20161213"/>
                  <value xsi:type="ST">&amp;gt; 60</value>
                  <interpretationCode code="N" codeSystem="2.16.840.1.113883.5.83" codeSystemName="ObservationInterpretation" displayName="Normal"/>
                </observation>
              </component>
            </organizer>
          </entry>
        </section>
      </component>
      <component>
        <section>
          <templateId root="2.16.840.1.113883.10.20.22.2.10" extension="2014-06-09"/>
          <code code="18776-5" codeSystem="2.16.840.1.113883.6.1" codeSystemName="LOINC" displayName="Plan of Treatment"/>
          <title>TREATMENT PLAN</title>
          <text><table border="1" width="100%"><thead><tr><th colspan="8">DISCHARGE MEDICATIONS</th></tr><tr><th>Status</th><th>RXNORM</th><th>Medication</th><th>Dose</th><th>Route</th><th>Frequency</th><th>Dates</th><th>Comments</th></tr></thead><tbody><tr><td colspan="8">Patient discharge medication information is not available.</td></tr></tbody></table><br/><table border="1" width="100%"><thead><tr><th colspan="8">PATIENT OPEN ORDERS</th></tr><tr><th>Code</th><th>System</th><th>Description</th><th>Frequency</th><th>Occurrences</th><th>Priority</th><th>Start Date</th><th>Ordering Physician</th></tr></thead><tbody><tr><td>57021-8</td><td>LOINC</td><td>CBC W Auto Differential panel - Blood</td><td>ONCE</td><td>0</td><td>Routine</td><td>December 13, 2016 1:13:00 AM UTC</td><td>HENRY SEVEN</td></tr><tr><td>XRCXR2V</td><td>MEDHOST</td><td>CHEST 2 VIEWS, PA &amp; LATERAL</td><td>ONCE</td><td>0</td><td>Routine</td><td>December 13, 2016 1:13:00 AM UTC</td><td>HENRY SEVEN</td></tr><tr><td>HIFIBER</td><td>MEDHOST</td><td>HIGH FIBER DIET</td><td>ONCE</td><td>0</td><td>Routine</td><td>December 13, 2016 1:13:00 AM UTC</td><td>HENRY SEVEN</td></tr></tbody></table></text>
          <entry typeCode="DRIV">
            <procedure classCode="PROC" moodCode="RQO">
              <templateId root="2.16.840.1.113883.10.20.22.4.41" extension="2014-06-09"/>
              <id root="22822aa0-91a7-43a2-9053-06a67498d9a2"/>
              <code code="57021-8" codeSystemName="LOINC" displayName="CBC W Auto Differential panel - Blood">
                <translation code="CBC" displayName="CBC W/ AUTO DIFFERENTIAL"/>
              </code>
              <statusCode code="active"/>
              <effectiveTime>
                <low value="20161213011300+0000"/>
                <high nullFlavor="UNK"/>
              </effectiveTime>
            </procedure>
          </entry>
          <entry typeCode="DRIV">
            <procedure classCode="PROC" moodCode="RQO">
              <templateId root="2.16.840.1.113883.10.20.22.4.41" extension="2014-06-09"/>
              <id root="719a1deb-faf8-45db-8504-df6756ac1006"/>
              <code nullFlavor="NA"/>
              <statusCode code="active"/>
              <effectiveTime>
                <low value="20161213011300+0000"/>
                <high nullFlavor="UNK"/>
              </effectiveTime>
            </procedure>
          </entry>
          <entry typeCode="DRIV">
            <procedure classCode="PROC" moodCode="RQO">
              <templateId root="2.16.840.1.113883.10.20.22.4.41" extension="2014-06-09"/>
              <id root="c300e4c8-45a0-4299-ac61-0727654c91ca"/>
              <code nullFlavor="NA"/>
              <statusCode code="active"/>
              <effectiveTime>
                <low value="20161213011300+0000"/>
                <high nullFlavor="UNK"/>
              </effectiveTime>
            </procedure>
          </entry>
        </section>
      </component>
      <component>
        <section>
          <templateId root="1.3.6.1.4.1.19376.1.5.3.1.3.5"/>
          <code code="8648-8" codeSystem="2.16.840.1.113883.6.1" codeSystemName="LOINC" displayName="HOSPITAL COURSE"/>
          <title>HOSPITAL COURSE</title>
          <text><table border="1" width="100%"><caption>HOSPITAL COURSE</caption><tbody><tr><td colspan="2">Encounter: 2222470</td></tr><tr><td>Created On: December 9, 2016 7:46:52 PM UTC</td><td>Created By: MEDHOST USER2 MA</td></tr><tr><td colspan="2">The patient was found to be healthy and advised to follow his current routine of exercise, work, sleep and quality of life. 

Schedule a visit for next year.</td></tr></tbody></table></text>
        </section>
      </component>
      <component>
        <section>
          <templateId root="2.16.840.1.113883.10.20.22.2.2.1" extension="2015-08-01"/>
          <code code="11369-6" codeSystem="2.16.840.1.113883.6.1" codeSystemName="LOINC" displayName="History of Immunization Narrative"/>
          <title>IMMUNIZATIONS</title>
          <text><table border="1" width="100%"><caption>PATIENT IMMUNIZATIONS</caption><thead><tr><th>Code</th><th>System</th><th>Vaccine Name</th><th>Consent</th><th>Reactions</th><th>Comments</th><th>Administered By</th><th>Route</th><th>Site</th><th>Entered By</th></tr></thead><tbody><tr><td>141</td><td>CVX</td><td>Influenza, seasonal, injectable (CVX: 141)</td><td>OBTAINED</td><td/><td/><td> on December 12, 2016 9:00:00 PM UTC</td><td>INTRAMUSCULAR</td><td>Left Arm</td><td>emruser  on December 13, 2016 1:49:35 AM UTC</td></tr></tbody></table></text>
          <entry typeCode="DRIV">
            <substanceAdministration classCode="SBADM" moodCode="EVN" negationInd="false">
              <templateId root="2.16.840.1.113883.10.20.22.4.52" extension="2015-08-01"/>
              <templateId root="2.16.840.1.113883.10.20.22.4.52"/>
              <id root="ac3a2fb4-c123-42d0-9eb0-762834b70ebd"/>
              <text>Influenza, seasonal, injectable (CVX: 141)|1.0 INJ|INTRAMUSCULAR|</text>
              <statusCode code="completed"/>
              <effectiveTime xsi:type="IVL_TS" value="20161212"/>
              <routeCode code="C28161" codeSystem="2.16.840.1.113883.3.26.1.1" codeSystemName="National Cancer Institute (NCI) Thesaurus" displayName="INTRAMUSCULAR"/>
              <doseQuantity value="1.0" unit="INJ"/>
              <consumable>
                <manufacturedProduct classCode="MANU">
                  <templateId root="2.16.840.1.113883.10.20.22.4.54" extension="2014-06-09"/>
                  <templateId root="2.16.840.1.113883.10.20.22.4.54"/>
                  <manufacturedMaterial>
                    <code code="141" codeSystem="2.16.840.1.113883.12.292" codeSystemName="Vaccines administered (CVX)" displayName="Influenza, seasonal, injectable (CVX: 141)">
                      <translation code="33332-0111-10" codeSystem="2.16.840.1.113883.6.69" codeSystemName="NDC" displayName="AFLURIA"/>
                    </code>
                    <lotNumberText>123A</lotNumberText>
                  </manufacturedMaterial>
                  <manufacturerOrganization>
                    <name>Abbott Laboratories</name>
                  </manufacturerOrganization>
                </manufacturedProduct>
              </consumable>
              <entryRelationship typeCode="COMP" inversionInd="true">
                <act classCode="ACT" moodCode="EVN">
                  <templateId root="2.16.840.1.113883.10.20.22.4.118"/>
                  <id root="d025b310-d519-4565-a8a8-089961c0cb7b"/>
                  <code code="416118004" codeSystem="2.16.840.1.113883.6.96" codeSystemName="SNOMED CT" displayName="Administration"/>
                  <statusCode code="completed"/>
                </act>
              </entryRelationship>
            </substanceAdministration>
          </entry>
        </section>
      </component>
      <component>
        <section>
          <templateId root="2.16.840.1.113883.10.20.22.2.1.1" extension="2014-06-09"/>
          <code code="10160-0" codeSystem="2.16.840.1.113883.6.1" codeSystemName="LOINC" displayName="History of Medication use Narrative"/>
          <title>MEDICATIONS</title>
          <text><table border="1" width="100%"><caption>HOME MEDICATIONS</caption><thead><tr><th>Status</th><th>RXNORM</th><th>Medication</th><th>Dose</th><th>Route</th><th>Frequency</th><th>Dates</th><th>Comments</th><th>Entered By</th><th>Reported By</th></tr></thead><tbody><tr><td>Active</td><td/><td>MULTI VIT (Cerovite,Centrum)</td><td>1.0 TAB</td><td>ORAL</td><td>DAILY</td><td>Last Dose: </td><td/><td>emruser</td><td/></tr></tbody></table><br/><table border="1" width="100%"><caption>DISCHARGE MEDICATIONS</caption><thead><tr><th>Status</th><th>RXNORM</th><th>Medication</th><th>Dose</th><th>Route</th><th>Frequency</th><th>Dates</th><th>Comments</th><th>Physician</th><th>Entered By</th></tr></thead><tbody><tr><td colspan="10">No Discharge Medication Information Available</td></tr></tbody></table><br/><table border="1" width="100%"><caption>INPATIENT MEDICATIONS</caption><thead><tr><th>Status</th><th>RXNORM</th><th>Medication</th><th>Dose</th><th>Route</th><th>Frequency</th><th>Rate Quantity</th><th>Dates</th><th>Comments</th><th>Physician</th><th>Entered By</th></tr></thead><tbody><tr><td>Active</td><td>310965</td><td>IBUPROFEN (Motrin) 200 MG TABS</td><td>200.0 mg</td><td>ORAL</td><td>EVERY 4-6 HOURS OR AS NECESSARY</td><td/><td>Start: December 13, 2016 1:50:00 AM UTC<br/>End: December 9, 2016 5:36:00 PM UTC</td><td/><td>USER1 MEDHOST</td><td>EMRUSER</td></tr></tbody></table></text>
          <entry>
            <substanceAdministration classCode="SBADM" moodCode="EVN">
              <templateId root="2.16.840.1.113883.10.20.22.4.16" extension="2014-06-09"/>
              <templateId root="2.16.840.1.113883.10.20.22.4.16"/>
              <id root="HomeMed-12a01d1b-a4e0-48bd-93c8-0aaec2b56ac0"/>
              <text>medication:|dose:TAB TAB|route:ORAL|frequency:DAILY</text>
              <statusCode code="completed"/>
              <effectiveTime xsi:type="IVL_TS">
                <low nullFlavor="UNK"/>
                <high nullFlavor="UNK"/>
              </effectiveTime>
              <routeCode code="C38288" codeSystem="2.16.840.1.113883.3.26.1.1" codeSystemName="National Cancer Institute (NCI) Thesaurus" displayName="ORAL"/>
              <doseQuantity value="1.0" unit="TAB"/>
              <rateQuantity nullFlavor="UNK"/>
              <consumable>
                <manufacturedProduct classCode="MANU">
                  <templateId root="2.16.840.1.113883.10.20.22.4.23" extension="2014-06-09"/>
                  <templateId root="2.16.840.1.113883.10.20.22.4.23"/>
                  <manufacturedMaterial>
                    <code nullFlavor="UNK">
                      <translation code="00536344238" codeSystem="2.16.840.1.113883.6.69" codeSystemName="NDC" displayName="MULTI VIT (Cerovite,Centrum)"/>
                    </code>
                  </manufacturedMaterial>
                </manufacturedProduct>
              </consumable>
            </substanceAdministration>
          </entry>
          <entry>
            <substanceAdministration classCode="SBADM" moodCode="EVN">
              <templateId root="2.16.840.1.113883.10.20.22.4.16" extension="2014-06-09"/>
              <templateId root="2.16.840.1.113883.10.20.22.4.16"/>
              <id root="AdminMedication-f8676d38-e936-43b7-a4a9-73c8a5c019c7"/>
              <text>medication:IBUPROFEN (Motrin) 200 MG TABS|dose:MG mg|route:ORAL|frequency:EVERY 4-6 HOURS OR AS NECESSARY</text>
              <statusCode code="completed"/>
              <effectiveTime xsi:type="IVL_TS">
                <low value="20161213"/>
                <high value="20161209"/>
              </effectiveTime>
              <routeCode code="C38288" codeSystem="2.16.840.1.113883.3.26.1.1" codeSystemName="National Cancer Institute (NCI) Thesaurus" displayName="ORAL"/>
              <doseQuantity value="200.0" unit="mg"/>
              <rateQuantity nullFlavor="UNK"/>
              <consumable>
                <manufacturedProduct classCode="MANU">
                  <templateId root="2.16.840.1.113883.10.20.22.4.23" extension="2014-06-09"/>
                  <templateId root="2.16.840.1.113883.10.20.22.4.23"/>
                  <manufacturedMaterial>
                    <code code="310965" codeSystem="2.16.840.1.113883.6.88" codeSystemName="RXNorm" displayName="IBUPROFEN (Motrin) 200 MG TABS">
                      <translation code="00904791461" codeSystem="2.16.840.1.113883.6.69" codeSystemName="NDC" displayName="IBUPROFEN (Motrin) 200 MG TABS"/>
                    </code>
                  </manufacturedMaterial>
                </manufacturedProduct>
              </consumable>
              <performer>
                <assignedEntity>
                  <id root="2.16.840.1.113883.3.1579.7277837785.1.400" extension="1301" assigningAuthorityName="HMS PROVIDER NUMBER"/>
                  <id root="2.16.840.1.113883.4.6" extension="1750346755"/>
                  <addr><streetAddressLine>1044 WEST WALNUT RM 202</streetAddressLine><city>INDIANAPOLIS</city><state>IN</state><postalCode>17102</postalCode></addr>
                  <telecom nullFlavor="NAV"/>
                  <assignedPerson>
                    <name><family>MEDHOST</family><given>USER1</given></name>
                  </assignedPerson>
                </assignedEntity>
              </performer>
            </substanceAdministration>
          </entry>
        </section>
      </component>
      <component>
        <section>
          <templateId root="2.16.840.1.113883.10.20.22.2.17" extension="2015-08-01"/>
          <code code="29762-2" codeSystem="2.16.840.1.113883.6.1" codeSystemName="LOINC" displayName="SOCIAL HISTORY"/>
          <title>SOCIAL HISTORY</title>
          <text><table border="1" width="100%"><caption>SOCIAL HISTORY</caption><thead><tr><th>SNOMED-CT</th><th>Social History Element</th><th>Description</th><th>Effective Dates</th><th>Observation Date</th><th>Offered Cessation</th><th>Entered By</th><th>Comment</th></tr></thead><tbody><tr><td>449868002</td><td>Current Tobacco use and exposure Status</td><td>Current Every Day Smoker</td><td>Start: July 22, 2015 5:00:00 AM UTC</td><td>December 9, 2016 6:56:28 PM UTC</td><td/><td>HMS</td><td/></tr></tbody></table><br/><br/><table border="1" width="100%"><caption>SOCIAL HISTORY - Birth Gender</caption><tbody><tr><td>Birth Sex: Male</td></tr></tbody></table></text>
          <entry typeCode="DRIV">
            <observation classCode="OBS" moodCode="EVN">
              <templateId root="2.16.840.1.113883.10.20.22.4.78" extension="2015-08-01"/>
              <id root="b8fca38a-b05d-4813-8529-98a74b389d04"/>
              <code code="72166-2" codeSystem="2.16.840.1.113883.6.1" codeSystemName="LOINC" displayName="Tobacco use and exposure"/>
              <statusCode code="completed"/>
              <effectiveTime value="20161209185628+0000"/>
              <value xsi:type="CD" code="449868002" codeSystem="2.16.840.1.113883.6.96" codeSystemName="SNOMED CT" displayName="Current Every Day Smoker"/>
            </observation>
          </entry>
          <entry typeCode="DRIV">
            <observation classCode="OBS" moodCode="EVN">
              <templateId root="2.16.840.1.113883.10.20.22.4.200" extension="2016-06-01"/>
              <code code="76689-9" codeSystem="2.16.840.1.113883.6.1" codeSystemName="LOINC" displayName="Sex Assigned At Birth"/>
              <statusCode code="completed"/>
              <effectiveTime nullFlavor="NA"/>
              <value xsi:type="CD" code="M" codeSystem="2.16.840.1.113883.5.1" codeSystemName="Administrative Gender" displayName="Male"/>
            </observation>
          </entry>
        </section>
      </component>
      <component>
        <section>
          <templateId root="2.16.840.1.113883.10.20.22.2.4.1" extension="2015-08-01"/>
          <code code="8716-3" codeSystem="2.16.840.1.113883.6.1" codeSystemName="LOINC" displayName="Vital Signs"/>
          <title>VITAL SIGNS</title>
          <text><table border="1" width="100%"><caption>PATIENT VITAL SIGNS</caption><thead><tr><td colspan="4">This section displays the most recent value for each vital sign as of December 14, 2016 7:58:12 PM UTC</td></tr><tr><th scope="col">Vital Sign</th><th scope="col">Date</th><th scope="col">Result</th></tr></thead><tbody><tr><td align="left" scope="row">Diastolic blood pressure</td><td>December 13, 2016 1:35:00 AM UTC</td><td>76.0 mm[Hg]</td></tr><tr><td align="left" scope="row">Oxygen saturation in Arterial blood by Pulse oximetry</td><td>December 13, 2016 1:35:00 AM UTC</td><td>99.0 %</td></tr><tr><td align="left" scope="row">Heart rate</td><td>December 13, 2016 1:35:00 AM UTC</td><td>70 /min</td></tr><tr><td align="left" scope="row">Respiratory rate</td><td>December 13, 2016 1:35:00 AM UTC</td><td>25 /min</td></tr><tr><td align="left" scope="row">Systolic blood pressure</td><td>December 13, 2016 1:35:00 AM UTC</td><td>118.0 mm[Hg]</td></tr><tr><td align="left" scope="row">Body Surface Area Derived From Formula</td><td>December 9, 2016 6:19:58 PM UTC</td><td>2.0605 m2</td></tr><tr><td align="left" scope="row">Body mass index (BMI) [Ratio]</td><td>December 9, 2016 6:19:58 PM UTC</td><td>27.834 kg/m2</td></tr><tr><td align="left" scope="row">Body height</td><td>December 9, 2016 6:19:58 PM UTC</td><td>177.8 cm (70.0 in) </td></tr><tr><td align="left" scope="row">Body weight Measured</td><td>December 9, 2016 6:19:58 PM UTC</td><td>88.0 kg (194.0 lb) </td></tr></tbody></table></text>
          <entry typeCode="DRIV">
            <organizer classCode="CLUSTER" moodCode="EVN">
              <templateId root="2.16.840.1.113883.10.20.22.4.26" extension="2015-08-01"/>
              <id root="98f23377-54af-4f35-9007-805150040bda"/>
              <code code="46680005" codeSystem="2.16.840.1.113883.6.96" codeSystemName="SNOMED CT" displayName="VITAL SIGNS">
                <translation code="74728-7" codeSystem="2.16.840.1.113883.6.1" codeSystemName="SNOMED CT" displayName="Vital signs, weight, height, head circumference, oximetry, BMI, and BSA panel"/>
              </code>
              <statusCode code="completed"/>
              <effectiveTime>
                <low value="20161209173600+0000"/>
                <high value="20161209173600+0000"/>
              </effectiveTime>
              <component>
                <observation classCode="OBS" moodCode="EVN">
                  <templateId root="2.16.840.1.113883.10.20.22.4.27" extension="2014-06-09"/>
                  <templateId root="2.16.840.1.113883.10.20.22.4.27"/>
                  <id root="1655d844-1d9d-40e9-a765-bcb7b783172c"/>
                  <code code="8462-4" codeSystem="2.16.840.1.113883.6.1" codeSystemName="LOINC" displayName="Diastolic blood pressure"/>
                  <statusCode code="completed"/>
                  <effectiveTime value="20161213013500+0000"/>
                  <value xsi:type="PQ" value="76" unit="mm[Hg]"/>
                </observation>
              </component>
              <component>
                <observation classCode="OBS" moodCode="EVN">
                  <templateId root="2.16.840.1.113883.10.20.22.4.27" extension="2014-06-09"/>
                  <templateId root="2.16.840.1.113883.10.20.22.4.27"/>
                  <id root="f6d7e257-0376-47a1-a7ba-2f7cfd7023a1"/>
                  <code code="59408-5" codeSystem="2.16.840.1.113883.6.1" codeSystemName="LOINC" displayName="Oxygen saturation in Arterial blood by Pulse oximetry"/>
                  <statusCode code="completed"/>
                  <effectiveTime value="20161213013500+0000"/>
                  <value xsi:type="PQ" value="99" unit="%"/>
                </observation>
              </component>
              <component>
                <observation classCode="OBS" moodCode="EVN">
                  <templateId root="2.16.840.1.113883.10.20.22.4.27" extension="2014-06-09"/>
                  <templateId root="2.16.840.1.113883.10.20.22.4.27"/>
                  <id root="e6cb09e3-5802-423c-b25f-e1f4e9c7c75b"/>
                  <code code="8867-4" codeSystem="2.16.840.1.113883.6.1" codeSystemName="LOINC" displayName="Heart rate"/>
                  <statusCode code="completed"/>
                  <effectiveTime value="20161213013500+0000"/>
                  <value xsi:type="PQ" value="70" unit="/min"/>
                </observation>
              </component>
              <component>
                <observation classCode="OBS" moodCode="EVN">
                  <templateId root="2.16.840.1.113883.10.20.22.4.27" extension="2014-06-09"/>
                  <templateId root="2.16.840.1.113883.10.20.22.4.27"/>
                  <id root="768d5eab-a0fd-4d84-9ffe-9297c36fde4f"/>
                  <code code="9279-1" codeSystem="2.16.840.1.113883.6.1" codeSystemName="LOINC" displayName="Respiratory rate"/>
                  <statusCode code="completed"/>
                  <effectiveTime value="20161213013500+0000"/>
                  <value xsi:type="PQ" value="25" unit="/min"/>
                </observation>
              </component>
              <component>
                <observation classCode="OBS" moodCode="EVN">
                  <templateId root="2.16.840.1.113883.10.20.22.4.27" extension="2014-06-09"/>
                  <templateId root="2.16.840.1.113883.10.20.22.4.27"/>
                  <id root="9a4a87df-90e1-41d7-8487-ebf6f8324a77"/>
                  <code code="8480-6" codeSystem="2.16.840.1.113883.6.1" codeSystemName="LOINC" displayName="Systolic blood pressure"/>
                  <statusCode code="completed"/>
                  <effectiveTime value="20161213013500+0000"/>
                  <value xsi:type="PQ" value="118" unit="mm[Hg]"/>
                </observation>
              </component>
              <component>
                <observation classCode="OBS" moodCode="EVN">
                  <templateId root="2.16.840.1.113883.10.20.22.4.27" extension="2014-06-09"/>
                  <templateId root="2.16.840.1.113883.10.20.22.4.27"/>
                  <id root="f254b986-124f-418a-8451-5e83f2289cb6"/>
                  <code code="3140-1" codeSystem="2.16.840.1.113883.6.1" codeSystemName="LOINC" displayName="Body Surface Area Derived From Formula"/>
                  <statusCode code="completed"/>
                  <effectiveTime value="20161209181958+0000"/>
                  <value xsi:type="PQ" value="2.0605" unit="m2"/>
                </observation>
              </component>
              <component>
                <observation classCode="OBS" moodCode="EVN">
                  <templateId root="2.16.840.1.113883.10.20.22.4.27" extension="2014-06-09"/>
                  <templateId root="2.16.840.1.113883.10.20.22.4.27"/>
                  <id root="a39ec065-6d19-44ed-88d6-3d9e3df14046"/>
                  <code code="39156-5" codeSystem="2.16.840.1.113883.6.1" codeSystemName="LOINC" displayName="Body mass index (BMI) [Ratio]"/>
                  <statusCode code="completed"/>
                  <effectiveTime value="20161209181958+0000"/>
                  <value xsi:type="PQ" value="27.834" unit="kg/m2"/>
                </observation>
              </component>
              <component>
                <observation classCode="OBS" moodCode="EVN">
                  <templateId root="2.16.840.1.113883.10.20.22.4.27" extension="2014-06-09"/>
                  <templateId root="2.16.840.1.113883.10.20.22.4.27"/>
                  <id root="12b89359-593c-4a19-a294-b71028b0fe41"/>
                  <code code="8302-2" codeSystem="2.16.840.1.113883.6.1" codeSystemName="LOINC" displayName="Body height"/>
                  <statusCode code="completed"/>
                  <effectiveTime value="20161209181958+0000"/>
                  <value xsi:type="PQ" value="177.8" unit="cm"/>
                </observation>
              </component>
              <component>
                <observation classCode="OBS" moodCode="EVN">
                  <templateId root="2.16.840.1.113883.10.20.22.4.27" extension="2014-06-09"/>
                  <templateId root="2.16.840.1.113883.10.20.22.4.27"/>
                  <id root="247e415d-6294-44c9-ae33-332972c7f1e0"/>
                  <code code="29463-7" codeSystem="2.16.840.1.113883.6.1" codeSystemName="LOINC" displayName="Body weight Measured"/>
                  <statusCode code="completed"/>
                  <effectiveTime value="20161209181958+0000"/>
                  <value xsi:type="PQ" value="88" unit="kg"/>
                </observation>
              </component>
            </organizer>
          </entry>
        </section>
      </component>
      <component>
        <section nullFlavor="NI">
          <templateId root="2.16.840.1.113883.10.20.22.2.7.1" extension="2014-06-09"/>
          <code code="47519-4" codeSystem="2.16.840.1.113883.6.1" codeSystemName="LOINC" displayName="History of Procedures Document"/>
          <title>PROCEDURES</title>
          <text><table border="1" width="100%"><caption>PATIENT PROCEDURES</caption><thead><tr><th>CODE</th><th>SYSTEM</th><th>DESCRIPTION</th></tr></thead><tbody><tr><td colspan="3">Procedure information is not available.</td></tr></tbody></table></text>
        </section>
      </component>
      <component>
        <section nullFlavor="NI">
          <templateId root="2.16.840.1.113883.10.20.22.2.60"/>
          <code code="61146-7" codeSystem="2.16.840.1.113883.6.1" codeSystemName="LOINC" displayName="Goals"/>
          <title>GOALS</title>
          <text><table border="1" width="100%"><caption>PATIENT GOALS</caption><thead><tr><th>Goal</th><th>Date</th></tr></thead><tbody><tr><td colspan="2">Goal information is not available.</td></tr></tbody></table></text>
        </section>
      </component>
      <component>
        <section>
          <templateId root="2.16.840.1.113883.10.20.22.2.58"/>
          <code code="75310-3" codeSystem="2.16.840.1.113883.6.1" codeSystemName="LOINC" displayName="Health Concerns Document"/>
          <title>HEALTH CONCERNS</title>
          <text><table border="1" width="100%"><caption>Problems</caption><thead><tr><th>Concern</th><th>Status</th><th>Date</th></tr></thead><tbody><tr><td>Hypercholesterolemia</td><td>active</td><td/></tr></tbody></table><br/><table border="1" width="100%"><caption>Smoking Status</caption><thead><tr><th>Concern</th><th>Status</th><th>Date</th></tr></thead><tbody><tr><td>Current Every Day Smoker</td><td>completed</td><td>NA</td></tr></tbody></table><br/><table border="1" width="100%"><caption>Family History</caption><tbody><tr><th colspan="3" align="left">RELATION: Mother<br/>Status: LIVING</th></tr><tr><th>Concern</th><th>Status</th><th>Date</th></tr><tr><td>Hypercholesterolemia</td><td>completed</td><td>December 13, 2016</td></tr></tbody></table></text>
          <entry>
            <act classCode="ACT" moodCode="EVN">
              <templateId root="2.16.840.1.113883.10.20.22.4.132" extension="2015-08-01"/>
              <id root="6211258e-95e2-4a1b-a8e4-f8ed892a00e7"/>
              <code code="75310-3" codeSystem="2.16.840.1.113883.6.1" codeSystemName="LOINC" displayName="Health Concern"/>
              <statusCode code="active"/>
              <entryRelationship typeCode="REFR">
                <observation classCode="OBS" moodCode="EVN" negationInd="false">
                  <templateId root="2.16.840.1.113883.10.20.22.4.4" extension="2015-08-01"/>
                  <templateId root="2.16.840.1.113883.10.20.22.4.4"/>
                  <id root="5fe69d64-610c-480d-b16b-075d6ecc03c7"/>
                  <code code="55607006" codeSystem="2.16.840.1.113883.6.96" codeSystemName="SNOMEDCT" displayName="Problem">
                    <translation code="75326-9" codeSystem="2.16.840.1.113883.6.1" codeSystemName="LOINC" displayName="Problem"/>
                  </code>
                  <statusCode code="completed"/>
                  <effectiveTime>
                    <low nullFlavor="UNK"/>
                    <high nullFlavor="UNK"/>
                  </effectiveTime>
                  <value xsi:type="CD" code="13644009" codeSystem="2.16.840.1.113883.6.96" codeSystemName="SNOMEDCT" displayName="Hypercholesterolemia"/>
                </observation>
              </entryRelationship>
            </act>
          </entry>
          <entry>
            <act classCode="ACT" moodCode="EVN">
              <templateId root="2.16.840.1.113883.10.20.22.4.132" extension="2015-08-01"/>
              <id root="2fd14abd-fabb-40ce-a467-239a423e5b62"/>
              <code code="75310-3" codeSystem="2.16.840.1.113883.6.1" codeSystemName="LOINC" displayName="Health Concern"/>
              <statusCode code="completed"/>
              <entryRelationship typeCode="REFR">
                <observation classCode="OBS" moodCode="EVN">
                  <templateId root="2.16.840.1.113883.10.20.22.4.78" extension="2014-06-09"/>
                  <templateId root="2.16.840.1.113883.10.20.22.4.78"/>
                  <id root="6d6d7858-8065-4538-8fba-a2fc8b14b6de"/>
                  <code code="72166-2" codeSystem="2.16.840.1.113883.6.1" codeSystemName="LOINC" displayName="Tobacco Smoking Status"/>
                  <statusCode code="completed"/>
                  <effectiveTime nullFlavor="NA"/>
                  <value xsi:type="CD" code="449868002" codeSystem="2.16.840.1.113883.6.96" codeSystemName="SNOMEDCT" displayName="Current Every Day Smoker"/>
                </observation>
              </entryRelationship>
            </act>
          </entry>
          <entry>
            <act classCode="ACT" moodCode="EVN">
              <templateId root="2.16.840.1.113883.10.20.22.4.132" extension="2015-08-01"/>
              <id root="b816494f-ec62-42af-8cd1-a8cad4bba8fb"/>
              <code code="75310-3" codeSystem="2.16.840.1.113883.6.1" codeSystemName="LOINC" displayName="Health Concern"/>
              <statusCode code="completed"/>
              <entryRelationship typeCode="REFR">
                <organizer classCode="CLUSTER" moodCode="EVN">
                  <templateId root="2.16.840.1.113883.10.20.22.4.45" extension="2015-08-01"/>
                  <templateId root="2.16.840.1.113883.10.20.22.4.45"/>
                  <id root="a0f82fa5-8890-4939-a295-f6665ac8dd77"/>
                  <statusCode code="completed"/>
                  <subject>
                    <relatedSubject classCode="PRS">
                      <code code="MTH" codeSystem="2.16.840.1.113883.5.111" codeSystemName="RoleCode" displayName="Mother"/>
                      <subject>
                        <administrativeGenderCode code="F" codeSystem="2.16.840.1.113883.5.1" codeSystemName="Administrative Gender" displayName="FEMALE"/>
                        <birthTime value="1951"/>
                        <sdtc:deceasedInd value="false"/>
                      </subject>
                    </relatedSubject>
                  </subject>
                  <component>
                    <observation classCode="OBS" moodCode="EVN">
                      <templateId root="2.16.840.1.113883.10.20.22.4.46" extension="2015-08-01"/>
                      <id root="4a639ba0-6963-4bc1-817a-195d490527ba"/>
                      <code code="64572001" codeSystem="2.16.840.1.113883.6.96" codeSystemName="SNOMED CT" displayName="Condition">
                        <translation code="75323-6" codeSystem="2.16.840.1.113883.6.1" codeSystemName="LOINC" displayName="Condition"/>
                      </code>
                      <statusCode code="completed"/>
                      <effectiveTime value="20161213015652+0000"/>
                      <value xsi:type="CD" code="13644009" codeSystem="2.16.840.1.113883.6.96" codeSystemName="SNOMED CT" displayName="Hypercholesterolemia"/>
                      <entryRelationship typeCode="SUBJ" inversionInd="true">
                        <observation classCode="OBS" moodCode="EVN">
                          <templateId root="2.16.840.1.113883.10.20.22.4.31"/>
                          <code code="445518008" codeSystem="2.16.840.1.113883.6.96" codeSystemName="SNOMED CT" displayName="Age at Onset"/>
                          <statusCode code="completed"/>
                          <value xsi:type="PQ" value="55.0" unit="a"/>
                        </observation>
                      </entryRelationship>
                    </observation>
                  </component>
                </organizer>
              </entryRelationship>
            </act>
          </entry>
        </section>
      </component>
      <component>
        <section nullFlavor="NI">
          <templateId root="2.16.840.1.113883.10.20.22.2.23" extension="2014-06-09"/>
          <code code="46264-8" codeSystem="2.16.840.1.113883.6.1" codeSystemName="LOINC" displayName="Medical Equipment"/>
          <title>MEDICAL EQUIPMENT</title>
          <text><table border="1" width="100%"><caption>MEDICAL EQUIPMENT</caption><thead><tr><th>Device</th><th>Status</th><th>Quantity</th><th>Dates</th><th>Procedure</th><th>Comments</th></tr></thead><tbody><tr><td colspan="6">Information not available.</td></tr></tbody></table></text>
        </section>
      </component>
      <component>
        <section>
          <templateId root="2.16.840.1.113883.10.20.22.2.22.1" extension="2015-08-01"/>
          <code code="46240-8" codeSystem="2.16.840.1.113883.6.1" codeSystemName="LOINC" displayName="History of hospitalizations+History of outpatient visits Narrative"/>
          <title>ENCOUNTERS</title>
          <text><table border="1" width="100%"><caption>ENCOUNTER INFORMATION</caption><tbody><tr><th scope="row">Reason for Visit</th><td colspan="2">CAREGIVER ANNUAL HEALTH CHECK</td></tr><tr><th scope="row">Admission</th><td>December 9, 2016 5:36:00 PM UTC</td><td>MU CERTIFY HOSPITAL<br/>6550 CAROTHERS PKWY<br/>FRANKLIN TN 37067</td></tr><tr><th scope="row">Discharge</th><td>December 9, 2016 5:36:00 PM UTC</td><td/></tr></tbody></table><br/><br/><table border="1" width="100%"><caption>CARE TEAM</caption><thead><tr><th>Care Team Member</th><th>Role</th></tr></thead><tbody><tr><td>ALBERT DAVIS</td><td>Admitting</td></tr><tr><td>ALBERT DAVIS</td><td>Primary Attending</td></tr><tr><td>ALBERT DAVIS</td><td>Referring</td></tr><tr><td>SEVEN HENRY</td><td>Primary Care</td></tr></tbody></table><br/><br/><table border="1" width="100%"><caption>ENCOUNTER DIAGNOSES</caption><thead><tr><th>Code</th><th>System</th><th>Diagnosis</th><th>Onset Date</th></tr></thead><tbody><tr><td colspan="4">Diagnosis information is not available.</td></tr></tbody></table></text>
          <entry typeCode="DRIV">
            <encounter classCode="ENC" moodCode="EVN">
              <templateId root="2.16.840.1.113883.10.20.22.4.49" extension="2015-08-01"/>
              <id root="2.16.840.1.113883.3.1579.7277837785.1.300" extension="2222470" assigningAuthorityName="HMS PATIENT ACCOUNT NUMBER"/>
              <code code="373864002" codeSystem="2.16.840.1.113883.6.96" codeSystemName="SNOMED CT" displayName="Outpatient Encounter"/>
              <effectiveTime>
                <low value="20161209173600+0000"/>
                <high value="20161209173600+0000"/>
              </effectiveTime>
              <performer>
                <assignedEntity>
                  <id root="2.16.840.1.113883.4.6" extension="8475638910"/>
                  <addr><streetAddressLine>123 MAIN STREET</streetAddressLine><city>NASHVILLE</city><state>TN</state><postalCode>37204</postalCode></addr>
                  <telecom nullFlavor="NAV"/>
                  <assignedPerson>
                    <name><family>DAVIS</family><given>ALBERT</given></name>
                  </assignedPerson>
                </assignedEntity>
              </performer>
              <performer>
                <assignedEntity>
                  <id root="2.16.840.1.113883.4.6" extension="8475638910"/>
                  <addr><streetAddressLine>123 MAIN STREET</streetAddressLine><city>NASHVILLE</city><state>TN</state><postalCode>37204</postalCode></addr>
                  <telecom nullFlavor="NAV"/>
                  <assignedPerson>
                    <name><family>DAVIS</family><given>ALBERT</given></name>
                  </assignedPerson>
                </assignedEntity>
              </performer>
              <performer>
                <assignedEntity>
                  <id root="2.16.840.1.113883.4.6" extension="8475638910"/>
                  <addr><streetAddressLine>123 MAIN STREET</streetAddressLine><city>NASHVILLE</city><state>TN</state><postalCode>37204</postalCode></addr>
                  <telecom nullFlavor="NAV"/>
                  <assignedPerson>
                    <name><family>DAVIS</family><given>ALBERT</given></name>
                  </assignedPerson>
                </assignedEntity>
              </performer>
              <performer>
                <assignedEntity>
                  <id root="2.16.840.1.113883.4.6" extension="123123123"/>
                  <addr><streetAddressLine>1002 HEALTHCARE DRIVE</streetAddressLine><city>PORTLAND</city><state>OR</state><postalCode>97266</postalCode></addr>
                  <telecom value="tel:(555)555-1002" use="WP"/>
                  <assignedPerson>
                    <name><family>HENRY</family><given>SEVEN</given></name>
                  </assignedPerson>
                </assignedEntity>
              </performer>
              <participant typeCode="LOC">
                <participantRole classCode="SDLOC">
                  <playingEntity>
                    <name>MU CERTIFY HOSPITAL</name>
                  </playingEntity>
                </participantRole>
              </participant>
            </encounter>
          </entry>
        </section>
      </component>
      <component>
        <section nullFlavor="NI">
          <templateId root="2.16.840.1.113883.10.20.22.2.41"/>
          <code code="8653-8" codeSystem="2.16.840.1.113883.6.1" codeSystemName="LOINC" displayName="Hospital Discharge Instructions"/>
          <title>HOSPITAL DISCHARGE INSTRUCTION</title>
          <text><table border="1" width="100%"><caption>DISCHARGE INSTRUCTION</caption><tbody><tr><td colspan="5">Discharge instruction information is not available</td></tr></tbody></table></text>
        </section>
      </component>
    </structuredBody>
  </component>
</ClinicalDocument>