<?xml version="1.0" encoding="UTF-8" standalone="yes"?>
<?xml-stylesheet type="text/xsl" href="C:/Program Files/Apache Software Foundation/Tomcat 9.0/webapps/agastha12/xmlSchema/meaningfulUse3/CDA_SDTC/infrastructure/cda/CDA_SDTC.xsd/xmlSchema/meaningfulUse3/CDA_SDTC/infrastructure/cda/CDA.xsl"?>
<ClinicalDocument xmlns="urn:hl7-org:v3" xmlns:sdtc="urn:hl7-org:sdtc" xmlns:xsi="http://www.w3.org/2001/XMLSchema-instance" xsi:schemaLocation="urn:hl7-org:v3 C:/Program Files/Apache Software Foundation/Tomcat 9.0/webapps/agastha12/xmlSchema/meaningfulUse3/CDA_SDTC/infrastructure/cda/CDA_SDTC.xsd/xmlSchema/meaningfulUse3/CDA_SDTC/infrastructure/cda/CDA_SDTC.xsd">
    <realmCode code="US"/>
    <typeId root="2.16.840.1.113883.1.3" extension="POCD_HD000040"/>
    <templateId root="2.16.840.1.113883.10.20.22.1.1" extension="2015-08-01"/>
    <templateId root="2.16.840.1.113883.10.20.22.1.1"/>
    <templateId root="2.16.840.1.113883.10.20.22.1.2" extension="2015-08-01"/>
    <templateId root="2.16.840.1.113883.10.20.22.1.2"/>
    <id root="2.16.840.1.113883.19.5.99999.1" extension="TT988"/>
    <code code="34133-9" codeSystem="2.16.840.1.113883.6.1" codeSystemName="LOINC" displayName="Summarization of Episode Note"/>
    <title>Agastha Medical Center Transitions of Care : Consolidated CDA</title>
    <effectiveTime value="20171031102208-0400"/>
    <confidentialityCode code="N" codeSystem="2.16.840.1.113883.5.25" codeSystemName="Confidentiality" displayName="normal"/>
    <languageCode code="en-US"/>
    <setId root="2.16.840.1.113883.19.5.99999.19" extension="Transitions of Care"/>
    <versionNumber value="1"/>
    <recordTarget>
        <patientRole>
            <id root="2.16.840.1.113883.4.1"/>
            <addr use="HP">
                <streetAddressLine>1357 Amber Dr Beaverton</streetAddressLine>
                <city>Aloha</city>
                <state>OR</state>
                <postalCode>97006</postalCode>
                <country>United States</country>
            </addr>
            <telecom use="HP" value="tel:+1(555)723-1544"/>
            <patient>
                <name use="L">
                    <given>Glen</given>
                    <family>Maswell</family>
                </name>
                <administrativeGenderCode code="F" codeSystem="2.16.840.1.113883.5.1" codeSystemName="AdministrativeGender" displayName="Female"/>
                <birthTime value="19700501"/>
                <raceCode code="2106-3" codeSystem="2.16.840.1.113883.6.238" codeSystemName="Race &amp; Ethnicity - CDC" displayName="White"/>
                <sdtc:raceCode code="2108-9" codeSystem="2.16.840.1.113883.6.238" codeSystemName="Race &amp; Ethnicity - CDC" displayName="European"/>
                <ethnicGroupCode code="2186-5" codeSystem="2.16.840.1.113883.6.238" codeSystemName="Race &amp; Ethnicity - CDC" displayName="Not Hispanic or Latino"/>
                <sdtc:ethnicGroupCode code="2186-5" codeSystem="2.16.840.1.113883.6.238" codeSystemName="Race &amp; Ethnicity - CDC" displayName="Not Hispanic or Latino"/>
                <guardian>
                    <code code="GUARD" codeSystem="2.16.840.1.113883.5.111" codeSystemName="Personal And Legal Relationship Role Type" displayName="guardian"/>
                    <addr use="HP">
                        <streetAddressLine>1357 Amber Dr Beaverton</streetAddressLine>
                        <city>Aloha</city>
                        <state>OR</state>
                        <postalCode>97006</postalCode>
                        <country>United States</country>
                    </addr>
                    <guardianPerson>
                        <name>
                            <given>Matthew</given>
                            <family>Newman</family>
                        </name>
                    </guardianPerson>
                </guardian>
                <languageCommunication>
                    <languageCode code="en-US"/>
                    <modeCode code="ESP" codeSystem="2.16.840.1.113883.5.60" codeSystemName="LanguageAbilityMode" displayName="Expressed spoken"/>
                    <proficiencyLevelCode code="G" codeSystem="2.16.840.1.113883.5.61" codeSystemName="LanguageAbilityProficiency" displayName="Good"/>
                    <preferenceInd value="true"/>
                </languageCommunication>
            </patient>
            <providerOrganization>
                <id root="2.16.840.1.113883.4.6" extension="1298765654"/>
                <name>Agastha Medical Center</name>
                <telecom use="WP" value="tel:+1(704)544-6504"/>
                <addr use="WP">
                    <streetAddressLine>15720 John J. Delaney Drive</streetAddressLine>
                    <city>Charlotte</city>
                    <state>NC</state>
                    <postalCode>28277</postalCode>
                    <country>United States</country>
                </addr>
            </providerOrganization>
        </patientRole>
    </recordTarget>
    <author>
        <time value="201710311022-0400"/>
        <assignedAuthor>
            <id root="2.16.840.1.113883.4.6" extension="0000000000"/>
            <code code="0000000000" codeSystem="2.16.840.1.113883.6.101" codeSystemName="Healthcare Provider Taxonomy (HIPAA)" displayName=" "/>
            <addr use="WP">
                <streetAddressLine>2472 Rocky place</streetAddressLine>
                <city>Beaverton</city>
                <state>OR</state>
                <postalCode>97006</postalCode>
                <country>United States</country>
            </addr>
            <telecom use="WP" value="tel:+1(555)555-1002"/>
            <assignedPerson>
                <name>
                    <given>Albert</given>
                    <family>Davis</family>
                    <suffix>Dr</suffix>
                </name>
            </assignedPerson>
        </assignedAuthor>
    </author>
    <dataEnterer>
        <assignedEntity>
            <id root="2.16.840.1.113883.4.6" extension="0000000000"/>
            <addr use="WP">
                <streetAddressLine>2472 Rocky place</streetAddressLine>
                <city>Beaverton</city>
                <state>OR</state>
                <postalCode>97006</postalCode>
                <country>United States</country>
            </addr>
            <telecom use="WP" value="tel:+1(555)555-1002"/>
            <assignedPerson>
                <name>
                    <given>Albert</given>
                    <family>Davis</family>
                </name>
            </assignedPerson>
        </assignedEntity>
    </dataEnterer>
    <informant>
        <assignedEntity>
            <id root="2.16.840.1.113883.4.6" extension="0000000000"/>
            <addr use="WP">
                <streetAddressLine>2472 Rocky place</streetAddressLine>
                <city>Beaverton</city>
                <state>OR</state>
                <postalCode>97006</postalCode>
                <country>United States</country>
            </addr>
            <telecom use="WP" value="tel:+1(555)555-1002"/>
            <assignedPerson>
                <name>
                    <given>Albert</given>
                    <family>Davis</family>
                </name>
            </assignedPerson>
        </assignedEntity>
    </informant>
    <informant>
        <relatedEntity classCode="PRS">
            <code code="SPS" codeSystem="2.16.840.1.113883.1.11.19563" codeSystemName="Personal Relationship Role Type Value Set" displayName="spouse"/>
            <relatedPerson>
                <name>
                    <given>Matthew</given>
                    <family>Newman</family>
                </name>
            </relatedPerson>
        </relatedEntity>
    </informant>
    <custodian>
        <assignedCustodian>
            <representedCustodianOrganization>
                <id root="2.16.840.1.113883.4.6" extension="1298765654"/>
                <name>Agastha Medical Center</name>
                <telecom use="WP" value="tel:+1(704)544-6504"/>
                <addr use="WP">
                    <streetAddressLine>15720 John J. Delaney Drive</streetAddressLine>
                    <city>Charlotte</city>
                    <state>NC</state>
                    <postalCode>28277</postalCode>
                    <country>United States</country>
                </addr>
            </representedCustodianOrganization>
        </assignedCustodian>
    </custodian>
    <legalAuthenticator>
        <time value="20171031102208-0400"/>
        <signatureCode code="S"/>
        <assignedEntity>
            <id root="2.16.840.1.113883.4.6" extension="0000000000"/>
            <code code="0000000000" codeSystem="2.16.840.1.113883.6.101" codeSystemName="Healthcare Provider Taxonomy (HIPAA)" displayName=" "/>
            <addr use="WP">
                <streetAddressLine>2472 Rocky place</streetAddressLine>
                <city>Beaverton</city>
                <state>OR</state>
                <postalCode>97006</postalCode>
                <country>United States</country>
            </addr>
            <telecom use="WP" value="tel:+1(555)555-1002"/>
            <assignedPerson>
                <name>
                    <given>Albert</given>
                    <family>Davis</family>
                    <prefix>Dr</prefix>
                </name>
            </assignedPerson>
        </assignedEntity>
    </legalAuthenticator>
    <authenticator>
        <time value="20171031102208-0400"/>
        <signatureCode code="S"/>
        <assignedEntity>
            <id root="2.16.840.1.113883.4.6" extension="0000000000"/>
            <code code="0000000000" codeSystem="2.16.840.1.113883.6.101" codeSystemName="Healthcare Provider Taxonomy (HIPAA)" displayName=" "/>
            <addr use="WP">
                <streetAddressLine>2472 Rocky place</streetAddressLine>
                <city>Beaverton</city>
                <state>OR</state>
                <postalCode>97006</postalCode>
                <country>United States</country>
            </addr>
            <telecom use="WP" value="tel:+1(555)555-1002"/>
            <assignedPerson>
                <name>
                    <given>Albert</given>
                    <family>Davis</family>
                    <prefix>Dr</prefix>
                </name>
            </assignedPerson>
        </assignedEntity>
    </authenticator>
    <participant typeCode="IND">
        <associatedEntity classCode="PRS">
            <code code="SPS" codeSystem="2.16.840.1.113883.1.11.19563" codeSystemName="Personal Relationship Role Type Value Set" displayName="spouse"/>
            <addr use="HP">
                <streetAddressLine>1357 Amber Dr Beaverton</streetAddressLine>
                <city>Aloha</city>
                <state>OR</state>
                <postalCode>97006</postalCode>
                <country>United States</country>
            </addr>
            <associatedPerson>
                <name>
                    <given>Matthew</given>
                    <family>Newman</family>
                </name>
            </associatedPerson>
        </associatedEntity>
    </participant>
    <documentationOf>
        <serviceEvent classCode="PCPR">
            <effectiveTime>
                <low value="20171031102208-0400"/>
                <high value="20171031102208-0400"/>
            </effectiveTime>
            <performer typeCode="PRF">
                <functionCode code="PCP" codeSystem="2.16.840.1.113883.5.88" codeSystemName="ParticipationFunction" displayName="Primary Care Provider">
                    <originalText>Primary Care Provider</originalText>
                </functionCode>
                <assignedEntity>
                    <id root="2.16.840.1.113883.4.6" extension="0000000000"/>
                    <code code="0000000000" codeSystem="2.16.840.1.113883.6.101" codeSystemName="Healthcare Provider Taxonomy (HIPAA)" displayName=" "/>
                    <addr>
                        <streetAddressLine>2472 Rocky place</streetAddressLine>
                        <city>Beaverton</city>
                        <state>OR</state>
                        <postalCode>97006</postalCode>
                        <country>United States</country>
                    </addr>
                    <telecom use="WP" value="tel:+1(555)555-1002"/>
                    <assignedPerson>
                        <name>
                            <given>Albert</given>
                            <family>Davis</family>
                            <prefix>Dr</prefix>
                        </name>
                    </assignedPerson>
                    <representedOrganization>
                        <id root="2.16.840.1.113883.4.6" extension="219BX"/>
                        <name>Agastha Medical Center</name>
                        <telecom use="WP" value="tel:+1(704)544-6504"/>
                        <addr>
                            <streetAddressLine>15720 John J. Delaney Drive</streetAddressLine>
                            <city>Charlotte</city>
                            <state>NC</state>
                            <postalCode>28277</postalCode>
                            <country>United States</country>
                        </addr>
                    </representedOrganization>
                </assignedEntity>
            </performer>
        </serviceEvent>
    </documentationOf>
    <component>
        <structuredBody>
            <component>
                <section>
                    <templateId root="2.16.840.1.113883.10.20.22.2.6.1" extension="2015-08-01"/>
                    <templateId root="2.16.840.1.113883.10.20.22.2.6.1"/>
                    <code code="48765-2" codeSystem="2.16.840.1.113883.6.1" codeSystemName="LOINC"/>
                    <title>ALLERGIES AND ADVERSE REACTIONS</title>
                    <text>
                        <table width="100" border="1">
                            <thead>
<tr>
    <th>Substance</th>
    <th>Reaction</th>
    <th>Severity</th>
</tr>
                            </thead>
                            <tbody>
<tr>
    <td ID="substance1">Bactrim</td>
    <td ID="reaction1">Hives</td>
    <td ID="severity1">Mild</td>
</tr>
                            </tbody>
                        </table>
                    </text>
                    <entry typeCode="DRIV">
                        <act classCode="ACT" moodCode="EVN">
                            <templateId root="2.16.840.1.113883.10.20.22.4.30" extension="2015-08-01"/>
                            <templateId root="2.16.840.1.113883.10.20.22.4.30"/>
                            <id root="36e3e930-7b14-11db-9fe1-0800200c9a60"/>
                            <code code="CONC" codeSystem="2.16.840.1.113883.5.6"/>
                            <statusCode code="active"/>
                            <effectiveTime>
<low value="20120922"/>
<high value="20120922"/>
                            </effectiveTime>
                            <entryRelationship typeCode="SUBJ">
<observation classCode="OBS" moodCode="EVN">
    <templateId root="2.16.840.1.113883.10.20.22.4.7" extension="2014-06-09"/>
    <templateId root="2.16.840.1.113883.10.20.22.4.7"/>
    <id root="4adc1020-7b14-11db-9fe1-0800200c9a60"/>
    <code code="ASSERTION" codeSystem="2.16.840.1.113883.5.4"/>
    <text>
        <reference value="Bactrim"/>
    </text>
    <statusCode code="completed"/>
    <effectiveTime>
        <low value="20120904"/>
    </effectiveTime>
    <value xsi:type="CD" code="419511003" codeSystem="2.16.840.1.113883.6.96" codeSystemName="SNOMED-CT" displayName="Propensity to adverse reaction to drug"/>
    <participant typeCode="CSM">
        <participantRole classCode="MANU">
            <playingEntity classCode="MMAT">
                <code code="151399" codeSystem="2.16.840.1.113883.6.88" codeSystemName="RxNorm" displayName="Bactrim">
                    <originalText>
                        <reference value="#substance1"/>
                    </originalText>
                </code>
            </playingEntity>
        </participantRole>
    </participant>
    <entryRelationship typeCode="MFST" inversionInd="true">
        <observation classCode="OBS" moodCode="EVN">
            <templateId root="2.16.840.1.113883.10.20.22.4.9" extension="2014-06-09"/>
            <templateId root="2.16.840.1.113883.10.20.22.4.9"/>
            <id root="4adc1020-7b14-11db-9fe1-0800200c9a60"/>
            <code code="ASSERTION" codeSystem="2.16.840.1.113883.5.4"/>
            <text>Hives<reference value="#reaction1"/>
            </text>
            <statusCode code="completed"/>
            <effectiveTime>
                <low value="20120922"/>
            </effectiveTime>
            <value xsi:type="CD" code="247472004" codeSystem="2.16.840.1.113883.6.96" codeSystemName="SNOMED-CT"/>
            <entryRelationship typeCode="SUBJ" inversionInd="true">
                <observation classCode="OBS" moodCode="EVN">
                    <templateId root="2.16.840.1.113883.10.20.22.4.8" extension="2014-06-09"/>
                    <templateId root="2.16.840.1.113883.10.20.22.4.8"/>
                    <code code="SEV" codeSystem="2.16.840.1.113883.5.4" codeSystemName="ActCode" displayName="Severity Observation"/>
                    <text>Mild<reference value="#allergyseverity1"/>
                    </text>
                    <statusCode code="completed"/>
                    <value xsi:type="CD" code="255604002" codeSystem="2.16.840.1.113883.6.96" codeSystemName="SNOMED-CT" displayName="Mild"/>
                </observation>
            </entryRelationship>
        </observation>
    </entryRelationship>
</observation>
                            </entryRelationship>
                        </act>
                    </entry>
                </section>
            </component>
            <component>
                <section>
                    <templateId root="2.16.840.1.113883.10.20.22.2.22.1" extension="2015-08-01"/>
                    <templateId root="2.16.840.1.113883.10.20.22.2.22.1"/>
                    <code code="46240-8" codeSystem="2.16.840.1.113883.6.1" codeSystemName="LOINC" displayName="History of encounters"/>
                    <title>ENCOUNTERS</title>
                    <text>
                        <table width="100" border="1">
                            <thead>
<tr>
    <th>Encounter</th>
    <th>Performer</th>
    <th>Location</th>
    <th>Date</th>
    <th>SNOMED</th>
</tr>
                            </thead>
                            <tbody>
<tr>
    <td>
        <content ID="Encounter1">New Patient</content>
    </td>
    <td>Davis, Albert</td>
    <td>Charlotte</td>
    <td>Jul 22, 2015</td>
    <td>780.60</td>
</tr>
                            </tbody>
                        </table>
                    </text>
                    <entry typeCode="DRIV">
                        <encounter classCode="ENC" moodCode="EVN">
                            <templateId root="2.16.840.1.113883.10.20.22.4.49" extension="2015-08-01"/>
                            <templateId root="2.16.840.1.113883.10.20.22.4.49"/>
                            <id root="2a620155-9d11-439e-92b3-5d9815ff4de0"/>
                            <code code="99201" codeSystem="2.16.840.1.113883.6.12" codeSystemName="CPT-4" displayName="New Pt Office Visit Level 1">
<originalText>New Patient<reference value="#Encounter1"/>
</originalText>
                            </code>
                            <effectiveTime value="20150722000000-0400"/>
                            <performer>
<assignedEntity>
    <id root="2.16.840.1.113883.4.6" extension="0000000000"/>
    <code code="0000000000" codeSystem="2.16.840.1.114222.4.11.1066" codeSystemName="Healthcare Provider Taxonomy (HIPAA)" displayName="General physician"/>
</assignedEntity>
                            </performer>
                            <participant typeCode="LOC">
<participantRole classCode="SDLOC">
    <templateId root="2.16.840.1.113883.10.20.22.4.32"/>
    <code code="1160-1" codeSystem="2.16.840.1.113883.6.259" codeSystemName="HL7 HealthcareServiceLocation" displayName="Urgent Care Facility"/>
    <addr>
        <streetAddressLine>112 Bridge street</streetAddressLine>
        <city>Charlotte</city>
        <state>NC</state>
        <postalCode>28203</postalCode>
        <country>United States</country>
    </addr>
    <telecom use="WP" value="tel:+1(555)555-1002"/>
    <playingEntity classCode="PLC">
        <name>Charlotte</name>
    </playingEntity>
</participantRole>
                            </participant>
                            <entryRelationship typeCode="SUBJ">
<act classCode="ACT" moodCode="EVN">
    <templateId root="2.16.840.1.113883.10.20.22.4.80" extension="2015-08-01"/>
    <templateId root="2.16.840.1.113883.10.20.22.4.19"/>
    <id root="5a784260-6857-4f38-9638-80c751aff2fb" extension="38047"/>
    <code code="29308-4" codeSystem="2.16.840.1.113883.6.1" codeSystemName="LOINC" displayName="ENCOUNTER DIAGNOSIS"/>
    <effectiveTime>
        <low value="20150722000000-0400"/>
    </effectiveTime>
    <entryRelationship typeCode="SUBJ">
        <observation classCode="OBS" moodCode="EVN">
            <templateId root="2.16.840.1.113883.10.20.22.4.4" extension="2015-08-01"/>
            <templateId root="2.16.840.1.113883.10.20.22.4.4"/>
            <id root="ab1791b0-5c71-13db-b0de-0800200c9a66"/>
            <code code="404684003" codeSystem="2.16.840.1.113883.6.96" codeSystemName="SNOMED-CT" displayName="Finding">
                <translation code="75321-0" codeSystem="2.16.840.1.113883.6.1" codeSystemName="LOINC" displayName="Clinical Finding"/>
            </code>
            <statusCode code="completed"/>
            <effectiveTime>
                <low value="20150722000000-0400"/>
            </effectiveTime>
            <value xsi:type="CD" code="780.60" codeSystem="2.16.840.1.113883.6.104" codeSystemName="ICD-9-CM" displayName="FEVER UNSPECIFIED"/>
        </observation>
    </entryRelationship>
</act>
                            </entryRelationship>
                        </encounter>
                    </entry>
                </section>
            </component>
            <component>
                <section>
                    <templateId root="2.16.840.1.113883.10.20.22.2.1.1" extension="2014-06-09"/>
                    <templateId root="2.16.840.1.113883.10.20.22.2.1.1"/>
                    <code code="10160-0" codeSystem="2.16.840.1.113883.6.1" codeSystemName="LOINC" displayName="HISTORY OF MEDICATION USE"/>
                    <title>MEDICATIONS</title>
                    <text>No known Medications</text>
                    <entry>
                        <substanceAdministration classCode="SBADM" moodCode="EVN" negationInd="true">
                            <templateId root="2.16.840.1.113883.10.20.22.4.16" extension="2014-06-09"/>
                            <templateId root="2.16.840.1.113883.10.20.22.4.16"/>
                            <id root="cdbd33f0-6cde-11db-9fe1-0800200c9a66"/>
                            <statusCode code="active"/>
                            <effectiveTime xsi:type="IVL_TS">
<low nullFlavor="NA"/>
                            </effectiveTime>
                            <doseQuantity nullFlavor="NA"/>
                            <consumable>
<manufacturedProduct classCode="MANU">
    <templateId root="2.16.840.1.113883.10.20.22.4.23" extension="2014-06-09"/>
    <templateId root="2.16.840.1.113883.10.20.22.4.23"/>
    <id root="2a620155-9d11-439e-92b3-5d9815ff4ee8"/>
    <manufacturedMaterial>
        <code codeSystem="2.16.840.1.113883.6.88" nullFlavor="OTH">
            <translation code="410942007" codeSystem="2.16.840.1.113883.6.96" codeSystemName="SNOMED CT" displayName="drug or medication"/>
        </code>
    </manufacturedMaterial>
</manufacturedProduct>
                            </consumable>
                        </substanceAdministration>
                    </entry>
                </section>
            </component>
            <component>
                <section>
                    <templateId root="2.16.840.1.113883.10.20.22.2.5.1" extension="2015-08-01"/>
                    <templateId root="2.16.840.1.113883.10.20.22.2.5.1"/>
                    <code code="11450-4" codeSystem="2.16.840.1.113883.6.1" codeSystemName="LOINC" displayName="PROBLEM LIST"/>
                    <title>PROBLEMS</title>
                    <text>
                        <paragraph>Active Concerns</paragraph>
                        <list>
                            <item>Problem #1<list>
    <item>Flu-like symptoms (onset 22 Jun,2015)</item>
</list>
                            </item>
                            <item>Problem #2<list>
    <item>Influenza (onset 22 Jun,2015)</item>
</list>
                            </item>
                        </list>
                    </text>
                    <entry typeCode="DRIV">
                        <act classCode="ACT" moodCode="EVN">
                            <templateId root="2.16.840.1.113883.10.20.22.4.3" extension="2015-08-01"/>
                            <templateId root="2.16.840.1.113883.10.20.22.4.3"/>
                            <id root="ec8a6ff8-ed4b-4f7e-82c3-e98e58b45de7"/>
                            <code code="CONC" codeSystem="2.16.840.1.113883.5.6" displayName="Concern"/>
                            <statusCode code="active"/>
                            <effectiveTime>
<low value="20150622"/>
                            </effectiveTime>
                            <entryRelationship typeCode="SUBJ">
<observation classCode="OBS" moodCode="EVN">
    <templateId root="2.16.840.1.113883.10.20.22.4.4" extension="2015-08-01"/>
    <templateId root="2.16.840.1.113883.10.20.22.4.4"/>
    <id root="ab1791b0-5c71-11db-b0de-0800200c9a66"/>
    <code code="64572001" codeSystem="2.16.840.1.113883.6.96" codeSystemName="SNOMED-CT">
        <translation nullFlavor="NI"/>
    </code>
    <statusCode code="completed"/>
    <effectiveTime>
        <low value="20150622"/>
        <high value="20150622"/>
    </effectiveTime>
    <value xsi:type="CD" code="95891005" codeSystem="2.16.840.1.113883.6.96" displayName="Flu-like symptoms"/>
</observation>
                            </entryRelationship>
                        </act>
                    </entry>
                    <entry typeCode="DRIV">
                        <act classCode="ACT" moodCode="EVN">
                            <templateId root="2.16.840.1.113883.10.20.22.4.3" extension="2015-08-01"/>
                            <templateId root="2.16.840.1.113883.10.20.22.4.3"/>
                            <id root="ec8a6ff8-ed4b-4f7e-82c3-e98e58b45de7"/>
                            <code code="CONC" codeSystem="2.16.840.1.113883.5.6" displayName="Concern"/>
                            <statusCode code="active"/>
                            <effectiveTime>
<low value="20150622"/>
                            </effectiveTime>
                            <entryRelationship typeCode="SUBJ">
<observation classCode="OBS" moodCode="EVN">
    <templateId root="2.16.840.1.113883.10.20.22.4.4" extension="2015-08-01"/>
    <templateId root="2.16.840.1.113883.10.20.22.4.4"/>
    <id root="ab1791b0-5c71-11db-b0de-0800200c9a66"/>
    <code code="64572001" codeSystem="2.16.840.1.113883.6.96" codeSystemName="SNOMED-CT">
        <translation nullFlavor="NI"/>
    </code>
    <statusCode code="completed"/>
    <effectiveTime>
        <low value="20150622"/>
        <high value="20150622"/>
    </effectiveTime>
    <value xsi:type="CD" code="10001005" codeSystem="2.16.840.1.113883.6.96" displayName="Influenza"/>
</observation>
                            </entryRelationship>
                        </act>
                    </entry>
                </section>
            </component>
            <component>
                <section>
                    <templateId root="2.16.840.1.113883.10.20.22.2.17" extension="2015-08-01"/>
                    <templateId root="2.16.840.1.113883.10.20.22.2.17"/>
                    <code code="29762-2" codeSystem="2.16.840.1.113883.6.1" codeSystemName="LOINC" displayName="Social History"/>
                    <title>SOCIAL HISTORY</title>
                    <text>
                        <table width="100" border="1">
                            <thead>
<tr>
    <th>Social History Observation</th>
    <th>Description</th>
    <th>Dates Observed</th>
</tr>
                            </thead>
                            <tbody>
<tr>
    <td>
        <content ID="smok1">Smoking Status</content>
    </td>
    <td>Former smoker</td>
    <td>Jul 22, 2015</td>
</tr>
                            </tbody>
                        </table>
                    </text>
                    <entry typeCode="DRIV">
                        <observation classCode="OBS" moodCode="EVN">
                            <templateId root="2.16.840.1.113883.10.20.22.4.78" extension="2014-06-09"/>
                            <templateId root="2.16.840.1.113883.10.20.22.4.78"/>
                            <id root="2.16.840.1.113883.19" extension="12345"/>
                            <code code="72166-2" codeSystem="2.16.840.1.113883.6.1" codeSystemName="LOINC" displayName="Tobacco smoking status NHIS"/>
                            <statusCode code="completed"/>
                            <effectiveTime value="20150722"/>
                            <value xsi:type="CD" code="8517006" codeSystem="2.16.840.1.113883.6.96" displayName="Former smoker"/>
                            <author typeCode="AUT">
<templateId root="2.16.840.1.113883.10.20.22.4.119"/>
<time value="20150722"/>
<assignedAuthor>
    <id root="2.16.840.1.113883.4.6" extension="0000000000"/>
    <code code="0000000000" codeSystem="2.16.840.1.114222.4.11.1066" codeSystemName="Healthcare Provider Taxonomy (HIPAA)"/>
</assignedAuthor>
                            </author>
                        </observation>
                    </entry>
                    <entry typeCode="DRIV">
                        <observation classCode="OBS" moodCode="EVN">
                            <templateId root="2.16.840.1.113883.10.20.22.4.200" extension="2016-06-01"/>
                            <code code="76689-9" codeSystem="2.16.840.1.113883.6.1" codeSystemName="LOINC" displayName="Sex Assigned At Birth"/>
                            <statusCode code="completed"/>
                            <value xsi:type="CD" code="F" codeSystem="2.16.840.1.113883.5.1" codeSystemName="AdministrativeGender" displayName="Female"/>
                        </observation>
                    </entry>
                </section>
            </component>
            <component>
                <section>
                    <templateId root="2.16.840.1.113883.10.20.22.2.4.1" extension="2015-08-01"/>
                    <templateId root="2.16.840.1.113883.10.20.22.2.4.1"/>
                    <code code="8716-3" codeSystem="2.16.840.1.113883.6.1" codeSystemName="LOINC" displayName="VITAL SIGNS"/>
                    <title>VITAL SIGNS</title>
                    <text>
                        <table width="100" border="1">
                            <thead>
<tr>
    <th align="right">Date / Time:</th>
    <th>Jul 22, 2015</th>
</tr>
                            </thead>
                            <tbody>
<tr>
    <th align="left">Height</th>
    <td ID="vit1">177 cms</td>
</tr>
<tr>
    <th align="left">Weight</th>
    <td ID="vit2">76000 gms</td>
</tr>
<tr>
    <th align="left">Blood Pressure</th>
    <td ID="vit3">132/82</td>
</tr>
<tr>
    <th align="left">Body Temperature</th>
    <td ID="vit4">98.6 </td>
</tr>
<tr>
    <th align="left">Heart Rate</th>
    <td ID="vit5">77 beats per minute</td>
</tr>
<tr>
    <th align="left">Respiratory Rate</th>
    <td ID="vit6">16 breaths per minute</td>
</tr>
<tr>
    <th align="left">O2 Percentage BldC Oximetry</th>
    <td ID="vit7">92 percent</td>
</tr>
<tr>
    <th align="left">Inhaled Oxygen Concentration</th>
    <td ID="vit8">34 percent</td>
</tr>
                            </tbody>
                        </table>
                    </text>
                    <entry>
                        <organizer classCode="CLUSTER" moodCode="EVN">
                            <templateId root="2.16.840.1.113883.10.20.22.4.26" extension="2015-08-01"/>
                            <templateId root="2.16.840.1.113883.10.20.22.4.26"/>
                            <id root="31b73bd0-cffc-4599-902e-dbe54bc56cb4"/>
                            <code code="46680005" codeSystem="2.16.840.1.113883.6.96" codeSystemName="SNOMED-CT" displayName="Vital signs">
<translation code="74728-7" codeSystem="2.16.840.1.113883.6.1" codeSystemName="LOINC" displayName="Vital signs"/>
                            </code>
                            <statusCode code="completed"/>
                            <effectiveTime>
<low value="20150722"/>
<high value="20150722"/>
                            </effectiveTime>
                            <component>
<observation classCode="OBS" moodCode="EVN">
    <templateId root="2.16.840.1.113883.10.20.22.4.27" extension="2014-06-09"/>
    <templateId root="2.16.840.1.113883.10.20.22.4.27"/>
    <id root="ed9589fd-fda0-41f7-a3d0-dc537554f5c2"/>
    <code code="8302-2" codeSystem="2.16.840.1.113883.6.1" codeSystemName="LOINC" displayName="Height"/>
    <statusCode code="completed"/>
    <effectiveTime value="20150722"/>
    <value xsi:type="PQ" value="177" unit="cm"/>
    <interpretationCode code="N" codeSystem="2.16.840.1.113883.5.83"/>
    <author typeCode="AUT">
        <templateId root="2.16.840.1.113883.10.20.22.4.119"/>
        <time value="20150722"/>
        <assignedAuthor>
            <id root="2.16.840.1.113883.4.6" extension="0000000000"/>
            <code code="0000000000" codeSystem="2.16.840.1.113883.6.101" codeSystemName="Healthcare Provider Taxonomy (HIPAA)"/>
        </assignedAuthor>
    </author>
</observation>
                            </component>
                            <component>
<observation classCode="OBS" moodCode="EVN">
    <templateId root="2.16.840.1.113883.10.20.22.4.27" extension="2014-06-09"/>
    <templateId root="2.16.840.1.113883.10.20.22.4.27"/>
    <id root="f4e729e2-a97f-4a7e-8e23-c92f9b6b55cf"/>
    <code code="29463-7" codeSystem="2.16.840.1.113883.6.1" codeSystemName="LOINC" displayName="Weight Measured"/>
    <statusCode code="completed"/>
    <effectiveTime value="20150722"/>
    <value xsi:type="PQ" value="76" unit="kg"/>
    <interpretationCode code="N" codeSystem="2.16.840.1.113883.5.83"/>
    <author typeCode="AUT">
        <templateId root="2.16.840.1.113883.10.20.22.4.119"/>
        <time value="20150722"/>
        <assignedAuthor>
            <id root="2.16.840.1.113883.4.6" extension="0000000000"/>
            <code code="0000000000" codeSystem="2.16.840.1.113883.6.101" codeSystemName="Healthcare Provider Taxonomy (HIPAA)"/>
        </assignedAuthor>
    </author>
</observation>
                            </component>
                            <component>
<observation classCode="OBS" moodCode="EVN">
    <templateId root="2.16.840.1.113883.10.20.22.4.27" extension="2014-06-09"/>
    <templateId root="2.16.840.1.113883.10.20.22.4.27"/>
    <id root="f4e729e2-a97f-4a7e-8e23-c92f9b6b55cf"/>
    <code code="39156-5" codeSystem="2.16.840.1.113883.6.1" codeSystemName="LOINC" displayName="BMI (Body Mass Index)"/>
    <statusCode code="completed"/>
    <effectiveTime value="20150722"/>
    <value xsi:type="PQ" value="24.3" unit="kg/m2"/>
    <interpretationCode code="N" codeSystem="2.16.840.1.113883.5.83"/>
    <author typeCode="AUT">
        <templateId root="2.16.840.1.113883.10.20.22.4.119"/>
        <time value="20150722"/>
        <assignedAuthor>
            <id root="2.16.840.1.113883.4.6" extension="0000000000"/>
            <code code="0000000000" codeSystem="2.16.840.1.113883.6.101" codeSystemName="Healthcare Provider Taxonomy (HIPAA)"/>
        </assignedAuthor>
    </author>
</observation>
                            </component>
                            <component>
<observation classCode="OBS" moodCode="EVN">
    <templateId root="2.16.840.1.113883.10.20.22.4.27" extension="2014-06-09"/>
    <templateId root="2.16.840.1.113883.10.20.22.4.27"/>
    <id root="a0e39c70-9674-4b2a-9837-cdf74200d8d5"/>
    <code code="8480-6" codeSystem="2.16.840.1.113883.6.1" codeSystemName="LOINC" displayName="Intravascular Systolic"/>
    <statusCode code="completed"/>
    <effectiveTime value="20150722"/>
    <value xsi:type="PQ" value="132" unit="mm[Hg]"/>
    <interpretationCode code="N" codeSystem="2.16.840.1.113883.5.83"/>
    <author typeCode="AUT">
        <templateId root="2.16.840.1.113883.10.20.22.4.119"/>
        <time value="20150722"/>
        <assignedAuthor>
            <id root="2.16.840.1.113883.4.6" extension="0000000000"/>
            <code code="0000000000" codeSystem="2.16.840.1.113883.6.101" codeSystemName="Healthcare Provider Taxonomy (HIPAA)"/>
        </assignedAuthor>
    </author>
</observation>
                            </component>
                            <component>
<observation classCode="OBS" moodCode="EVN">
    <templateId root="2.16.840.1.113883.10.20.22.4.27" extension="2014-06-09"/>
    <templateId root="2.16.840.1.113883.10.20.22.4.27"/>
    <id root="1c2748b7-e440-41ba-bc01-dde97d84a036"/>
    <code code="8462-4" codeSystem="2.16.840.1.113883.6.1" codeSystemName="LOINC" displayName="BP Diastolic"/>
    <statusCode code="completed"/>
    <effectiveTime value="20150722"/>
    <value xsi:type="PQ" value="82" unit="mm[Hg]"/>
    <interpretationCode code="N" codeSystem="2.16.840.1.113883.5.83"/>
    <author typeCode="AUT">
        <templateId root="2.16.840.1.113883.10.20.22.4.119"/>
        <time value="20150722"/>
        <assignedAuthor>
            <id root="2.16.840.1.113883.4.6" extension="0000000000"/>
            <code code="0000000000" codeSystem="2.16.840.1.113883.6.101" codeSystemName="Healthcare Provider Taxonomy (HIPAA)"/>
        </assignedAuthor>
    </author>
</observation>
                            </component>
                            <component>
<observation classCode="OBS" moodCode="EVN">
    <templateId root="2.16.840.1.113883.10.20.22.4.27" extension="2014-06-09"/>
    <templateId root="2.16.840.1.113883.10.20.22.4.27"/>
    <id root="a0e39c70-9675-4b2a-9841-cdf74200d8d5"/>
    <code code="8310-5" codeSystem="2.16.840.1.113883.6.1" codeSystemName="LOINC" displayName="Body Temperature"/>
    <statusCode code="completed"/>
    <effectiveTime value="20150722"/>
    <value xsi:type="PQ" value="98.6" unit="Cel"/>
    <interpretationCode code="N" codeSystem="2.16.840.1.113883.5.83"/>
    <author typeCode="AUT">
        <templateId root="2.16.840.1.113883.10.20.22.4.119"/>
        <time value="20150722"/>
        <assignedAuthor>
            <id root="2.16.840.1.113883.4.6" extension="0000000000"/>
            <code code="0000000000" codeSystem="2.16.840.1.113883.6.101" codeSystemName="Healthcare Provider Taxonomy (HIPAA)"/>
        </assignedAuthor>
    </author>
</observation>
                            </component>
                            <component>
<observation classCode="OBS" moodCode="EVN">
    <templateId root="2.16.840.1.113883.10.20.22.4.27" extension="2014-06-09"/>
    <templateId root="2.16.840.1.113883.10.20.22.4.27"/>
    <id root="a0e39c70-9675-4b2a-9838-cdf74200d8d5"/>
    <code code="8867-4" codeSystem="2.16.840.1.113883.6.1" codeSystemName="LOINC" displayName="Heart Rate"/>
    <statusCode code="completed"/>
    <effectiveTime value="20150722"/>
    <value xsi:type="PQ" value="77" unit="/min"/>
    <interpretationCode code="N" codeSystem="2.16.840.1.113883.5.83"/>
    <author typeCode="AUT">
        <templateId root="2.16.840.1.113883.10.20.22.4.119"/>
        <time value="20150722"/>
        <assignedAuthor>
            <id root="2.16.840.1.113883.4.6" extension="0000000000"/>
            <code code="0000000000" codeSystem="2.16.840.1.113883.6.101" codeSystemName="Healthcare Provider Taxonomy (HIPAA)"/>
        </assignedAuthor>
    </author>
</observation>
                            </component>
                            <component>
<observation classCode="OBS" moodCode="EVN">
    <templateId root="2.16.840.1.113883.10.20.22.4.27" extension="2014-06-09"/>
    <templateId root="2.16.840.1.113883.10.20.22.4.27"/>
    <id root="a0e39c70-9675-4b2a-9839-cdf74200d8d5"/>
    <code code="59408-5" codeSystem="2.16.840.1.113883.6.1" codeSystemName="LOINC" displayName="O2 % BldC Oximetry"/>
    <statusCode code="completed"/>
    <effectiveTime value="20150722"/>
    <value xsi:type="PQ" value="92" unit="%"/>
    <interpretationCode code="N" codeSystem="2.16.840.1.113883.5.83"/>
    <author typeCode="AUT">
        <templateId root="2.16.840.1.113883.10.20.22.4.119"/>
        <time value="20150722"/>
        <assignedAuthor>
            <id root="2.16.840.1.113883.4.6" extension="0000000000"/>
            <code code="0000000000" codeSystem="2.16.840.1.113883.6.101" codeSystemName="Healthcare Provider Taxonomy (HIPAA)"/>
        </assignedAuthor>
    </author>
</observation>
                            </component>
                            <component>
<observation classCode="OBS" moodCode="EVN">
    <templateId root="2.16.840.1.113883.10.20.22.4.27" extension="2014-06-09"/>
    <templateId root="2.16.840.1.113883.10.20.22.4.27"/>
    <id root="a0e39c70-9675-4b2a-9842-cdf74200d8d5"/>
    <code code="9279-1" codeSystem="2.16.840.1.113883.6.1" codeSystemName="LOINC" displayName="Respiratory Rate"/>
    <statusCode code="completed"/>
    <effectiveTime value="20150722"/>
    <value xsi:type="PQ" value="16" unit="/min"/>
    <interpretationCode code="N" codeSystem="2.16.840.1.113883.5.83"/>
    <author typeCode="AUT">
        <templateId root="2.16.840.1.113883.10.20.22.4.119"/>
        <time value="20150722"/>
        <assignedAuthor>
            <id root="2.16.840.1.113883.4.6" extension="0000000000"/>
            <code code="0000000000" codeSystem="2.16.840.1.113883.6.101" codeSystemName="Healthcare Provider Taxonomy (HIPAA)"/>
        </assignedAuthor>
    </author>
</observation>
                            </component>
                            <component>
<observation classCode="OBS" moodCode="EVN">
    <templateId root="2.16.840.1.113883.10.20.22.4.27" extension="2014-06-09"/>
    <templateId root="2.16.840.1.113883.10.20.22.4.27"/>
    <id root="a0e39c70-9675-4b2a-9842-cdf74200d8d5"/>
    <code code="3150-0" codeSystem="2.16.840.1.113883.6.1" codeSystemName="LOINC" displayName="Inhaled Oxygen Concentration"/>
    <statusCode code="completed"/>
    <effectiveTime value="20150722"/>
    <value xsi:type="PQ" value="34" unit="%"/>
    <interpretationCode code="N" codeSystem="2.16.840.1.113883.5.83"/>
    <author typeCode="AUT">
        <templateId root="2.16.840.1.113883.10.20.22.4.119"/>
        <time value="20150722"/>
        <assignedAuthor>
            <id root="2.16.840.1.113883.4.6" extension="0000000000"/>
            <code code="0000000000" codeSystem="2.16.840.1.113883.6.101" codeSystemName="Healthcare Provider Taxonomy (HIPAA)"/>
        </assignedAuthor>
    </author>
</observation>
                            </component>
                        </organizer>
                    </entry>
                </section>
            </component>
            <component>
                <section nullFlavor="NI">
                    <templateId root="2.16.840.1.113883.10.20.22.2.7.1" extension="2014-06-09"/>
                    <templateId root="2.16.840.1.113883.10.20.22.2.7.1"/>
                    <code code="47519-4" codeSystem="2.16.840.1.113883.6.1" codeSystemName="LOINC" displayName="HISTORY OF PROCEDURES"/>
                    <title>PROCEDURES</title>
                    <text>No Procedure information</text>
                    <entry typeCode="DRIV">
                        <procedure classCode="PROC" moodCode="EVN" negationInd="true">
                            <templateId root="2.16.840.1.113883.10.20.22.4.14" extension="2014-06-09"/>
                            <templateId root="2.16.840.1.113883.10.20.22.4.14"/>
                            <id root="d68b7e32-7810-4f5b-9cc2-acd54b0fd85d"/>
                            <code code="71388002" codeSystem="2.16.840.1.113883.6.96" codeSystemName="SNOMED-CT" displayName="Procedure"/>
                            <statusCode code="completed"/>
                            <effectiveTime nullFlavor="NA"/>
                            <participant typeCode="DEV">
<participantRole classCode="MANU">
    <templateId root="2.16.840.1.113883.10.20.22.4.37"/>
    <id root="2.16.840.1.113883.3.3719" nullFlavor="NA"/>
    <playingDevice>
        <code code="40388003" codeSystem="2.16.840.1.113883.6.96" codeSystemName="SNOMED-CT" displayName="Implant"/>
    </playingDevice>
    <scopingEntity>
        <id root="2.16.840.1.113883.3.3719"/>
    </scopingEntity>
</participantRole>
                            </participant>
                        </procedure>
                    </entry>
                </section>
            </component>
            <component>
                <section nullFlavor="NI">
                    <templateId root="2.16.840.1.113883.10.20.22.2.3.1" extension="2015-08-01"/>
                    <templateId root="2.16.840.1.113883.10.20.22.2.3.1"/>
                    <code code="30954-2" codeSystem="2.16.840.1.113883.6.1" codeSystemName="LOINC" displayName="RESULTS"/>
                    <title>RESULTS</title>
                    <text>No Lab results.</text>
                </section>
            </component>
            <component>
                <section nullFlavor="NI">
                    <templateId root="2.16.840.1.113883.10.20.22.2.2.1" extension="2014-06-09"/>
                    <templateId root="2.16.840.1.113883.10.20.22.2.2.1"/>
                    <code code="11369-6" codeSystem="2.16.840.1.113883.6.1" codeSystemName="LOINC" displayName="History of immunizations"/>
                    <title>IMMUNIZATIONS</title>
                    <text>No known immunization history</text>
                    <entry typeCode="DRIV">
                        <substanceAdministration classCode="SBADM" moodCode="EVN" negationInd="true">
                            <templateId root="2.16.840.1.113883.10.20.22.4.52" extension="2015-08-01"/>
                            <templateId root="2.16.840.1.113883.10.20.22.4.52"/>
                            <id root="e6f1ba43-c0ed-4b9b-9f12-f435d8ad8f92"/>
                            <statusCode code="active"/>
                            <effectiveTime xsi:type="IVL_TS" nullFlavor="NA"/>
                            <routeCode nullFlavor="NA"/>
                            <consumable>
<manufacturedProduct classCode="MANU">
    <templateId root="2.16.840.1.113883.10.20.22.4.54" extension="2014-06-09"/>
    <templateId root="2.16.840.1.113883.10.20.22.4.54"/>
    <manufacturedMaterial>
        <code nullFlavor="OTH">
            <originalText>Vaccination</originalText>
            <translation code="71181003" codeSystem="2.16.840.1.113883.6.96" codeSystemName="SNOMED-CT" displayName="vaccine"/>
        </code>
        <lotNumberText nullFlavor="NA"/>
    </manufacturedMaterial>
</manufacturedProduct>
                            </consumable>
                        </substanceAdministration>
                    </entry>
                </section>
            </component>
            <component>
                <section nullFlavor="NI">
                    <templateId root="2.16.840.1.113883.10.20.22.2.14" extension="2014-06-09"/>
                    <templateId root="2.16.840.1.113883.10.20.22.2.14"/>
                    <code code="47420-5" codeSystem="2.16.840.1.113883.6.1" codeSystemName="LOINC" displayName="Functional Status"/>
                    <title>FUNCTIONAL STATUS</title>
                    <text>No Information</text>
                </section>
            </component>
            <component>
                <section nullFlavor="NI">
                    <templateId root="2.16.840.1.113883.10.20.22.2.56" extension="2015-08-01"/>
                    <code code="10190-7" codeSystem="2.16.840.1.113883.6.1" codeSystemName="LOINC" displayName="MENTAL STATUS"/>
                    <title>MENTAL STATUS</title>
                    <text>No Information</text>
                </section>
            </component>
            <component>
                <section nullFlavor="NI">
                    <templateId root="1.3.6.1.4.1.19376.1.5.3.1.3.1" extension="2014-06-09"/>
                    <templateId root="1.3.6.1.4.1.19376.1.5.3.1.3.1"/>
                    <code code="42349-1" codeSystem="2.16.840.1.113883.6.1" codeSystemName="LOINC" displayName="Reason for Referral"/>
                    <title>REASON FOR REFERRAL</title>
                    <text>No Reason For Referral Info</text>
                </section>
            </component>
            <component>
                <section nullFlavor="NI">
                    <templateId root="2.16.840.1.113883.10.20.22.2.58" extension="2015-08-01"/>
                    <code code="75310-3" codeSystem="2.16.840.1.113883.6.1" codeSystemName="LOINC" displayName="Health Concerns Document"/>
                    <title>Health Concerns</title>
                    <text>No Information</text>
                </section>
            </component>
            <component>
                <section nullFlavor="NI">
                    <templateId root="2.16.840.1.113883.10.20.22.2.60"/>
                    <code code="61146-7" codeSystem="2.16.840.1.113883.6.1" codeSystemName="LOINC" displayName="Goals"/>
                    <title>Goals Section</title>
                    <text>No Information</text>
                </section>
            </component>
            <component>
                <section>
                    <templateId root="2.16.840.1.113883.10.20.22.2.8"/>
                    <code code="51848-0" codeSystem="2.16.840.1.113883.6.1" codeSystemName="LOINC" displayName="ASSESSMENTS"/>
                    <title>ASSESSMENTS</title>
                    <text>FEVER UNSPECIFIED</text>
                </section>
            </component>
            <component>
                <section>
                    <templateId root="2.16.840.1.113883.10.20.22.2.10" extension="2014-06-09"/>
                    <templateId root="2.16.840.1.113883.10.20.22.2.10"/>
                    <code code="18776-5" codeSystem="2.16.840.1.113883.6.1" codeSystemName="LOINC" displayName="Treatment plan"/>
                    <title>TREATMENT PLAN</title>
                    <text>  Test(s): No Lab Tests Information</text>
                </section>
            </component>
            <component>
                <section nullFlavor="NI">
                    <templateId root="2.16.840.1.113883.10.20.22.2.23" extension="2014-06-09"/>
                    <templateId root="2.16.840.1.113883.10.20.22.2.23"/>
                    <code code="46264-8" codeSystem="2.16.840.1.113883.6.1" codeSystemName="LOINC" displayName="Treatment plan"/>
                    <title>MEDICAL EQUIPMENT</title>
                    <text>No Information</text>
                </section>
            </component>
        </structuredBody>
    </component>
</ClinicalDocument>
