<?xml version="1.0" encoding="utf-8" standalone="yes"?><?xml-stylesheet type="text/xsl" href="CDA.xsl"?>
<ClinicalDocument xmlns="urn:hl7-org:v3" xmlns:xsi="http://www.w3.org/2001/XMLSchema-instance" xmlns:voc="urn:hl7-org:v3/voc" xmlns:sdtc="urn:hl7-org:sdtc">
  <realmCode code="US" />
  <typeId extension="POCD_HD000040" root="2.16.840.1.113883.1.3" />
  <templateId root="2.16.840.1.113883.10.20.22.1.1" extension="2015-08-01" />
  <templateId root="2.16.840.1.113883.10.20.22.1.1" />
  <templateId root="2.16.840.1.113883.10.20.22.1.2" extension="2015-08-01" />
  <templateId root="2.16.840.1.113883.10.20.22.1.2" />
  <id extension="TT101" root="2.16.840.1.113883.19.5.99999.1" />
  <code code="34133-9" displayName="Summarization of Episode Note" codeSystem="2.16.840.1.113883.6.1" codeSystemName="LOINC" />
  <title>Patient Health Record</title>
  <effectiveTime value="20171023044234-0400" />
  <confidentialityCode code="N" displayName="normal" codeSystem="2.16.840.1.113883.5.25" codeSystemName="Confidentiality" />
  <languageCode code="en-US" />
  <setId extension="sTT101" root="2.16.840.1.113883.19.5.99999.19" />
  <versionNumber value="1" />
  <recordTarget>
    <patientRole>
      <id extension="3368" root="2.16.840.1.113883.4.6" />
      <addr use="HP">
        <streetAddressLine>1357 Amber Dr</streetAddressLine>
        <city>Beaverton</city>
        <state>OR</state>
        <postalCode>97006</postalCode>
        <country>US</country>
      </addr>
      <telecom value="5557231544" use="HP" />
      <telecom value="5557771234" use="MC" />
      <patient>
        <name use="L">
          <given>Alice</given>
          <given>Jones</given>
          <family>Newman</family>
        </name>
        <administrativeGenderCode code="F" codeSystem="2.16.840.1.113883.5.1" displayName="Female" />
        <birthTime value="19700501" />
        <raceCode code="2106-3" codeSystem="2.16.840.1.113883.6.238" displayName="Caucasian White" codeSystemName="CDC - Race and Ethnicity" />
        <sdtc:raceCode code="2108-9" codeSystem="2.16.840.1.113883.6.238" displayName="European" codeSystemName="CDC - Race and Ethnicity" />
        <ethnicGroupCode code="2186-5" codeSystem="2.16.840.1.113883.6.238" displayName="Not Hispanic / Not Latino" codeSystemName="CDC - Race and Ethnicity" />
        <languageCommunication>
          <languageCode code="en" />
          <modeCode code="ESP" codeSystem="2.16.840.1.113883.5.60" displayName="Expressed spoken" codeSystemName="LanguageAbilityMode" />
          <preferenceInd value="true" />
        </languageCommunication>
      </patient>
      <providerOrganization>
        <id root="c469501b-3415-4feb-9253-396f727e3226" />
        <name>Ifa Test Clinic</name>
        <telecom value="3523729414" use="WP" />
        <addr>
          <streetAddressLine>4340 W Newberry Rd </streetAddressLine>
          <streetAddressLine>suite 301</streetAddressLine>
          <city>Gainesville</city>
          <state>FL</state>
          <country>USA</country>
        </addr>
      </providerOrganization>
    </patientRole>
  </recordTarget>
  <author>
    <time value="20171023" />
    <assignedAuthor>
      <id extension="87AAFF56-C9D2-42BB-9387-870DFBE925DE" root="2.16.840.1.113883.4.6" />
      <addr>
        <streetAddressLine>2472 Rocky place</streetAddressLine>
        <city>Beaverton</city>
        <state>OR</state>
        <postalCode>97006</postalCode>
        <country>USA</country>
      </addr>
      <telecom value="555-555-1002" use="WP" />
      <assignedAuthoringDevice>
        <manufacturerModelName>Sophrona SageBridge</manufacturerModelName>
        <softwareName>CcdProducer</softwareName>
      </assignedAuthoringDevice>
      <representedOrganization>
        <id root="2.16.840.1.113883.19.5" />
        <name>Neighborhood Physicians Practice</name>
      </representedOrganization>
    </assignedAuthor>
  </author>
  <custodian>
    <assignedCustodian>
      <representedCustodianOrganization>
        <id extension="0613B537-A62B-44E5-B1D9-DF9AB8BC5961" root="2.16.840.1.113883.4.6" />
        <name>Neighborhood Physicians Practice</name>
        <telecom value="555-555-1002" use="WP" />
        <addr>
          <streetAddressLine>2472 Rocky place</streetAddressLine>
          <city>Beaverton</city>
          <state>OR</state>
          <postalCode>97006</postalCode>
          <country>USA</country>
        </addr>
      </representedCustodianOrganization>
    </assignedCustodian>
  </custodian>
  <documentationOf>
    <serviceEvent classCode="PCPR">
      <code code="386661006" codeSystem="2.16.840.1.113883.6.96" codeSystemName="SNOMED CT" displayName="Febrile" />
      <effectiveTime>
        <low value="20170622" />
        <high value="20170622" />
      </effectiveTime>
      <performer typeCode="PRF">
        <functionCode code="PCP" codeSystem="2.16.840.1.113883.5.88" codeSystemName="ParticipationFunction" displayName="Care Team Provider">
          <originalText>
            <reference value="Care Team Provider" />
          </originalText>
        </functionCode>
        <assignedEntity>
          <id extension="87AAFF56-C9D2-42BB-9387-870DFBE925DE" root="2.16.840.1.113883.4.6" />
          <code code="281P00000X" codeSystem="2.16.840.1.113883.6.101" displayName="Neighborhood Physicians Practice" />
          <addr>
            <streetAddressLine>2472 Rocky place</streetAddressLine>
            <city>Beaverton</city>
            <state>OR</state>
            <postalCode>97006</postalCode>
            <country>USA</country>
          </addr>
          <telecom value="555-555-1002" use="WP" />
          <assignedPerson>
            <name>
              <prefix qualifier="TITLE">Dr</prefix>
              <given>Albert</given>
              <family>Davis</family>
            </name>
          </assignedPerson>
          <representedOrganization>
            <id extension="0613B537-A62B-44E5-B1D9-DF9AB8BC5961" root="2.16.840.1.113883.4.6" />
            <name>Neighborhood Physicians Practice</name>
            <telecom value="555-555-1002" use="WP" />
            <addr>
              <streetAddressLine>2472 Rocky place</streetAddressLine>
              <city>Beaverton</city>
              <state>OR</state>
              <postalCode>97006</postalCode>
              <country>USA</country>
            </addr>
          </representedOrganization>
        </assignedEntity>
      </performer>
      <performer typeCode="PRF">
        <functionCode code="PCP" codeSystem="2.16.840.1.113883.5.88" codeSystemName="ParticipationFunction" displayName="Care Team Provider">
          <originalText>
            <reference value="Care Team Provider" />
          </originalText>
        </functionCode>
        <assignedEntity>
          <id extension="0F5403BE-6068-491D-BCCB-6E7B25B2206D" root="2.16.840.1.113883.4.6" />
          <code code="281P00000X" codeSystem="2.16.840.1.113883.6.101" displayName="Neighborhood Physicians Practice" />
          <addr>
            <streetAddressLine>2472 Rocky place</streetAddressLine>
            <city>Beaverton</city>
            <state>OR</state>
            <postalCode>97006</postalCode>
            <country>USA</country>
          </addr>
          <telecom value="555-555-1002" use="WP" />
          <assignedPerson>
            <name>
              <given>Tracy</given>
              <family>Davis</family>
            </name>
          </assignedPerson>
          <representedOrganization>
            <id extension="0613B537-A62B-44E5-B1D9-DF9AB8BC5961" root="2.16.840.1.113883.4.6" />
            <name>Neighborhood Physicians Practice</name>
            <telecom value="555-555-1002" use="WP" />
            <addr>
              <streetAddressLine>2472 Rocky place</streetAddressLine>
              <city>Beaverton</city>
              <state>OR</state>
              <postalCode>97006</postalCode>
              <country>USA</country>
            </addr>
          </representedOrganization>
        </assignedEntity>
      </performer>
    </serviceEvent>
  </documentationOf>
  <componentOf>
    <encompassingEncounter>
      <id extension="29710281-087E-44AB-8797-FA4193157AAA" root="2.16.840.1.113883.4.6" />
      <code code="386661006" codeSystem="2.16.840.1.113883.6.96" codeSystemName="SNOMED CT" displayName="Febrile" />
      <effectiveTime>
        <low value="201706221200-0400" />
        <high value="201706221200-0400" />
      </effectiveTime>
    </encompassingEncounter>
  </componentOf>
  <component>
    <structuredBody>
      <component>
        <section>
          <templateId root="2.16.840.1.113883.10.20.22.2.6.1" extension="2015-08-01" />
          <templateId root="2.16.840.1.113883.10.20.22.2.6.1" />
          <code code="48765-2" codeSystem="2.16.840.1.113883.6.1" codeSystemName="LOINC" />
          <title>ALLERGIES, ADVERSE REACTIONS, ALERTS</title>
          <text>
            <table border="1" width="100%">
              <thead>
                <tr>
                  <th>Substance</th>
                  <th>Reaction</th>
                  <th>Severity</th>
                  <th>Status</th>
                </tr>
              </thead>
              <tbody>
                <tr>
                  <td>
                    <content ID="product5588">Ampicillin</content>
                  </td>
                  <td>
                    <content ID="reaction5588">Weal</content>
                  </td>
                  <td>
                    <content ID="severity5588">Moderate</content>
                  </td>
                  <td>Active</td>
                </tr>
                <tr>
                  <td>
                    <content ID="product6255">Penicillin G</content>
                  </td>
                  <td>
                    <content ID="reaction6255">Weal</content>
                  </td>
                  <td>
                    <content ID="severity6255">Moderate</content>
                  </td>
                  <td>Active</td>
                </tr>
              </tbody>
            </table>
          </text>
          <entry typeCode="DRIV">
            <act classCode="ACT" moodCode="EVN">
              <templateId root="2.16.840.1.113883.10.20.22.4.30" extension="2015-08-01" />
              <templateId root="2.16.840.1.113883.10.20.22.4.30" />
              <id root="CB6B9E15-11CC-46BA-B068-39806C93C99F" />
              <code code="CONC" codeSystem="2.16.840.1.113883.5.6" />
              <statusCode code="active" />
              <effectiveTime>
                <low value="19800510" />
              </effectiveTime>
              <entryRelationship typeCode="SUBJ">
                <observation classCode="OBS" moodCode="EVN">
                  <templateId root="2.16.840.1.113883.10.20.22.4.7" extension="2014-06-09" />
                  <templateId root="2.16.840.1.113883.10.20.22.4.7" />
                  <id root="d7bd1c63-ab88-4172-8a42-0c6170edebb8" />
                  <code code="ASSERTION" codeSystem="2.16.840.1.113883.5.4" />
                  <statusCode code="completed" />
                  <effectiveTime>
                    <low value="20171012" />
                  </effectiveTime>
                  <value xsi:type="CD" code="419511003" codeSystem="2.16.840.1.113883.6.96" codeSystemName="SNOMED CT" displayName="Drug sensitivity"> </value>
                  <participant typeCode="CSM">
                    <participantRole classCode="MANU">
                      <playingEntity classCode="MMAT">
                        <code code="733" codeSystem="2.16.840.1.113883.6.88" codeSystemName="RxNorm" displayName="Ampicillin">
                          <originalText>
                            <reference value="#product5588" />
                          </originalText>
                        </code>
                      </playingEntity>
                    </participantRole>
                  </participant>
                  <entryRelationship typeCode="MFST" inversionInd="true">
                    <observation classCode="OBS" moodCode="EVN">
                      <templateId root="2.16.840.1.113883.10.20.22.4.9" extension="2014-06-09" />
                      <templateId root="2.16.840.1.113883.10.20.22.4.9" />
                      <id root="d7bd1c63-ab88-4172-8a42-0c6170edebb8" />
                      <code code="ASSERTION" codeSystem="2.16.840.1.113883.5.4" />
                      <statusCode code="completed" />
                      <value xsi:type="CD" code="247472004" codeSystem="2.16.840.1.113883.6.96" displayName="Weal" />
                      <entryRelationship typeCode="SUBJ" inversionInd="true">
                        <observation classCode="OBS" moodCode="EVN">
                          <templateId root="2.16.840.1.113883.10.20.22.4.8" extension="2014-06-09" />
                          <templateId root="2.16.840.1.113883.10.20.22.4.8" />
                          <code code="SEV" codeSystem="2.16.840.1.113883.5.4" codeSystemName="ActCode" displayName="Severity Observation" />
                          <statusCode code="completed" />
                          <value xsi:type="CD" code="6736007" codeSystem="2.16.840.1.113883.6.96" codeSystemName="SNOMED-CT" displayName="Moderate" />
                        </observation>
                      </entryRelationship>
                    </observation>
                  </entryRelationship>
                </observation>
              </entryRelationship>
            </act>
          </entry>
          <entry typeCode="DRIV">
            <act classCode="ACT" moodCode="EVN">
              <templateId root="2.16.840.1.113883.10.20.22.4.30" extension="2015-08-01" />
              <templateId root="2.16.840.1.113883.10.20.22.4.30" />
              <id root="00AD66D3-C052-433E-960E-573CA4D6414A" />
              <code code="CONC" codeSystem="2.16.840.1.113883.5.6" />
              <statusCode code="active" />
              <effectiveTime>
                <low value="19800510" />
              </effectiveTime>
              <entryRelationship typeCode="SUBJ">
                <observation classCode="OBS" moodCode="EVN">
                  <templateId root="2.16.840.1.113883.10.20.22.4.7" extension="2014-06-09" />
                  <templateId root="2.16.840.1.113883.10.20.22.4.7" />
                  <id root="bfac5a59-86b2-4ab9-81c7-b8ef2c5585eb" />
                  <code code="ASSERTION" codeSystem="2.16.840.1.113883.5.4" />
                  <statusCode code="completed" />
                  <effectiveTime>
                    <low value="20171012" />
                  </effectiveTime>
                  <value xsi:type="CD" code="419511003" codeSystem="2.16.840.1.113883.6.96" codeSystemName="SNOMED CT" displayName="Drug sensitivity"> </value>
                  <participant typeCode="CSM">
                    <participantRole classCode="MANU">
                      <playingEntity classCode="MMAT">
                        <code code="7980" codeSystem="2.16.840.1.113883.6.88" codeSystemName="RxNorm" displayName="Penicillin G">
                          <originalText>
                            <reference value="#product6255" />
                          </originalText>
                        </code>
                      </playingEntity>
                    </participantRole>
                  </participant>
                  <entryRelationship typeCode="MFST" inversionInd="true">
                    <observation classCode="OBS" moodCode="EVN">
                      <templateId root="2.16.840.1.113883.10.20.22.4.9" extension="2014-06-09" />
                      <templateId root="2.16.840.1.113883.10.20.22.4.9" />
                      <id root="bfac5a59-86b2-4ab9-81c7-b8ef2c5585eb" />
                      <code code="ASSERTION" codeSystem="2.16.840.1.113883.5.4" />
                      <statusCode code="completed" />
                      <value xsi:type="CD" code="247472004" codeSystem="2.16.840.1.113883.6.96" displayName="Weal" />
                      <entryRelationship typeCode="SUBJ" inversionInd="true">
                        <observation classCode="OBS" moodCode="EVN">
                          <templateId root="2.16.840.1.113883.10.20.22.4.8" extension="2014-06-09" />
                          <templateId root="2.16.840.1.113883.10.20.22.4.8" />
                          <code code="SEV" codeSystem="2.16.840.1.113883.5.4" codeSystemName="ActCode" displayName="Severity Observation" />
                          <statusCode code="completed" />
                          <value xsi:type="CD" code="6736007" codeSystem="2.16.840.1.113883.6.96" codeSystemName="SNOMED-CT" displayName="Moderate" />
                        </observation>
                      </entryRelationship>
                    </observation>
                  </entryRelationship>
                </observation>
              </entryRelationship>
            </act>
          </entry>
        </section>
      </component>
      <component>
        <section>
          <templateId root="2.16.840.1.113883.10.20.22.2.1.1" extension="2014-06-09" />
          <templateId root="2.16.840.1.113883.10.20.22.2.1.1" />
          <code code="10160-0" codeSystem="2.16.840.1.113883.6.1" codeSystemName="LOINC" displayName="HISTORY OF MEDICATION USE" />
          <title>MEDICATIONS</title>
          <text>
            <table border="1" width="100%">
              <thead>
                <tr>
                  <th>Medication</th>
                  <th>Directions</th>
                  <th>Start Date</th>
                </tr>
              </thead>
              <tbody>
                <tr>
                  <td>
                    <content ID="product128393">ceftriaxone (as ceftriaxone sodium) 10 GM per 100 ML Injectable Solution</content>
                  </td>
                  <td>
                    <content ID="reaction128393">two times daily</content>
                  </td>
                  <td>
                    <content ID="severity128393">June 22, 2015</content>
                  </td>
                </tr>
                <tr>
                  <td>
                    <content ID="product134393">Aranesp 0.5 MG per 1 ML Prefilled Syringe</content>
                  </td>
                  <td>
                    <content ID="reaction134393">once a week</content>
                  </td>
                  <td>
                    <content ID="severity134393">June 22, 2015</content>
                  </td>
                </tr>
                <tr>
                  <td>
                    <content ID="product124252">Tylenol 500 MG Oral Tablet</content>
                  </td>
                  <td>
                    <content ID="reaction124252">as needed</content>
                  </td>
                  <td>
                    <content ID="severity124252">June 22, 2015</content>
                  </td>
                </tr>
              </tbody>
            </table>
          </text>
          <entry typeCode="DRIV">
            <substanceAdministration classCode="SBADM" moodCode="EVN">
              <templateId root="2.16.840.1.113883.10.20.22.4.16" extension="2014-06-09" />
              <templateId root="2.16.840.1.113883.10.20.22.4.16" />
              <id root="6A9A308B-E526-4A17-AFB6-0837D7A8A181" />
              <statusCode code="active" />
              <effectiveTime xsi:type="IVL_TS">
                <low value="20150622" />
                <high value="20150630" />
              </effectiveTime>
              <effectiveTime xsi:type="PIVL_TS" institutionSpecified="true" operator="A">
                <period value="12" unit="h" />
              </effectiveTime>
              <doseQuantity value="1.00" />
              <consumable>
                <manufacturedProduct classCode="MANU">
                  <templateId root="2.16.840.1.113883.10.20.22.4.23" extension="2014-06-09" />
                  <templateId root="2.16.840.1.113883.10.20.22.4.23" />
                  <manufacturedMaterial>
                    <code code="309090" codeSystem="2.16.840.1.113883.6.88" displayName="ceftriaxone (as ceftriaxone sodium) 10 GM per 100 ML Injectable Solution" />
                  </manufacturedMaterial>
                </manufacturedProduct>
              </consumable>
            </substanceAdministration>
          </entry>
          <entry typeCode="DRIV">
            <substanceAdministration classCode="SBADM" moodCode="EVN">
              <templateId root="2.16.840.1.113883.10.20.22.4.16" extension="2014-06-09" />
              <templateId root="2.16.840.1.113883.10.20.22.4.16" />
              <id root="929687E0-0A1F-4E70-8956-29FD5B900616" />
              <statusCode code="active" />
              <effectiveTime xsi:type="IVL_TS">
                <low value="20150622" />
              </effectiveTime>
              <effectiveTime xsi:type="PIVL_TS" institutionSpecified="true" operator="A">
                <period value="7" unit="d" />
              </effectiveTime>
              <doseQuantity value="1.00" />
              <consumable>
                <manufacturedProduct classCode="MANU">
                  <templateId root="2.16.840.1.113883.10.20.22.4.23" extension="2014-06-09" />
                  <templateId root="2.16.840.1.113883.10.20.22.4.23" />
                  <manufacturedMaterial>
                    <code code="731241" codeSystem="2.16.840.1.113883.6.88" displayName="Aranesp 0.5 MG per 1 ML Prefilled Syringe" />
                  </manufacturedMaterial>
                </manufacturedProduct>
              </consumable>
            </substanceAdministration>
          </entry>
          <entry typeCode="DRIV">
            <substanceAdministration classCode="SBADM" moodCode="EVN">
              <templateId root="2.16.840.1.113883.10.20.22.4.16" extension="2014-06-09" />
              <templateId root="2.16.840.1.113883.10.20.22.4.16" />
              <id root="7C2D7AA9-BCF3-4592-9E54-8EE436A5D241" />
              <statusCode code="active" />
              <effectiveTime xsi:type="IVL_TS">
                <low value="20150622" />
              </effectiveTime>
              <effectiveTime xsi:type="PIVL_TS" institutionSpecified="false" operator="A">
                <period value="6" unit="h" />
              </effectiveTime>
              <doseQuantity value="1.00" />
              <consumable>
                <manufacturedProduct classCode="MANU">
                  <templateId root="2.16.840.1.113883.10.20.22.4.23" extension="2014-06-09" />
                  <templateId root="2.16.840.1.113883.10.20.22.4.23" />
                  <manufacturedMaterial>
                    <code code="209459" codeSystem="2.16.840.1.113883.6.88" displayName="Tylenol 500 MG Oral Tablet" />
                  </manufacturedMaterial>
                </manufacturedProduct>
              </consumable>
            </substanceAdministration>
          </entry>
        </section>
      </component>
      <component>
        <section>
          <templateId root="2.16.840.1.113883.10.20.22.2.5.1" extension="2015-08-01" />
          <templateId root="2.16.840.1.113883.10.20.22.2.5.1" />
          <code code="11450-4" codeSystem="2.16.840.1.113883.6.1" codeSystemName="LOINC" displayName="PROBLEM LIST" />
          <title>PROBLEMS</title>
          <text>
            <content ID="problems" />
            <list listType="ordered">
              <item>
                <content ID="problem1">Essential hypertension</content>
              </item>
              <item>
                <content ID="problem2">Febrile</content>
              </item>
              <item>
                <content ID="problem3">Chronic allograft nephropathy</content>
              </item>
              <item>
                <content ID="problem4">Overweight</content>
              </item>
              <item>
                <content ID="problem5">Severe hypothyroidism</content>
              </item>
            </list>
          </text>
          <entry typeCode="DRIV">
            <act classCode="ACT" moodCode="EVN">
              <templateId root="2.16.840.1.113883.10.20.22.4.3" extension="2015-08-01" />
              <templateId root="2.16.840.1.113883.10.20.22.4.3" />
              <id root="6177C3D0-43D3-4CBF-B70E-150A9B6661C6" />
              <code code="CONC" codeSystem="2.16.840.1.113883.5.6" displayName="Concern" />
              <statusCode code="active" />
              <effectiveTime>
                <low value="20151005" />
              </effectiveTime>
              <entryRelationship typeCode="SUBJ">
                <observation classCode="OBS" moodCode="EVN">
                  <templateId root="2.16.840.1.113883.10.20.22.4.4" extension="2015-08-01" />
                  <templateId root="2.16.840.1.113883.10.20.22.4.4" />
                  <id root="6177C3D0-43D3-4CBF-B70E-150A9B6661C6" />
                  <code code="64572001" codeSystem="2.16.840.1.113883.6.96" displayName="Condition">
                    <translation code="75323-6" codeSystem="2.16.840.1.113883.6.1" codeSystemName="LOINC" displayName="Condition" />
                  </code>
                  <statusCode code="completed" />
                  <effectiveTime>
                    <low value="20151005" />
                  </effectiveTime>
                  <value xsi:type="CD" code="59621000" codeSystem="2.16.840.1.113883.6.96" displayName="Essential hypertension" />
                </observation>
              </entryRelationship>
            </act>
          </entry>
          <entry typeCode="DRIV">
            <act classCode="ACT" moodCode="EVN">
              <templateId root="2.16.840.1.113883.10.20.22.4.3" extension="2015-08-01" />
              <templateId root="2.16.840.1.113883.10.20.22.4.3" />
              <id root="6AB21B5B-FB5D-4E8A-8E5D-DBBA7F582C25" />
              <code code="CONC" codeSystem="2.16.840.1.113883.5.6" displayName="Concern" />
              <statusCode code="active" />
              <effectiveTime>
                <low value="20150622" />
              </effectiveTime>
              <entryRelationship typeCode="SUBJ">
                <observation classCode="OBS" moodCode="EVN">
                  <templateId root="2.16.840.1.113883.10.20.22.4.4" extension="2015-08-01" />
                  <templateId root="2.16.840.1.113883.10.20.22.4.4" />
                  <id root="6AB21B5B-FB5D-4E8A-8E5D-DBBA7F582C25" />
                  <code code="64572001" codeSystem="2.16.840.1.113883.6.96" displayName="Condition">
                    <translation code="75323-6" codeSystem="2.16.840.1.113883.6.1" codeSystemName="LOINC" displayName="Condition" />
                  </code>
                  <statusCode code="completed" />
                  <effectiveTime>
                    <low value="20150622" />
                  </effectiveTime>
                  <value xsi:type="CD" code="386661006" codeSystem="2.16.840.1.113883.6.96" displayName="Febrile" />
                </observation>
              </entryRelationship>
            </act>
          </entry>
          <entry typeCode="DRIV">
            <act classCode="ACT" moodCode="EVN">
              <templateId root="2.16.840.1.113883.10.20.22.4.3" extension="2015-08-01" />
              <templateId root="2.16.840.1.113883.10.20.22.4.3" />
              <id root="2823F0F2-8C52-4894-990F-35C99547E5BA" />
              <code code="CONC" codeSystem="2.16.840.1.113883.5.6" displayName="Concern" />
              <statusCode code="active" />
              <effectiveTime>
                <low value="20111231" />
              </effectiveTime>
              <entryRelationship typeCode="SUBJ">
                <observation classCode="OBS" moodCode="EVN">
                  <templateId root="2.16.840.1.113883.10.20.22.4.4" extension="2015-08-01" />
                  <templateId root="2.16.840.1.113883.10.20.22.4.4" />
                  <id root="2823F0F2-8C52-4894-990F-35C99547E5BA" />
                  <code code="64572001" codeSystem="2.16.840.1.113883.6.96" displayName="Condition">
                    <translation code="75323-6" codeSystem="2.16.840.1.113883.6.1" codeSystemName="LOINC" displayName="Condition" />
                  </code>
                  <statusCode code="completed" />
                  <effectiveTime>
                    <low value="20111231" />
                  </effectiveTime>
                  <value xsi:type="CD" code="236578006" codeSystem="2.16.840.1.113883.6.96" displayName="Chronic allograft nephropathy" />
                </observation>
              </entryRelationship>
            </act>
          </entry>
          <entry typeCode="DRIV">
            <act classCode="ACT" moodCode="EVN">
              <templateId root="2.16.840.1.113883.10.20.22.4.3" extension="2015-08-01" />
              <templateId root="2.16.840.1.113883.10.20.22.4.3" />
              <id root="3893060E-3EEE-4F9E-8363-69046C43BC81" />
              <code code="CONC" codeSystem="2.16.840.1.113883.5.6" displayName="Concern" />
              <statusCode code="completed" />
              <effectiveTime>
                <low value="20061231" />
                <high value="20070601" />
              </effectiveTime>
              <entryRelationship typeCode="SUBJ">
                <observation classCode="OBS" moodCode="EVN">
                  <templateId root="2.16.840.1.113883.10.20.22.4.4" extension="2015-08-01" />
                  <templateId root="2.16.840.1.113883.10.20.22.4.4" />
                  <id root="3893060E-3EEE-4F9E-8363-69046C43BC81" />
                  <code code="64572001" codeSystem="2.16.840.1.113883.6.96" displayName="Condition">
                    <translation code="75323-6" codeSystem="2.16.840.1.113883.6.1" codeSystemName="LOINC" displayName="Condition" />
                  </code>
                  <statusCode code="completed" />
                  <effectiveTime>
                    <low value="20061231" />
                  </effectiveTime>
                  <value xsi:type="CD" code="238131007" codeSystem="2.16.840.1.113883.6.96" displayName="Overweight" />
                </observation>
              </entryRelationship>
            </act>
          </entry>
          <entry typeCode="DRIV">
            <act classCode="ACT" moodCode="EVN">
              <templateId root="2.16.840.1.113883.10.20.22.4.3" extension="2015-08-01" />
              <templateId root="2.16.840.1.113883.10.20.22.4.3" />
              <id root="BD607E73-FE15-41B3-82AB-70F05EDAD65B" />
              <code code="CONC" codeSystem="2.16.840.1.113883.5.6" displayName="Concern" />
              <statusCode code="active" />
              <effectiveTime>
                <low value="20061231" />
              </effectiveTime>
              <entryRelationship typeCode="SUBJ">
                <observation classCode="OBS" moodCode="EVN">
                  <templateId root="2.16.840.1.113883.10.20.22.4.4" extension="2015-08-01" />
                  <templateId root="2.16.840.1.113883.10.20.22.4.4" />
                  <id root="BD607E73-FE15-41B3-82AB-70F05EDAD65B" />
                  <code code="64572001" codeSystem="2.16.840.1.113883.6.96" displayName="Condition">
                    <translation code="75323-6" codeSystem="2.16.840.1.113883.6.1" codeSystemName="LOINC" displayName="Condition" />
                  </code>
                  <statusCode code="completed" />
                  <effectiveTime>
                    <low value="20061231" />
                  </effectiveTime>
                  <value xsi:type="CD" code="83986005" codeSystem="2.16.840.1.113883.6.96" displayName="Severe hypothyroidism" />
                </observation>
              </entryRelationship>
            </act>
          </entry>
        </section>
      </component>
      <component>
        <section>
          <templateId root="2.16.840.1.113883.10.20.22.2.22.1" />
          <code code="46240-8" codeSystem="2.16.840.1.113883.6.1" codeSystemName="LOINC" displayName="History of encounters" />
          <title>ENCOUNTERS</title>
          <text>
            <table border="1" width="100%">
              <thead>
                <tr>
                  <th>Encounter</th>
                  <th>Performer</th>
                  <th>Location</th>
                  <th>Date</th>
                </tr>
              </thead>
              <tbody>
                <tr>
                  <td>
                    <content ID="Encounter1">Febrile</content>
                  </td>
                  <td>Dr Albert Davis, MD</td>
                  <td>Neighborhood Physicians Practice</td>
                  <td>June 22, 2017</td>
                </tr>
              </tbody>
            </table>
          </text>
          <entry typeCode="DRIV">
            <encounter classCode="ENC" moodCode="EVN">
              <templateId root="2.16.840.1.113883.10.20.22.4.49" extension="2015-08-01" />
              <templateId root="2.16.840.1.113883.10.20.22.4.49" />
              <id root="29710281-087E-44AB-8797-FA4193157AAA" />
              <code code="CPT" codeSystem="2.16.840.1.113883.6.12" codeSystemVersion="4" displayName="Outpatient Visit">
                <originalText>
                  <reference value="#Encounter1" />Outpatient Visit</originalText>
              </code>
              <effectiveTime value="20170622" />
              <performer>
                <assignedEntity>
                  <id root="0613B537-A62B-44E5-B1D9-DF9AB8BC5961" />
                  <code code="59058001" codeSystem="2.16.840.1.113883.6.96" codeSystemName="SNOMED CT" displayName="General Physician" />
                </assignedEntity>
              </performer>
              <participant typeCode="LOC">
                <participantRole classCode="SDLOC">
                  <templateId root="2.16.840.1.113883.10.20.22.4.32" />
                  <code code="1117-1" codeSystem="2.16.840.1.113883.6.259" codeSystemName="HealthcareServiceLocation" displayName="Neighborhood Physicians Practice" />
                  <addr>
                    <streetAddressLine>2472 Rocky place</streetAddressLine>
                    <city>Beaverton</city>
                    <state>OR</state>
                    <postalCode>97006</postalCode>
                    <country>USA</country>
                  </addr>
                  <playingEntity classCode="PLC">
                    <name>Neighborhood Physicians Practice</name>
                  </playingEntity>
                </participantRole>
              </participant>
              <entryRelationship typeCode="SUBJ" inversionInd="false">
                <act classCode="ACT" moodCode="EVN">
                  <templateId root="2.16.840.1.113883.10.20.22.4.80" />
                  <id root="29710281-087E-44AB-8797-FA4193157AAA" />
                  <code xsi:type="CE" code="29308-4" codeSystem="2.16.840.1.113883.6.1" codeSystemName="LOINC" displayName="ENCOUNTER DIAGNOSIS" />
                  <statusCode code="active" />
                  <effectiveTime>
                    <low value="20150622" />
                  </effectiveTime>
                  <entryRelationship typeCode="SUBJ" inversionInd="false">
                    <observation classCode="OBS" moodCode="EVN">
                      <templateId root="2.16.840.1.113883.10.20.22.4.4" extension="2015-08-01" />
                      <templateId root="2.16.840.1.113883.10.20.22.4.4" />
                      <id root="29710281-087E-44AB-8797-FA4193157AAA" />
                      <code code="404684003" codeSystem="2.16.840.1.113883.6.96" displayName="Finding">
                        <translation code="75321-0" codeSystem="2.16.840.1.113883.6.1" codeSystemName="LOINC" displayName="Clinical finding" />
                      </code>
                      <statusCode code="completed" />
                      <effectiveTime>
                        <low value="20150622" />
                      </effectiveTime>
                      <value xsi:type="CD" code="386661006" codeSystem="2.16.840.1.113883.6.96" displayName="Febrile" />
                    </observation>
                  </entryRelationship>
                </act>
              </entryRelationship>
            </encounter>
          </entry>
        </section>
      </component>
      <component>
        <section>
          <templateId root="2.16.840.1.113883.10.20.22.2.2.1" />
          <code code="11369-6" codeSystem="2.16.840.1.113883.6.1" codeSystemName="LOINC" displayName="History of immunizations" />
          <title>IMMUNIZATIONS</title>
          <text>
            <content ID="immunSect" />
            <table border="1" width="100%">
              <thead>
                <tr>
                  <th>Vaccine</th>
                  <th>Date</th>
                  <th>Status</th>
                </tr>
              </thead>
              <tbody>
                <tr>
                  <td>
                    <content ID="immun1">Tetanus</content>
                  </td>
                  <td>January 2012</td>
                  <td>Completed</td>
                </tr>
                <tr>
                  <td>
                    <content ID="immun2">Flu</content>
                  </td>
                  <td>June 2015</td>
                  <td>Cancelled</td>
                </tr>
              </tbody>
            </table>
          </text>
          <entry typeCode="DRIV">
            <substanceAdministration classCode="SBADM" moodCode="EVN" negationInd="false">
              <templateId root="2.16.840.1.113883.10.20.22.4.52" extension="2015-08-01" />
              <templateId root="2.16.840.1.113883.10.20.22.4.52" />
              <id root="E1EA7D22-C167-425B-9A56-C6D27265F5D7" />
              <statusCode code="completed" />
              <effectiveTime xsi:type="IVL_TS" value="20120104" />
              <doseQuantity />
              <consumable>
                <manufacturedProduct classCode="MANU">
                  <templateId root="2.16.840.1.113883.10.20.22.4.54" extension="2014-06-09" />
                  <templateId root="2.16.840.1.113883.10.20.22.4.54" />
                  <manufacturedMaterial>
                    <code code="106" codeSystem="2.16.840.1.113883.12.292" codeSystemName="CVX - CDC" displayName="DTaP, 5 pertussis antigens" />
                  </manufacturedMaterial>
                  <manufacturerOrganization>
                    <name>Immuno, Inc.</name>
                  </manufacturerOrganization>
                </manufacturedProduct>
              </consumable>
              <entryRelationship typeCode="SUBJ" inversionInd="true">
                <act classCode="ACT" moodCode="INT">
                  <templateId root="2.16.840.1.113883.10.20.22.4.20" />
                  <code xsi:type="CE" code="171044003" codeSystem="2.16.840.1.113883.6.96" displayName="immunization education" />
                  <text>
                    <reference value="#immunSect"></reference>
                  </text>
                  <statusCode code="completed" />
                </act>
              </entryRelationship>
            </substanceAdministration>
          </entry>
          <entry typeCode="DRIV">
            <substanceAdministration classCode="SBADM" moodCode="EVN" negationInd="false">
              <templateId root="2.16.840.1.113883.10.20.22.4.52" extension="2015-08-01" />
              <templateId root="2.16.840.1.113883.10.20.22.4.52" />
              <id root="DAF29D17-B62E-44D4-91B7-300FB9C80B34" />
              <statusCode code="cancelled" />
              <effectiveTime xsi:type="IVL_TS" value="20150622" />
              <doseQuantity />
              <consumable>
                <manufacturedProduct classCode="MANU">
                  <templateId root="2.16.840.1.113883.10.20.22.4.54" extension="2014-06-09" />
                  <templateId root="2.16.840.1.113883.10.20.22.4.54" />
                  <manufacturedMaterial>
                    <code code="166" codeSystem="2.16.840.1.113883.12.292" codeSystemName="CVX - CDC" displayName="influenza, intradermal, quadrivalent, preservative free" />
                  </manufacturedMaterial>
                  <manufacturerOrganization>
                    <name>Immuno, Inc.</name>
                  </manufacturerOrganization>
                </manufacturedProduct>
              </consumable>
              <entryRelationship typeCode="SUBJ" inversionInd="true">
                <act classCode="ACT" moodCode="INT">
                  <templateId root="2.16.840.1.113883.10.20.22.4.20" />
                  <code xsi:type="CE" code="171044003" codeSystem="2.16.840.1.113883.6.96" displayName="immunization education" />
                  <text>
                    <reference value="#immunSect"></reference>
                  </text>
                  <statusCode code="completed" />
                </act>
              </entryRelationship>
            </substanceAdministration>
          </entry>
        </section>
      </component>
      <component>
        <section>
          <templateId root="2.16.840.1.113883.10.20.22.2.10" />
          <code code="18776-5" codeSystem="2.16.840.1.113883.6.1" codeSystemName="LOINC" displayName="Treatment plan" />
          <title>CARE PLAN</title>
          <text>
            <table border="1" width="100%">
              <thead>
                <tr>
                  <th>Planned Activity</th>
                  <th>PlannedDate</th>
                </tr>
              </thead>
              <tbody>
                <tr>
                  <td>
                    <content ID="immun153">Urinanalysis macro (dipstick) panel </content>
                  </td>
                  <td>20150629</td>
                </tr>
                <tr>
                  <td>
                    <content ID="immun154">Get an EKG done on 6/23/2015.</content>
                  </td>
                  <td>20150623</td>
                </tr>
                <tr>
                  <td>
                    <content ID="immun155">Take Clindamycin 300mg three times a day as needed if pain does not subside.</content>
                  </td>
                  <td>20150622</td>
                </tr>
                <tr>
                  <td>
                    <content ID="immun156">Schedule follow on visit with Neighborhood Physicians Practice on 7/1/2015.</content>
                  </td>
                  <td>20150701</td>
                </tr>
              </tbody>
            </table>
          </text>
          <entry typeCode="DRIV">
            <act classCode="ACT" moodCode="INT">
              <templateId root="2.16.840.1.113883.10.20.22.4.20" />
              <code xsi:type="CE" code="409073007" codeSystem="2.16.840.1.113883.6.96" displayName="instruction" />
              <statusCode code="completed" />
            </act>
          </entry>
          <entry typeCode="DRIV">
            <act classCode="ACT" moodCode="INT">
              <templateId root="2.16.840.1.113883.10.20.22.4.20" />
              <code xsi:type="CE" code="409073007" codeSystem="2.16.840.1.113883.6.96" displayName="instruction" />
              <statusCode code="completed" />
            </act>
          </entry>
          <entry typeCode="DRIV">
            <act classCode="ACT" moodCode="INT">
              <templateId root="2.16.840.1.113883.10.20.22.4.20" />
              <code xsi:type="CE" code="409073007" codeSystem="2.16.840.1.113883.6.96" displayName="instruction" />
              <statusCode code="completed" />
            </act>
          </entry>
          <entry typeCode="DRIV">
            <act classCode="ACT" moodCode="INT">
              <templateId root="2.16.840.1.113883.10.20.22.4.20" />
              <code xsi:type="CE" code="409073007" codeSystem="2.16.840.1.113883.6.96" displayName="instruction" />
              <statusCode code="completed" />
            </act>
          </entry>
        </section>
      </component>
      <component>
        <section>
          <templateId root="2.16.840.1.113883.10.20.22.2.60" />
          <code code="61146-7" codeSystem="2.16.840.1.113883.6.1" codeSystemName="LOINC" displayName="Goals" />
          <title>Goals Section</title>
          <text>
            <table border="1" width="100%">
              <thead>
                <tr>
                  <th>Goal</th>
                  <th>Date</th>
                </tr>
              </thead>
              <tbody>
                <tr>
                  <td>Get rid of intermittent fever that is occurring every few weeks. </td>
                  <td>20150622</td>
                </tr>
                <tr>
                  <td>Need to gain more energy to do regular activities</td>
                  <td>20150622</td>
                </tr>
              </tbody>
            </table>
          </text>
          <entry>
            <observation classCode="OBS" moodCode="GOL">
              <templateId root="2.16.840.1.113883.10.20.22.4.121" />
              <id root="2C5BEE0E-CAD3-4120-9792-5B68E555A3AA" />
              <code code="58144-7" codeSystem="2.16.840.1.113883.6.1" codeSystemName="LOINC" displayName="Resident's overall goal established during assessment process" />
              <statusCode code="active" />
              <effectiveTime value="20150622" />
              <value xsi:type="ST">Get rid of intermittent fever that is occurring every few weeks. </value>
            </observation>
          </entry>
          <entry>
            <observation classCode="OBS" moodCode="GOL">
              <templateId root="2.16.840.1.113883.10.20.22.4.121" />
              <id root="0A70EAEC-CA57-4D78-8D31-96C3C1C1E574" />
              <code code="58144-7" codeSystem="2.16.840.1.113883.6.1" codeSystemName="LOINC" displayName="Resident's overall goal established during assessment process" />
              <statusCode code="active" />
              <effectiveTime value="20150622" />
              <value xsi:type="ST">Need to gain more energy to do regular activities</value>
            </observation>
          </entry>
        </section>
      </component>
      <component>
        <section>
          <templateId root="2.16.840.1.113883.10.20.22.2.58" extension="2015-08-01" />
          <code code="75310-3" codeSystem="2.16.840.1.113883.6.1" codeSystemName="LOINC" displayName="Health Concerns Document" />
          <title>Health Concerns Section</title>
          <text>
            <table border="1" width="100%">
              <thead>
                <tr>
                  <th>Observation</th>
                  <th>Status</th>
                  <th>Date</th>
                </tr>
              </thead>
              <tbody>
                <tr>
                  <td>Chronic Sickness exhibited by patient</td>
                  <td>Active</td>
                  <td>20150622</td>
                </tr>
              </tbody>
            </table>
            <table border="1" width="100%">
              <thead>
                <tr>
                  <th>Concern</th>
                  <th>Status</th>
                  <th>Date</th>
                </tr>
              </thead>
              <tbody>
                <tr>
                  <td>Documented HyperTension problem</td>
                  <td>Active</td>
                  <td>20150622</td>
                </tr>
                <tr>
                  <td>Documented HypoThyroidism problem</td>
                  <td>Active</td>
                  <td>20150622</td>
                </tr>
                <tr>
                  <td>Watch Weight of patient</td>
                  <td>Active</td>
                  <td>20150622</td>
                </tr>
              </tbody>
            </table>
          </text>
          <entry>
            <observation classCode="OBS" moodCode="EVN">
              <templateId root="2.16.840.1.113883.10.20.22.4.5" extension="2014-06-09" />
              <templateId root="2.16.840.1.113883.10.20.22.4.5" />
              <id root="f5d55a45-9af9-4c36-af46-8b914129b60a" />
              <code code="11323-3" codeSystem="2.16.840.1.113883.6.1" codeSystemName="LOINC" displayName="Health status" />
              <statusCode code="completed" />
              <effectiveTime value="20150622" />
              <value xsi:type="CD" code="161901003" codeSystem="2.16.840.1.113883.6.96" codeSystemName="SNOMED CT" displayName="Chronic Sickness exhibited by patient" />
            </observation>
          </entry>
          <entry>
            <act classCode="ACT" moodCode="EVN">
              <templateId root="2.16.840.1.113883.10.20.22.4.132" extension="2015-08-01" />
              <id root="750BF9EA-F21D-4B77-AC8E-8B441D5D9391" />
              <code code="75310-3" codeSystem="2.16.840.1.113883.6.1" codeSystemName="LOINC" displayName="Documented HyperTension problem" />
              <statusCode code="completed" />
            </act>
          </entry>
          <entry>
            <act classCode="ACT" moodCode="EVN">
              <templateId root="2.16.840.1.113883.10.20.22.4.132" extension="2015-08-01" />
              <id root="5EE1EDED-FDD6-45DC-8127-31E7786DA66D" />
              <code code="75310-3" codeSystem="2.16.840.1.113883.6.1" codeSystemName="LOINC" displayName="Documented HypoThyroidism problem" />
              <statusCode code="completed" />
            </act>
          </entry>
          <entry>
            <act classCode="ACT" moodCode="EVN">
              <templateId root="2.16.840.1.113883.10.20.22.4.132" extension="2015-08-01" />
              <id root="2B304819-1F56-46D0-9F18-A4B8F89E7D72" />
              <code code="75310-3" codeSystem="2.16.840.1.113883.6.1" codeSystemName="LOINC" displayName="Watch Weight of patient" />
              <statusCode code="completed" />
            </act>
          </entry>
        </section>
      </component>
      <component>
        <section>
          <templateId root="2.16.840.1.113883.10.20.22.2.7.1" extension="2014-06-09" />
          <templateId root="2.16.840.1.113883.10.20.22.2.7.1" />
          <code code="47519-4" codeSystem="2.16.840.1.113883.6.1" codeSystemName="LOINC" displayName="HISTORY OF PROCEDURES" />
          <title>HISTORY OF PROCEDURES</title>
          <text>
            <table border="1" width="100%">
              <thead>
                <tr>
                  <th>Procedure</th>
                  <th>Date</th>
                  <th>Target Site</th>
                  <th>Status</th>
                  <th>Performer</th>
                </tr>
              </thead>
              <tbody>
                <tr>
                  <td ID="Proc1">Introduction of cardiac pacemaker system via vein (procedure)</td>
                  <td>October 05, 2011</td>
                  <td>Structure of subclavian vein</td>
                  <td>Completed</td>
                  <td>Community Health Hospitals</td>
                </tr>
                <tr>
                  <td ID="Proc2">Nebulizer therapy (procedure)</td>
                  <td>June 22, 2015</td>
                  <td>Larynx, trachea, bronchi and lungs, CS</td>
                  <td>Completed</td>
                  <td>Neighborhood Physicians Practice</td>
                </tr>
              </tbody>
            </table>
          </text>
          <entry typeCode="DRIV">
            <procedure classCode="PROC" moodCode="EVN">
              <templateId root="2.16.840.1.113883.10.20.22.4.14" extension="2014-06-09" />
              <templateId root="2.16.840.1.113883.10.20.22.4.14" />
              <id root="A6E3C4F4-E0C4-46F6-9382-CC3AF0AEC74E" />
              <code code="175135009" codeSystem="2.16.840.1.113883.6.96" codeSystemName="SNOMED CT" displayName="Introduction of cardiac pacemaker system via vein (procedure)" />
              <statusCode code="completed" />
              <effectiveTime value="20111005" />
              <methodCode nullFlavor="UNK" />
              <targetSiteCode code="9454009" codeSystem="2.16.840.1.113883.6.96" codeSystemName="SNOMED CT" displayName="Structure of subclavian vein" />
            </procedure>
          </entry>
          <entry typeCode="DRIV">
            <procedure classCode="PROC" moodCode="EVN">
              <templateId root="2.16.840.1.113883.10.20.22.4.14" extension="2014-06-09" />
              <templateId root="2.16.840.1.113883.10.20.22.4.14" />
              <id root="D0E449FC-1247-486E-8B3C-A4A6172F1263" />
              <code code="56251003" codeSystem="2.16.840.1.113883.6.96" codeSystemName="SNOMED CT" displayName="Nebulizer therapy (procedure)" />
              <statusCode code="completed" />
              <effectiveTime value="20150622" />
              <methodCode nullFlavor="UNK" />
              <targetSiteCode code="82094008" codeSystem="2.16.840.1.113883.6.96" codeSystemName="SNOMED CT" displayName="Larynx, trachea, bronchi and lungs, CS" />
            </procedure>
          </entry>
        </section>
      </component>
      <component>
        <section>
          <templateId root="2.16.840.1.113883.10.20.22.2.3.1" extension="2015-08-01" />
          <templateId root="2.16.840.1.113883.10.20.22.2.3.1" />
          <code code="30954-2" codeSystem="2.16.840.1.113883.6.1" codeSystemName="LOINC" displayName="RESULTS" />
          <title>RESULTS</title>
          <text>
            <paragraph>Location: Value Labs, 2474 Rocky place , Beaverton, OR  97006, 555-666-1002</paragraph>
            <table border="1" width="100%">
              <thead>
                <tr>
                  <th>Result Type</th>
                  <th>Result Value</th>
                  <th>Relevant Reference Range</th>
                  <th>Date</th>
                </tr>
              </thead>
              <tbody>
                <tr>
                  <td ID="result101">UA Dipstick Pnl Ur</td>
                  <td ID="resultvalue101">Urinalysis macro (dipstick) panel - Urine</td>
                  <td ID="referencerange101">N/A</td>
                  <td>20150622</td>
                </tr>
                <tr>
                  <td ID="result101002">Color Ur</td>
                  <td ID="resultvalue101002">YELLOW</td>
                  <td ID="referencerange101002">YELLOW</td>
                  <td>20150622</td>
                </tr>
                <tr>
                  <td ID="result101003">Appearance Ur</td>
                  <td ID="resultvalue101003">CLEAR</td>
                  <td ID="referencerange101003">CLEAR</td>
                  <td>20150622</td>
                </tr>
                <tr>
                  <td ID="result101004">Sp Gr Ur Strip</td>
                  <td ID="resultvalue101004">1.015</td>
                  <td ID="referencerange101004">1.005-1.030</td>
                  <td>20150622</td>
                </tr>
                <tr>
                  <td ID="result101005">pH Ur Strip</td>
                  <td ID="resultvalue101005">5.0 [pH]</td>
                  <td ID="referencerange101005">5.0-8.0</td>
                  <td>20150622</td>
                </tr>
                <tr>
                  <td ID="result101006">Glucose Ur Strip-mCnc</td>
                  <td ID="resultvalue101006">50 mg/dl</td>
                  <td ID="referencerange101006">Negative</td>
                  <td>20150622</td>
                </tr>
                <tr>
                  <td ID="result101007">Ketones Ur Strip-mCnc</td>
                  <td ID="resultvalue101007">Negative</td>
                  <td ID="referencerange101007">Negative</td>
                  <td>20150622</td>
                </tr>
                <tr>
                  <td ID="result101008">Prot Ur Strip-mCnc</td>
                  <td ID="resultvalue101008">100 mg/dl</td>
                  <td ID="referencerange101008">Negative</td>
                  <td>20150622</td>
                </tr>
                <tr>
                  <td ID="result10001">Chest XR 2V</td>
                  <td ID="resultvalue10001">Lungs are not clear, cannot rule out Anemia. Other tests are required to determine the presence or absence of Anemia.</td>
                  <td ID="referencerange10001">N/A</td>
                  <td>20150622</td>
                </tr>
              </tbody>
            </table>
          </text>
          <entry typeCode="DRIV">
            <organizer classCode="BATTERY" moodCode="EVN">
              <templateId root="2.16.840.1.113883.10.20.22.4.1" extension="2015-08-01" />
              <templateId root="2.16.840.1.113883.10.20.22.4.1" />
              <id root="B5837E93-896B-4590-BF11-6FF0AB59B212" />
              <code code="24357-6" codeSystem="2.16.840.1.113883.6.1" codeSystemName="LOINC" displayName="UA Dipstick Pnl Ur" />
              <statusCode code="completed" />
              <effectiveTime>
                <low value="20150622" />
                <high value="20150622" />
              </effectiveTime>
              <component>
                <observation classCode="OBS" moodCode="EVN">
                  <templateId root="2.16.840.1.113883.10.20.22.4.2" extension="2015-08-01" />
                  <templateId root="2.16.840.1.113883.10.20.22.4.2" />
                  <id root="B5837E93-896B-4590-BF11-6FF0AB59B212" />
                  <code code="5778-6" codeSystem="2.16.840.1.113883.6.1" codeSystemName="LOINC" displayName="Color Ur" />
                  <text>
                    <reference value="#result101002" />
                  </text>
                  <statusCode code="completed" />
                  <effectiveTime value="20150622" />
                  <value xsi:type="ST">YELLOW</value>
                  <referenceRange>
                    <observationRange>
                      <value xsi:type="ST">YELLOW</value>
                    </observationRange>
                  </referenceRange>
                </observation>
              </component>
              <component>
                <observation classCode="OBS" moodCode="EVN">
                  <templateId root="2.16.840.1.113883.10.20.22.4.2" extension="2015-08-01" />
                  <templateId root="2.16.840.1.113883.10.20.22.4.2" />
                  <id root="B5837E93-896B-4590-BF11-6FF0AB59B212" />
                  <code code="5767-9" codeSystem="2.16.840.1.113883.6.1" codeSystemName="LOINC" displayName="Appearance Ur" />
                  <text>
                    <reference value="#result101003" />
                  </text>
                  <statusCode code="completed" />
                  <effectiveTime value="20150622" />
                  <value xsi:type="ST">CLEAR</value>
                  <referenceRange>
                    <observationRange>
                      <value xsi:type="ST">CLEAR</value>
                    </observationRange>
                  </referenceRange>
                </observation>
              </component>
              <component>
                <observation classCode="OBS" moodCode="EVN">
                  <templateId root="2.16.840.1.113883.10.20.22.4.2" extension="2015-08-01" />
                  <templateId root="2.16.840.1.113883.10.20.22.4.2" />
                  <id root="B5837E93-896B-4590-BF11-6FF0AB59B212" />
                  <code code="5811-5" codeSystem="2.16.840.1.113883.6.1" codeSystemName="LOINC" displayName="Sp Gr Ur Strip" />
                  <text>
                    <reference value="#result101004" />
                  </text>
                  <statusCode code="completed" />
                  <effectiveTime value="20150622" />
                  <value xsi:type="PQ" value="1.015" />
                  <referenceRange>
                    <observationRange>
                      <value xsi:type="IVL_PQ">
                        <low value="1.005" />
                        <high value="1.030" />
                      </value>
                    </observationRange>
                  </referenceRange>
                </observation>
              </component>
              <component>
                <observation classCode="OBS" moodCode="EVN">
                  <templateId root="2.16.840.1.113883.10.20.22.4.2" extension="2015-08-01" />
                  <templateId root="2.16.840.1.113883.10.20.22.4.2" />
                  <id root="B5837E93-896B-4590-BF11-6FF0AB59B212" />
                  <code code="5803-2" codeSystem="2.16.840.1.113883.6.1" codeSystemName="LOINC" displayName="pH Ur Strip" />
                  <text>
                    <reference value="#result101005" />
                  </text>
                  <statusCode code="completed" />
                  <effectiveTime value="20150622" />
                  <value xsi:type="PQ" value="5.0" unit="[pH]" />
                  <referenceRange>
                    <observationRange>
                      <value xsi:type="IVL_PQ">
                        <low value="5.0" />
                        <high value="8.0" />
                      </value>
                    </observationRange>
                  </referenceRange>
                </observation>
              </component>
              <component>
                <observation classCode="OBS" moodCode="EVN">
                  <templateId root="2.16.840.1.113883.10.20.22.4.2" extension="2015-08-01" />
                  <templateId root="2.16.840.1.113883.10.20.22.4.2" />
                  <id root="B5837E93-896B-4590-BF11-6FF0AB59B212" />
                  <code code="5792-7" codeSystem="2.16.840.1.113883.6.1" codeSystemName="LOINC" displayName="Glucose Ur Strip-mCnc" />
                  <text>
                    <reference value="#result101006" />
                  </text>
                  <statusCode code="completed" />
                  <effectiveTime value="20150622" />
                  <value xsi:type="PQ" value="50" unit="mg/dl" />
                  <referenceRange>
                    <observationRange>
                      <value xsi:type="ST">Negative</value>
                    </observationRange>
                  </referenceRange>
                </observation>
              </component>
              <component>
                <observation classCode="OBS" moodCode="EVN">
                  <templateId root="2.16.840.1.113883.10.20.22.4.2" extension="2015-08-01" />
                  <templateId root="2.16.840.1.113883.10.20.22.4.2" />
                  <id root="B5837E93-896B-4590-BF11-6FF0AB59B212" />
                  <code code="5797-6" codeSystem="2.16.840.1.113883.6.1" codeSystemName="LOINC" displayName="Ketones Ur Strip-mCnc" />
                  <text>
                    <reference value="#result101007" />
                  </text>
                  <statusCode code="completed" />
                  <effectiveTime value="20150622" />
                  <value xsi:type="ST">Negative</value>
                  <referenceRange>
                    <observationRange>
                      <value xsi:type="ST">Negative</value>
                    </observationRange>
                  </referenceRange>
                </observation>
              </component>
              <component>
                <observation classCode="OBS" moodCode="EVN">
                  <templateId root="2.16.840.1.113883.10.20.22.4.2" extension="2015-08-01" />
                  <templateId root="2.16.840.1.113883.10.20.22.4.2" />
                  <id root="B5837E93-896B-4590-BF11-6FF0AB59B212" />
                  <code code="5804-0" codeSystem="2.16.840.1.113883.6.1" codeSystemName="LOINC" displayName="Prot Ur Strip-mCnc" />
                  <text>
                    <reference value="#result101008" />
                  </text>
                  <statusCode code="completed" />
                  <effectiveTime value="20150622" />
                  <value xsi:type="PQ" value="100" unit="mg/dl" />
                  <referenceRange>
                    <observationRange>
                      <value xsi:type="ST">Negative</value>
                    </observationRange>
                  </referenceRange>
                </observation>
              </component>
              <component>
                <observation classCode="OBS" moodCode="EVN">
                  <templateId root="2.16.840.1.113883.10.20.22.4.2" extension="2015-08-01" />
                  <templateId root="2.16.840.1.113883.10.20.22.4.2" />
                  <id root="B5837E93-896B-4590-BF11-6FF0AB59B212" />
                  <code code="36643-5" codeSystem="2.16.840.1.113883.6.1" codeSystemName="LOINC" displayName="Chest XR 2V" />
                  <text>
                    <reference value="#result10001" />
                  </text>
                  <statusCode code="completed" />
                  <effectiveTime value="20150622" />
                  <value xsi:type="ST">Lungs are not clear, cannot rule out Anemia. Other tests are required to determine the presence or absence of Anemia.</value>
                </observation>
              </component>
            </organizer>
          </entry>
        </section>
      </component>
      <component>
        <section>
          <templateId root="2.16.840.1.113883.10.20.22.2.17" extension="2015-08-01" />
          <templateId root="2.16.840.1.113883.10.20.22.2.17" />
          <code code="29762-2" codeSystem="2.16.840.1.113883.6.1" codeSystemName="LOINC" displayName="Social History" />
          <title>SOCIAL HISTORY</title>
          <text>
            <table border="1" width="100%">
              <thead>
                <tr>
                  <th>Social History Observation</th>
                  <th>Description</th>
                  <th>Dates Observed</th>
                </tr>
              </thead>
              <tbody>
                <tr>
                  <td>Smoking status</td>
                  <td>Smokes tobacco daily (finding)</td>
                  <td>January 01, 2017</td>
                </tr>
                <tr>
                  <td ID="BirthSexInfo">Birth Sex</td>
                  <td>F</td>
                  <td>May 01, 1970</td>
                </tr>
              </tbody>
            </table>
          </text>
          <entry typeCode="DRIV">
            <observation classCode="OBS" moodCode="EVN">
              <templateId root="2.16.840.1.113883.10.20.22.4.78" extension="2014-06-09" />
              <templateId root="2.16.840.1.113883.10.20.22.4.78" />
              <id extension="336820171012122310" root="2.16.840.1.113883.19" />
              <code code="72166-2" codeSystem="2.16.840.1.113883.6.1" codeSystemName="LOINC" displayName="Tobacco smoking status NHIS" />
              <statusCode code="completed" />
              <effectiveTime value="20171023" />
              <value xsi:type="CD" code="449868002" codeSystem="2.16.840.1.113883.6.96" displayName="Current every day smoker" />
            </observation>
          </entry>
          <entry typeCode="DRIV">
            <observation classCode="OBS" moodCode="EVN">
              <templateId root="2.16.840.1.113883.10.20.22.4.200" extension="2016-06-01" />
              <code code="76689-9" codeSystem="2.16.840.1.113883.6.1" codeSystemName="LOINC" displayName="Sex Assigned At Birth" />
              <text>
                <reference value="#BirthSexInfo" />
              </text>
              <statusCode code="completed" />
              <value xsi:type="CD" code="F" codeSystem="2.16.840.1.113883.5.1" displayName="F" />
            </observation>
          </entry>
        </section>
      </component>
      <component>
        <section>
          <templateId root="2.16.840.1.113883.10.20.22.2.23" extension="2014-06-09" />
          <templateId root="2.16.840.1.113883.10.20.22.2.23" />
          <code code="46264-8" codeSystem="2.16.840.1.113883.6.1" codeSystemName="LOINC" displayName="Medical Equipment" />
          <title>Implants</title>
          <text>
            <table border="1" width="100%">
              <thead>
                <tr>
                  <th>Implanted</th>
                  <th>Area</th>
                  <th>UDI</th>
                </tr>
              </thead>
              <tbody>
                <tr>
                  <td ID="implant1">Implantable cardiac pacemaker</td>
                  <td>Subclavian Vein</td>
                  <td>(01)00643169007222(17)160128(21)BLC200461H</td>
                </tr>
              </tbody>
            </table>
          </text>
          <entry>
            <procedure classCode="PROC" moodCode="EVN">
              <templateId root="2.16.840.1.113883.10.20.22.4.14" extension="2014-06-09" />
              <id extension="86DBED51-C056-4089-BCC0-FE543DA416E4" root="1.2.840.114350.1.13.5552.1.7.2.737780" />
              <code nullFlavor="UNK" />
              <statusCode code="completed" />
              <effectiveTime>
                <low value="20171012" />
              </effectiveTime>
              <targetSiteCode code="9454009" codeSystem="2.16.840.1.113883.6.96" codeSystemName="SNOMED CT" displayName="Structure of subclavian vein" />
              <participant typeCode="DEV">
                <participantRole classCode="MANU">
                  <templateId root="2.16.840.1.113883.10.20.22.4.37" />
                  <id extension="(01)00643169007222(17)160128(21)BLC200461H" root="2.16.840.1.113883.3.3719" />
                  <playingDevice>
                    <code code="706004007" codeSystem="2.16.840.1.113883.6.96" codeSystemName="SNOMED CT" displayName="Implantable cardiac pacemaker (physical object)" />
                  </playingDevice>
                  <scopingEntity>
                    <id root="2.16.840.1.113883.3.3719" />
                  </scopingEntity>
                </participantRole>
              </participant>
            </procedure>
          </entry>
        </section>
      </component>
      <component>
        <section>
          <templateId root="2.16.840.1.113883.10.20.22.2.8" />
          <code code="51848-0" codeSystem="2.16.840.1.113883.6.1" codeSystemName="LOINC" displayName="ASSESSMENTS" />
          <title>ASSESSMENTS</title>
          <text>The patient was found to have fever and Dr Davis is suspecting Anemia based on the patient history. So Dr Davis asked the patient to closely monitor the temperature and blood pressure and get admitted to Community Health Hospitals if the fever does not subside within a day.</text>
        </section>
      </component>
      <component>
        <section>
          <templateId root="2.16.840.1.113883.10.20.22.2.4.1" extension="2015-08-01" />
          <templateId root="2.16.840.1.113883.10.20.22.2.4.1" />
          <code code="8716-3" codeSystem="2.16.840.1.113883.6.1" codeSystemName="LOINC" displayName="VITAL SIGNS" />
          <title>VITAL SIGNS</title>
          <text>
            <table border="1" width="100%">
              <thead>
                <tr>
                  <th>Vital</th>
                  <th>Value</th>
                  <th>Date</th>
                </tr>
              </thead>
              <tbody>
                <tr>
                  <td align="left">Respiratory Rate</td>
                  <td ID="vit1001">18 /min</td>
                  <td>10/12/2017 12:23:10 PM</td>
                </tr>
                <tr>
                  <td align="left">Body Temperature</td>
                  <td ID="vit1002">38 Cel</td>
                  <td>10/12/2017 12:23:10 PM</td>
                </tr>
                <tr>
                  <td align="left">Inhaled Oxygen Concentration</td>
                  <td ID="vit1003">36 %</td>
                  <td>10/12/2017 12:23:10 PM</td>
                </tr>
                <tr>
                  <td align="left">O2% BldC Oximetry</td>
                  <td ID="vit1004">95 %</td>
                  <td>10/12/2017 12:23:10 PM</td>
                </tr>
                <tr>
                  <td align="left">Heart Rate</td>
                  <td ID="vit1005">80 /min</td>
                  <td>10/12/2017 12:23:10 PM</td>
                </tr>
                <tr>
                  <td align="left">Blood Presure Systolic</td>
                  <td ID="vit1006">145 mm[Hg]</td>
                  <td>10/12/2017 12:23:10 PM</td>
                </tr>
                <tr>
                  <td align="left">Blood Pressure Diastolic</td>
                  <td ID="vit1007">88 mm[Hg]</td>
                  <td>10/12/2017 12:23:10 PM</td>
                </tr>
                <tr>
                  <td align="left">Weight</td>
                  <td ID="vit1008">88 kg</td>
                  <td>10/12/2017 12:23:10 PM</td>
                </tr>
                <tr>
                  <td align="left">Height</td>
                  <td ID="vit1009">177 cm</td>
                  <td>10/12/2017 12:23:10 PM</td>
                </tr>
              </tbody>
            </table>
          </text>
          <entry typeCode="DRIV">
            <organizer classCode="CLUSTER" moodCode="EVN">
              <templateId root="2.16.840.1.113883.10.20.22.4.26" extension="2015-08-01" />
              <templateId root="2.16.840.1.113883.10.20.22.4.26" />
              <id root="22409f98-23e3-4fad-b7d5-8e57e8828fed" />
              <code code="46680005" codeSystem="2.16.840.1.113883.6.96" codeSystemName="SNOMED -CT" displayName="Vital signs">
                <translation code="74728-7" codeSystem="2.16.840.1.113883.6.1" codeSystemName="LOINC" displayName="Vital signs" />
              </code>
              <statusCode code="completed" />
              <effectiveTime value="20171012" />
              <component>
                <observation classCode="OBS" moodCode="EVN">
                  <templateId root="2.16.840.1.113883.10.20.22.4.27" extension="2014-06-09" />
                  <templateId root="2.16.840.1.113883.10.20.22.4.27" />
                  <id root="29710281-087E-44AB-8797-FA4193157AAA" />
                  <code code="9279-1" codeSystem="2.16.840.1.113883.6.1" codeSystemName="LOINC" displayName="Respiratory Rate" />
                  <text>
                    <reference value="#vit1001" />
                  </text>
                  <statusCode code="completed" />
                  <effectiveTime value="20171012" />
                  <value xsi:type="PQ" value="18" unit="/min" />
                  <interpretationCode code="N" codeSystem="2.16.840.1.113883.5.83" />
                </observation>
              </component>
              <component>
                <observation classCode="OBS" moodCode="EVN">
                  <templateId root="2.16.840.1.113883.10.20.22.4.27" extension="2014-06-09" />
                  <templateId root="2.16.840.1.113883.10.20.22.4.27" />
                  <id root="29710281-087E-44AB-8797-FA4193157AAA" />
                  <code code="8310-5" codeSystem="2.16.840.1.113883.6.1" codeSystemName="LOINC" displayName="Body Temperature" />
                  <text>
                    <reference value="#vit1002" />
                  </text>
                  <statusCode code="completed" />
                  <effectiveTime value="20171012" />
                  <value xsi:type="PQ" value="38" unit="Cel" />
                  <interpretationCode code="N" codeSystem="2.16.840.1.113883.5.83" />
                </observation>
              </component>
              <component>
                <observation classCode="OBS" moodCode="EVN">
                  <templateId root="2.16.840.1.113883.10.20.22.4.27" extension="2014-06-09" />
                  <templateId root="2.16.840.1.113883.10.20.22.4.27" />
                  <id root="29710281-087E-44AB-8797-FA4193157AAA" />
                  <code code="3150-0" codeSystem="2.16.840.1.113883.6.1" codeSystemName="LOINC" displayName="Inhaled Oxygen Concentration" />
                  <text>
                    <reference value="#vit1003" />
                  </text>
                  <statusCode code="completed" />
                  <effectiveTime value="20171012" />
                  <value xsi:type="PQ" value="36" unit="%" />
                  <interpretationCode code="N" codeSystem="2.16.840.1.113883.5.83" />
                </observation>
              </component>
              <component>
                <observation classCode="OBS" moodCode="EVN">
                  <templateId root="2.16.840.1.113883.10.20.22.4.27" extension="2014-06-09" />
                  <templateId root="2.16.840.1.113883.10.20.22.4.27" />
                  <id root="29710281-087E-44AB-8797-FA4193157AAA" />
                  <code code="59408-5" codeSystem="2.16.840.1.113883.6.1" codeSystemName="LOINC" displayName="O2% BldC Oximetry" />
                  <text>
                    <reference value="#vit1004" />
                  </text>
                  <statusCode code="completed" />
                  <effectiveTime value="20171012" />
                  <value xsi:type="PQ" value="95" unit="%" />
                  <interpretationCode code="N" codeSystem="2.16.840.1.113883.5.83" />
                </observation>
              </component>
              <component>
                <observation classCode="OBS" moodCode="EVN">
                  <templateId root="2.16.840.1.113883.10.20.22.4.27" extension="2014-06-09" />
                  <templateId root="2.16.840.1.113883.10.20.22.4.27" />
                  <id root="29710281-087E-44AB-8797-FA4193157AAA" />
                  <code code="8867-4" codeSystem="2.16.840.1.113883.6.1" codeSystemName="LOINC" displayName="Heart Rate" />
                  <text>
                    <reference value="#vit1005" />
                  </text>
                  <statusCode code="completed" />
                  <effectiveTime value="20171012" />
                  <value xsi:type="PQ" value="80" unit="/min" />
                  <interpretationCode code="N" codeSystem="2.16.840.1.113883.5.83" />
                </observation>
              </component>
              <component>
                <observation classCode="OBS" moodCode="EVN">
                  <templateId root="2.16.840.1.113883.10.20.22.4.27" extension="2014-06-09" />
                  <templateId root="2.16.840.1.113883.10.20.22.4.27" />
                  <id root="29710281-087E-44AB-8797-FA4193157AAA" />
                  <code code="8480-6" codeSystem="2.16.840.1.113883.6.1" codeSystemName="LOINC" displayName="Blood Presure Systolic" />
                  <text>
                    <reference value="#vit1006" />
                  </text>
                  <statusCode code="completed" />
                  <effectiveTime value="20171012" />
                  <value xsi:type="PQ" value="145" unit="mm[Hg]" />
                  <interpretationCode code="N" codeSystem="2.16.840.1.113883.5.83" />
                </observation>
              </component>
              <component>
                <observation classCode="OBS" moodCode="EVN">
                  <templateId root="2.16.840.1.113883.10.20.22.4.27" extension="2014-06-09" />
                  <templateId root="2.16.840.1.113883.10.20.22.4.27" />
                  <id root="29710281-087E-44AB-8797-FA4193157AAA" />
                  <code code="8462-4" codeSystem="2.16.840.1.113883.6.1" codeSystemName="LOINC" displayName="Blood Pressure Diastolic" />
                  <text>
                    <reference value="#vit1007" />
                  </text>
                  <statusCode code="completed" />
                  <effectiveTime value="20171012" />
                  <value xsi:type="PQ" value="88" unit="mm[Hg]" />
                  <interpretationCode code="N" codeSystem="2.16.840.1.113883.5.83" />
                </observation>
              </component>
              <component>
                <observation classCode="OBS" moodCode="EVN">
                  <templateId root="2.16.840.1.113883.10.20.22.4.27" extension="2014-06-09" />
                  <templateId root="2.16.840.1.113883.10.20.22.4.27" />
                  <id root="29710281-087E-44AB-8797-FA4193157AAA" />
                  <code code="29463-7" codeSystem="2.16.840.1.113883.6.1" codeSystemName="LOINC" displayName="Weight" />
                  <text>
                    <reference value="#vit1008" />
                  </text>
                  <statusCode code="completed" />
                  <effectiveTime value="20171012" />
                  <value xsi:type="PQ" value="88" unit="kg" />
                  <interpretationCode code="N" codeSystem="2.16.840.1.113883.5.83" />
                </observation>
              </component>
              <component>
                <observation classCode="OBS" moodCode="EVN">
                  <templateId root="2.16.840.1.113883.10.20.22.4.27" extension="2014-06-09" />
                  <templateId root="2.16.840.1.113883.10.20.22.4.27" />
                  <id root="29710281-087E-44AB-8797-FA4193157AAA" />
                  <code code="8302-2" codeSystem="2.16.840.1.113883.6.1" codeSystemName="LOINC" displayName="Height" />
                  <text>
                    <reference value="#vit1009" />
                  </text>
                  <statusCode code="completed" />
                  <effectiveTime value="20171012" />
                  <value xsi:type="PQ" value="177" unit="cm" />
                  <interpretationCode code="N" codeSystem="2.16.840.1.113883.5.83" />
                </observation>
              </component>
            </organizer>
          </entry>
        </section>
      </component>
    </structuredBody>
  </component>
</ClinicalDocument> 