<?xml version="1.0" encoding="UTF-8"?><?xml-stylesheet type="text/xsl" href="https://demo.agastha.com/agastha12/xmlSchema/meaningfulUse3/CDA_SDTC/infrastructure/cda/CDA.xsl"?>
<ClinicalDocument xmlns="urn:hl7-org:v3" xmlns:sdtc="urn:hl7-org:sdtc" xmlns:xsi="http://www.w3.org/2001/XMLSchema-instance" xsi:schemaLocation="urn:hl7-org:v3 https://demo.agastha.com/agastha12/xmlSchema/meaningfulUse3/CDA_SDTC/infrastructure/cda/CDA_SDTC.xsd">
    <realmCode code="US"/>
    <typeId extension="POCD_HD000040" root="2.16.840.1.113883.1.3"/>
    <templateId extension="2015-08-01" root="2.16.840.1.113883.10.20.22.1.1"/>
    <templateId root="2.16.840.1.113883.10.20.22.1.1"/>
    <templateId extension="2015-08-01" root="2.16.840.1.113883.10.20.22.1.2"/>
    <templateId root="2.16.840.1.113883.10.20.22.1.2"/>
    <id extension="TT988" root="2.16.840.1.113883.19.5.99999.1"/>
    <code code="34133-9" codeSystem="2.16.840.1.113883.6.1" codeSystemName="LOINC" displayName="Summarization of Episode Note"/>
    <title>Agastha Medical Center Ambulatory Summary : Consolidated CDA</title>
    <effectiveTime value="20171024120613-0400"/>
    <confidentialityCode code="N" codeSystem="2.16.840.1.113883.5.25" codeSystemName="Confidentiality" displayName="normal"/>
    <languageCode code="en-US"/>
    <setId extension="Ambulatory Summary" root="2.16.840.1.113883.19.5.99999.19"/>
    <versionNumber value="1"/>
    <recordTarget>
        <patientRole>
            <id root="2.16.840.1.113883.4.1"/>
            <addr use="HP">
                <streetAddressLine>1357 Amber Dr</streetAddressLine>
                <city>Beaverton</city>
                <state>OR</state>
                <postalCode>97006</postalCode>
                <country>United States</country>
            </addr>
            <telecom use="HP" value="tel:+1(555)777-1234"/>
            <patient>
                <name use="L">
                    <given>Alice</given>
                    <given>Jones</given>
                    <family>Newman</family>
                </name>
                <name>
                    <given qualifier="BR">Alicia</given>
                    <given>Jones</given>
                    <family qualifier="BR">Newman</family>
                </name>
                <administrativeGenderCode code="F" codeSystem="2.16.840.1.113883.5.1" codeSystemName="AdministrativeGender" displayName="Female"/>
                <birthTime value="19700501"/>
                <maritalStatusCode code="M" codeSystem="2.16.840.1.113883.5.2" codeSystemName="MaritalStatus" displayName="Married"/>
                <raceCode code="2106-3" codeSystem="2.16.840.1.113883.6.238" codeSystemName="Race &amp; Ethnicity - CDC" displayName="White"/>
                <sdtc:raceCode code="2108-9" codeSystem="2.16.840.1.113883.6.238" codeSystemName="Race &amp; Ethnicity - CDC" displayName="European"/>
                <ethnicGroupCode code="2186-5" codeSystem="2.16.840.1.113883.6.238" codeSystemName="Race &amp; Ethnicity - CDC" displayName="Not Hispanic or Latino"/>
                <sdtc:ethnicGroupCode code="2186-5" codeSystem="2.16.840.1.113883.6.238" codeSystemName="Race &amp; Ethnicity - CDC" displayName="Not Hispanic or Latino"/>
                <guardian>
                    <code code="GUARD" codeSystem="2.16.840.1.113883.5.111" codeSystemName="Personal And Legal Relationship Role Type" displayName="guardian"/>
                    <addr use="HP">
                        <streetAddressLine>1357 Amber Dr</streetAddressLine>
                        <city>Beaverton</city>
                        <state>OR</state>
                        <postalCode>97006</postalCode>
                        <country>United States</country>
                    </addr>
                    <telecom use="MC" value="tel:+1(555)116-1544"/>
                    <guardianPerson>
                        <name>
                            <given>Matthew</given>
                            <family>Newman</family>
                        </name>
                    </guardianPerson>
                </guardian>
                <languageCommunication>
                    <languageCode code="en-US"/>
                    <modeCode code="ESP" codeSystem="2.16.840.1.113883.5.60" codeSystemName="LanguageAbilityMode" displayName="Expressed spoken"/>
                    <proficiencyLevelCode code="G" codeSystem="2.16.840.1.113883.5.61" codeSystemName="LanguageAbilityProficiency" displayName="Good"/>
                    <preferenceInd value="true"/>
                </languageCommunication>
            </patient>
            <providerOrganization>
                <id extension="1298765654" root="2.16.840.1.113883.4.6"/>
                <name>Agastha Medical Center</name>
                <telecom use="WP" value="tel:+1(704)544-6504"/>
                <addr use="WP">
                    <streetAddressLine>15720 John J. Delaney Drive</streetAddressLine>
                    <city>Charlotte</city>
                    <state>NC</state>
                    <postalCode>28277</postalCode>
                    <country>United States</country>
                </addr>
            </providerOrganization>
        </patientRole>
    </recordTarget>
    <author>
        <time value="201710241206-0400"/>
        <assignedAuthor>
            <id extension="0000000000" root="2.16.840.1.113883.4.6"/>
            <code code="0000000000" codeSystem="2.16.840.1.113883.6.101" codeSystemName="Healthcare Provider Taxonomy (HIPAA)" displayName=" "/>
            <addr use="WP">
                <streetAddressLine>2472 Rocky place</streetAddressLine>
                <city>Beaverton</city>
                <state>OR</state>
                <postalCode>97006</postalCode>
                <country>United States</country>
            </addr>
            <telecom use="WP" value="tel:+1(555)555-1002"/>
            <assignedPerson>
                <name>
                    <given>Albert</given>
                    <family>Davis</family>
                    <suffix>Dr</suffix>
                </name>
            </assignedPerson>
        </assignedAuthor>
    </author>
    <dataEnterer>
        <assignedEntity>
            <id extension="0000000000" root="2.16.840.1.113883.4.6"/>
            <addr use="WP">
                <streetAddressLine>2472 Rocky place</streetAddressLine>
                <city>Beaverton</city>
                <state>OR</state>
                <postalCode>97006</postalCode>
                <country>United States</country>
            </addr>
            <telecom use="WP" value="tel:+1(555)555-1002"/>
            <assignedPerson>
                <name>
                    <given>Albert</given>
                    <family>Davis</family>
                </name>
            </assignedPerson>
        </assignedEntity>
    </dataEnterer>
    <informant>
        <assignedEntity>
            <id extension="0000000000" root="2.16.840.1.113883.4.6"/>
            <addr use="WP">
                <streetAddressLine>2472 Rocky place</streetAddressLine>
                <city>Beaverton</city>
                <state>OR</state>
                <postalCode>97006</postalCode>
                <country>United States</country>
            </addr>
            <telecom use="WP" value="tel:+1(555)555-1002"/>
            <assignedPerson>
                <name>
                    <given>Albert</given>
                    <family>Davis</family>
                </name>
            </assignedPerson>
        </assignedEntity>
    </informant>
    <informant>
        <relatedEntity classCode="PRS">
            <code code="SPS" codeSystem="2.16.840.1.113883.1.11.19563" codeSystemName="Personal Relationship Role Type Value Set" displayName="spouse"/>
            <relatedPerson>
                <name>
                    <given>Matthew</given>
                    <family>Newman</family>
                </name>
            </relatedPerson>
        </relatedEntity>
    </informant>
    <custodian>
        <assignedCustodian>
            <representedCustodianOrganization>
                <id extension="1298765654" root="2.16.840.1.113883.4.6"/>
                <name>Agastha Medical Center</name>
                <telecom use="WP" value="tel:+1(704)544-6504"/>
                <addr use="WP">
                    <streetAddressLine>15720 John J. Delaney Drive</streetAddressLine>
                    <city>Charlotte</city>
                    <state>NC</state>
                    <postalCode>28277</postalCode>
                    <country>United States</country>
                </addr>
            </representedCustodianOrganization>
        </assignedCustodian>
    </custodian>
    <informationRecipient>
        <intendedRecipient>
            <informationRecipient>
                <name/>
            </informationRecipient>
            <receivedOrganization>
                <name>Agastha Medical Center</name>
            </receivedOrganization>
        </intendedRecipient>
    </informationRecipient>
    <legalAuthenticator>
        <time value="20171024120613-0400"/>
        <signatureCode code="S"/>
        <assignedEntity>
            <id extension="0000000000" root="2.16.840.1.113883.4.6"/>
            <code code="0000000000" codeSystem="2.16.840.1.113883.6.101" codeSystemName="Healthcare Provider Taxonomy (HIPAA)" displayName=" "/>
            <addr use="WP">
                <streetAddressLine>2472 Rocky place</streetAddressLine>
                <city>Beaverton</city>
                <state>OR</state>
                <postalCode>97006</postalCode>
                <country>United States</country>
            </addr>
            <telecom use="WP" value="tel:+1(555)555-1002"/>
            <assignedPerson>
                <name>
                    <given>Albert</given>
                    <family>Davis</family>
                    <prefix>Dr</prefix>
                </name>
            </assignedPerson>
        </assignedEntity>
    </legalAuthenticator>
    <authenticator>
        <time value="20171024120613-0400"/>
        <signatureCode code="S"/>
        <assignedEntity>
            <id extension="0000000000" root="2.16.840.1.113883.4.6"/>
            <code code="0000000000" codeSystem="2.16.840.1.113883.6.101" codeSystemName="Healthcare Provider Taxonomy (HIPAA)" displayName=" "/>
            <addr use="WP">
                <streetAddressLine>2472 Rocky place</streetAddressLine>
                <city>Beaverton</city>
                <state>OR</state>
                <postalCode>97006</postalCode>
                <country>United States</country>
            </addr>
            <telecom use="WP" value="tel:+1(555)555-1002"/>
            <assignedPerson>
                <name>
                    <given>Albert</given>
                    <family>Davis</family>
                    <prefix>Dr</prefix>
                </name>
            </assignedPerson>
        </assignedEntity>
    </authenticator>
    <participant typeCode="IND">
        <associatedEntity classCode="PRS">
            <code code="SPS" codeSystem="2.16.840.1.113883.1.11.19563" codeSystemName="Personal Relationship Role Type Value Set" displayName="spouse"/>
            <addr use="HP">
                <streetAddressLine>1357 Amber Dr</streetAddressLine>
                <city>Beaverton</city>
                <state>OR</state>
                <postalCode>97006</postalCode>
                <country>United States</country>
            </addr>
            <telecom use="HP" value="tel:+1(555)116-1544"/>
            <associatedPerson>
                <name>
                    <given>Matthew</given>
                    <family>Newman</family>
                </name>
            </associatedPerson>
        </associatedEntity>
    </participant>
    <documentationOf>
        <serviceEvent classCode="PCPR">
            <effectiveTime>
                <low value="20171024120613-0400"/>
                <high value="20171024120613-0400"/>
            </effectiveTime>
            <performer typeCode="PRF">
                <functionCode code="PCP" codeSystem="2.16.840.1.113883.5.88" codeSystemName="ParticipationFunction" displayName="Primary Care Provider">
                    <originalText>Primary Care Provider</originalText>
                </functionCode>
                <assignedEntity>
                    <id extension="0000000000" root="2.16.840.1.113883.4.6"/>
                    <code code="0000000000" codeSystem="2.16.840.1.113883.6.101" codeSystemName="Healthcare Provider Taxonomy (HIPAA)" displayName=" "/>
                    <addr>
                        <streetAddressLine>2472 Rocky place</streetAddressLine>
                        <city>Beaverton</city>
                        <state>OR</state>
                        <postalCode>97006</postalCode>
                        <country>United States</country>
                    </addr>
                    <telecom use="WP" value="tel:+1(555)555-1002"/>
                    <assignedPerson>
                        <name>
                            <given>Albert</given>
                            <family>Davis</family>
                            <prefix>Dr</prefix>
                        </name>
                    </assignedPerson>
                    <representedOrganization>
                        <id extension="219BX" root="2.16.840.1.113883.4.6"/>
                        <name>Agastha Medical Center</name>
                        <telecom use="WP" value="tel:+1(704)544-6504"/>
                        <addr>
                            <streetAddressLine>15720 John J. Delaney Drive</streetAddressLine>
                            <city>Charlotte</city>
                            <state>NC</state>
                            <postalCode>28277</postalCode>
                            <country>United States</country>
                        </addr>
                    </representedOrganization>
                </assignedEntity>
            </performer>
            <performer typeCode="PRF">
                <assignedEntity>
                    <id extension="0000000000" root="2.16.840.1.113883.4.6"/>
                    <code code="0000000000" codeSystem="2.16.840.1.113883.6.101" codeSystemName="Healthcare Provider Taxonomy (HIPAA)" displayName=" "/>
                    <addr>
                        <streetAddressLine>2472 Rocky place</streetAddressLine>
                        <city>Beaverton</city>
                        <state>OR</state>
                        <postalCode>97006</postalCode>
                        <country>United States</country>
                    </addr>
                    <telecom use="WP" value="tel:+1(555)555-1002"/>
                    <assignedPerson>
                        <name>
                            <given>Tracy</given>
                            <family>Davis</family>
                            <prefix>Ms</prefix>
                        </name>
                    </assignedPerson>
                    <representedOrganization>
                        <id extension="219BX" root="2.16.840.1.113883.4.6"/>
                        <name>Agastha Medical Center</name>
                        <telecom use="WP" value="tel:+1(704)544-6504"/>
                        <addr>
                            <streetAddressLine>15720 John J. Delaney Drive</streetAddressLine>
                            <city>Charlotte</city>
                            <state>NC</state>
                            <postalCode>28277</postalCode>
                            <country>United States</country>
                        </addr>
                    </representedOrganization>
                </assignedEntity>
            </performer>
        </serviceEvent>
    </documentationOf>
    <component>
        <structuredBody>
            <component>
                <section>
                    <templateId extension="2015-08-01" root="2.16.840.1.113883.10.20.22.2.6.1"/>
                    <templateId root="2.16.840.1.113883.10.20.22.2.6.1"/>
                    <code code="48765-2" codeSystem="2.16.840.1.113883.6.1" codeSystemName="LOINC"/>
                    <title>ALLERGIES AND ADVERSE REACTIONS</title>
                    <text>
                        <table border="1" width="100">
                            <thead>
<tr>
    <th>Substance</th>
    <th>Reaction</th>
    <th>Severity</th>
</tr>
                            </thead>
                            <tbody>
<tr>
    <td ID="substance1">Penicillin G</td>
    <td ID="reaction1">Hives</td>
    <td ID="severity1">Moderate</td>
</tr>
<tr>
    <td ID="substance2">Ampicillin</td>
    <td ID="reaction2">Hives</td>
    <td ID="severity2">Moderate</td>
</tr>
                            </tbody>
                        </table>
                    </text>
                    <entry typeCode="DRIV">
                        <act classCode="ACT" moodCode="EVN">
                            <templateId extension="2015-08-01" root="2.16.840.1.113883.10.20.22.4.30"/>
                            <templateId root="2.16.840.1.113883.10.20.22.4.30"/>
                            <id root="36e3e930-7b14-11db-9fe1-0800200c9a60"/>
                            <code code="CONC" codeSystem="2.16.840.1.113883.5.6"/>
                            <statusCode code="active"/>
                            <effectiveTime>
<low value="20150622"/>
<high value="20150622"/>
                            </effectiveTime>
                            <entryRelationship typeCode="SUBJ">
<observation classCode="OBS" moodCode="EVN">
    <templateId extension="2014-06-09" root="2.16.840.1.113883.10.20.22.4.7"/>
    <templateId root="2.16.840.1.113883.10.20.22.4.7"/>
    <id root="4adc1020-7b14-11db-9fe1-0800200c9a60"/>
    <code code="ASSERTION" codeSystem="2.16.840.1.113883.5.4"/>
    <text>
        <reference value="Penicillin G"/>
    </text>
    <statusCode code="completed"/>
    <effectiveTime>
        <low value="19800510"/>
    </effectiveTime>
    <value code="419511003" codeSystem="2.16.840.1.113883.6.96" codeSystemName="SNOMED-CT" displayName="Propensity to adverse reaction to drug" xsi:type="CD"/>
    <participant typeCode="CSM">
        <participantRole classCode="MANU">
            <playingEntity classCode="MMAT">
                <code code="7980" codeSystem="2.16.840.1.113883.6.88" codeSystemName="RxNorm" displayName="Penicillin G">
                    <originalText>
                        <reference value="#substance1"/>
                    </originalText>
                </code>
            </playingEntity>
        </participantRole>
    </participant>
    <entryRelationship inversionInd="true" typeCode="MFST">
        <observation classCode="OBS" moodCode="EVN">
            <templateId extension="2014-06-09" root="2.16.840.1.113883.10.20.22.4.9"/>
            <templateId root="2.16.840.1.113883.10.20.22.4.9"/>
            <id root="4adc1020-7b14-11db-9fe1-0800200c9a60"/>
            <code code="ASSERTION" codeSystem="2.16.840.1.113883.5.4"/>
            <text>Hives<reference value="#reaction1"/>
            </text>
            <statusCode code="completed"/>
            <effectiveTime>
                <low value="20150622"/>
            </effectiveTime>
            <value code="247472004" codeSystem="2.16.840.1.113883.6.96" codeSystemName="SNOMED-CT" xsi:type="CD"/>
            <entryRelationship inversionInd="true" typeCode="SUBJ">
                <observation classCode="OBS" moodCode="EVN">
                    <templateId extension="2014-06-09" root="2.16.840.1.113883.10.20.22.4.8"/>
                    <templateId root="2.16.840.1.113883.10.20.22.4.8"/>
                    <code code="SEV" codeSystem="2.16.840.1.113883.5.4" codeSystemName="ActCode" displayName="Severity Observation"/>
                    <text>Moderate<reference value="#allergyseverity1"/>
                    </text>
                    <statusCode code="completed"/>
                    <value code="6736007" codeSystem="2.16.840.1.113883.6.96" codeSystemName="SNOMED-CT" displayName="Moderate" xsi:type="CD"/>
                </observation>
            </entryRelationship>
        </observation>
    </entryRelationship>
</observation>
                            </entryRelationship>
                        </act>
                    </entry>
                    <entry typeCode="DRIV">
                        <act classCode="ACT" moodCode="EVN">
                            <templateId extension="2015-08-01" root="2.16.840.1.113883.10.20.22.4.30"/>
                            <templateId root="2.16.840.1.113883.10.20.22.4.30"/>
                            <id root="36e3e930-7b14-11db-9fe1-0800200c9a61"/>
                            <code code="CONC" codeSystem="2.16.840.1.113883.5.6"/>
                            <statusCode code="active"/>
                            <effectiveTime>
<low value="20150622"/>
<high value="20150622"/>
                            </effectiveTime>
                            <entryRelationship typeCode="SUBJ">
<observation classCode="OBS" moodCode="EVN">
    <templateId extension="2014-06-09" root="2.16.840.1.113883.10.20.22.4.7"/>
    <templateId root="2.16.840.1.113883.10.20.22.4.7"/>
    <id root="4adc1020-7b14-11db-9fe1-0800200c9a61"/>
    <code code="ASSERTION" codeSystem="2.16.840.1.113883.5.4"/>
    <text>
        <reference value="Ampicillin"/>
    </text>
    <statusCode code="completed"/>
    <effectiveTime>
        <low value="19800510"/>
    </effectiveTime>
    <value code="419511003" codeSystem="2.16.840.1.113883.6.96" codeSystemName="SNOMED-CT" displayName="Propensity to adverse reaction to drug" xsi:type="CD"/>
    <participant typeCode="CSM">
        <participantRole classCode="MANU">
            <playingEntity classCode="MMAT">
                <code code="733" codeSystem="2.16.840.1.113883.6.88" codeSystemName="RxNorm" displayName="Ampicillin">
                    <originalText>
                        <reference value="#substance2"/>
                    </originalText>
                </code>
            </playingEntity>
        </participantRole>
    </participant>
    <entryRelationship inversionInd="true" typeCode="MFST">
        <observation classCode="OBS" moodCode="EVN">
            <templateId extension="2014-06-09" root="2.16.840.1.113883.10.20.22.4.9"/>
            <templateId root="2.16.840.1.113883.10.20.22.4.9"/>
            <id root="4adc1020-7b14-11db-9fe1-0800200c9a60"/>
            <code code="ASSERTION" codeSystem="2.16.840.1.113883.5.4"/>
            <text>Hives<reference value="#reaction2"/>
            </text>
            <statusCode code="completed"/>
            <effectiveTime>
                <low value="20150622"/>
            </effectiveTime>
            <value code="247472004" codeSystem="2.16.840.1.113883.6.96" codeSystemName="SNOMED-CT" xsi:type="CD"/>
            <entryRelationship inversionInd="true" typeCode="SUBJ">
                <observation classCode="OBS" moodCode="EVN">
                    <templateId extension="2014-06-09" root="2.16.840.1.113883.10.20.22.4.8"/>
                    <templateId root="2.16.840.1.113883.10.20.22.4.8"/>
                    <code code="SEV" codeSystem="2.16.840.1.113883.5.4" codeSystemName="ActCode" displayName="Severity Observation"/>
                    <text>Moderate<reference value="#allergyseverity2"/>
                    </text>
                    <statusCode code="completed"/>
                    <value code="6736007" codeSystem="2.16.840.1.113883.6.96" codeSystemName="SNOMED-CT" displayName="Moderate" xsi:type="CD"/>
                </observation>
            </entryRelationship>
        </observation>
    </entryRelationship>
</observation>
                            </entryRelationship>
                        </act>
                    </entry>
                </section>
            </component>
            <component>
                <section>
                    <templateId extension="2015-08-01" root="2.16.840.1.113883.10.20.22.2.22.1"/>
                    <templateId root="2.16.840.1.113883.10.20.22.2.22.1"/>
                    <code code="46240-8" codeSystem="2.16.840.1.113883.6.1" codeSystemName="LOINC" displayName="History of encounters"/>
                    <title>ENCOUNTERS</title>
                    <text>
                        <table border="1" width="100">
                            <thead>
<tr>
    <th>Encounter</th>
    <th>Performer</th>
    <th>Location</th>
    <th>Date</th>
    <th>SNOMED</th>
</tr>
                            </thead>
                            <tbody>
<tr>
    <td>
        <content ID="Encounter1">New Patient</content>
    </td>
    <td>Davis, Albert</td>
    <td>Charlotte</td>
    <td>Jun 22, 2015</td>
    <td>386661006</td>
</tr>
                            </tbody>
                        </table>
                    </text>
                    <entry typeCode="DRIV">
                        <encounter classCode="ENC" moodCode="EVN">
                            <templateId extension="2015-08-01" root="2.16.840.1.113883.10.20.22.4.49"/>
                            <templateId root="2.16.840.1.113883.10.20.22.4.49"/>
                            <id root="2a620155-9d11-439e-92b3-5d9815ff4de0"/>
                            <code nullFlavor="UNK">
<originalText>New Patient<reference value="#Encounter1"/>
</originalText>
                            </code>
                            <effectiveTime value="20150622000000-0400"/>
                            <performer>
<assignedEntity>
    <id extension="0000000000" root="2.16.840.1.113883.4.6"/>
    <code code="0000000000" codeSystem="2.16.840.1.114222.4.11.1066" codeSystemName="Healthcare Provider Taxonomy (HIPAA)" displayName="General physician"/>
</assignedEntity>
                            </performer>
                            <participant typeCode="LOC">
<participantRole classCode="SDLOC">
    <templateId root="2.16.840.1.113883.10.20.22.4.32"/>
    <code code="1160-1" codeSystem="2.16.840.1.113883.6.259" codeSystemName="HL7 HealthcareServiceLocation" displayName="Urgent Care Facility"/>
    <addr>
        <streetAddressLine>112 Bridge street</streetAddressLine>
        <city>Charlotte</city>
        <state>NC</state>
        <postalCode>28203</postalCode>
        <country>United States</country>
    </addr>
    <telecom use="WP" value="tel:+1(555)555-1002"/>
    <playingEntity classCode="PLC">
        <name>Charlotte</name>
    </playingEntity>
</participantRole>
                            </participant>
                            <entryRelationship typeCode="SUBJ">
<act classCode="ACT" moodCode="EVN">
    <templateId extension="2015-08-01" root="2.16.840.1.113883.10.20.22.4.80"/>
    <templateId root="2.16.840.1.113883.10.20.22.4.19"/>
    <id extension="37807" root="5a784260-6857-4f38-9638-80c751aff2fb"/>
    <code code="29308-4" codeSystem="2.16.840.1.113883.6.1" codeSystemName="LOINC" displayName="ENCOUNTER DIAGNOSIS"/>
    <effectiveTime>
        <low value="20150622000000-0400"/>
    </effectiveTime>
    <entryRelationship typeCode="SUBJ">
        <observation classCode="OBS" moodCode="EVN">
            <templateId extension="2015-08-01" root="2.16.840.1.113883.10.20.22.4.4"/>
            <templateId root="2.16.840.1.113883.10.20.22.4.4"/>
            <id root="ab1791b0-5c71-13db-b0de-0800200c9a66"/>
            <code code="404684003" codeSystem="2.16.840.1.113883.6.96" codeSystemName="SNOMED-CT" displayName="Finding">
                <translation code="75321-0" codeSystem="2.16.840.1.113883.6.1" codeSystemName="LOINC" displayName="Clinical Finding"/>
            </code>
            <statusCode code="completed"/>
            <effectiveTime>
                <low value="20150622000000-0400"/>
            </effectiveTime>
            <value code="386661006" codeSystem="2.16.840.1.113883.6.96" codeSystemName="SNOMED-CT" displayName="Typhoid Fever" xsi:type="CD"/>
        </observation>
    </entryRelationship>
</act>
                            </entryRelationship>
                        </encounter>
                    </entry>
                </section>
            </component>
            <component>
                <section>
                    <templateId extension="2014-06-09" root="2.16.840.1.113883.10.20.22.2.1.1"/>
                    <templateId root="2.16.840.1.113883.10.20.22.2.1.1"/>
                    <code code="10160-0" codeSystem="2.16.840.1.113883.6.1" codeSystemName="LOINC" displayName="HISTORY OF MEDICATION USE"/>
                    <title>MEDICATIONS</title>
                    <text>
                        <table border="1" width="100">
                            <thead>
<tr>
    <th>Medication</th>
    <th>Directions</th>
    <th>Start Date</th>
    <th>Status</th>
</tr>
                            </thead>
                            <tbody>
<tr>
    <td>CefTRIAXone Sodium 100 GM SOLR</td>
    <td>injectable twice daily for 7 days</td>
    <td>20150622</td>
    <td>Posted</td>
</tr>
<tr>
    <td>Aranesp (Albumin Free) 500 MCG/ML SOSY</td>
    <td>Take once a week</td>
    <td>20150622</td>
    <td>Posted</td>
</tr>
<tr>
    <td>Tylenol Extra Strength 500 MG TABS</td>
    <td>Take 1 tablet by mouth once per day</td>
    <td>20150622</td>
    <td>Posted</td>
</tr>
                            </tbody>
                        </table>
                    </text>
                    <entry typeCode="DRIV">
                        <substanceAdministration classCode="SBADM" moodCode="EVN">
                            <templateId extension="2014-06-09" root="2.16.840.1.113883.10.20.22.4.16"/>
                            <templateId root="2.16.840.1.113883.10.20.22.4.16"/>
                            <id root="cdbd33f0-6cde-11db-9fe1-0800200c9a66"/>
                            <statusCode code="active"/>
                            <effectiveTime xsi:type="IVL_TS">
<low value="20150622"/>
<high nullFlavor="UNK"/>
                            </effectiveTime>
                            <effectiveTime institutionSpecified="true" operator="A" xsi:type="PIVL_TS">
<period nullFlavor="UNK"/>
                            </effectiveTime>
                            <repeatNumber value="1"/>
                            <doseQuantity value="1"/>
                            <consumable>
<manufacturedProduct classCode="MANU">
    <templateId extension="2014-06-09" root="2.16.840.1.113883.10.20.22.4.23"/>
    <templateId root="2.16.840.1.113883.10.20.22.4.23"/>
    <id root="2a620155-9d11-439e-92b3-5d9815ff4ee8"/>
    <manufacturedMaterial>
        <code code="309090" codeSystem="2.16.840.1.113883.6.88" codeSystemName="RxNorm" displayName="CefTRIAXone Sodium 100 GM SOLR"/>
    </manufacturedMaterial>
</manufacturedProduct>
                            </consumable>
                            <performer>
<assignedEntity>
    <id extension="0000000000" root="2.16.840.1.113883.4.6"/>
    <addr nullFlavor="UNK"/>
    <telecom use="WP" value="tel:+1(555)555-1002"/>
    <representedOrganization>
        <name>Agastha Medical Center</name>
    </representedOrganization>
</assignedEntity>
                            </performer>
                        </substanceAdministration>
                    </entry>
                    <entry typeCode="DRIV">
                        <substanceAdministration classCode="SBADM" moodCode="EVN">
                            <templateId extension="2014-06-09" root="2.16.840.1.113883.10.20.22.4.16"/>
                            <templateId root="2.16.840.1.113883.10.20.22.4.16"/>
                            <id root="cdbd33f0-6cde-11db-9fe1-0800200c9a66"/>
                            <statusCode code="active"/>
                            <effectiveTime xsi:type="IVL_TS">
<low value="20150622"/>
<high nullFlavor="UNK"/>
                            </effectiveTime>
                            <effectiveTime institutionSpecified="true" operator="A" xsi:type="PIVL_TS">
<period nullFlavor="UNK"/>
                            </effectiveTime>
                            <repeatNumber value="1"/>
                            <doseQuantity value="1"/>
                            <consumable>
<manufacturedProduct classCode="MANU">
    <templateId extension="2014-06-09" root="2.16.840.1.113883.10.20.22.4.23"/>
    <templateId root="2.16.840.1.113883.10.20.22.4.23"/>
    <id root="2a620155-9d11-439e-92b3-5d9815ff4ee8"/>
    <manufacturedMaterial>
        <code code="731241" codeSystem="2.16.840.1.113883.6.88" codeSystemName="RxNorm" displayName="Aranesp (Albumin Free) 500 MCG/ML SOSY"/>
    </manufacturedMaterial>
</manufacturedProduct>
                            </consumable>
                            <performer>
<assignedEntity>
    <id extension="0000000000" root="2.16.840.1.113883.4.6"/>
    <addr nullFlavor="UNK"/>
    <telecom use="WP" value="tel:+1(555)555-1002"/>
    <representedOrganization>
        <name>Agastha Medical Center</name>
    </representedOrganization>
</assignedEntity>
                            </performer>
                        </substanceAdministration>
                    </entry>
                    <entry typeCode="DRIV">
                        <substanceAdministration classCode="SBADM" moodCode="EVN">
                            <templateId extension="2014-06-09" root="2.16.840.1.113883.10.20.22.4.16"/>
                            <templateId root="2.16.840.1.113883.10.20.22.4.16"/>
                            <id root="cdbd33f0-6cde-11db-9fe1-0800200c9a66"/>
                            <statusCode code="active"/>
                            <effectiveTime xsi:type="IVL_TS">
<low value="20150622"/>
<high nullFlavor="UNK"/>
                            </effectiveTime>
                            <effectiveTime institutionSpecified="true" operator="A" xsi:type="PIVL_TS">
<period nullFlavor="UNK"/>
                            </effectiveTime>
                            <repeatNumber value="1"/>
                            <routeCode code="C38288" codeSystem="2.16.840.1.113883.3.26.1.1" codeSystemName="NCI Thesaurus" displayName="ORAL"/>
                            <doseQuantity value="1"/>
                            <consumable>
<manufacturedProduct classCode="MANU">
    <templateId extension="2014-06-09" root="2.16.840.1.113883.10.20.22.4.23"/>
    <templateId root="2.16.840.1.113883.10.20.22.4.23"/>
    <id root="2a620155-9d11-439e-92b3-5d9815ff4ee8"/>
    <manufacturedMaterial>
        <code code="209459" codeSystem="2.16.840.1.113883.6.88" codeSystemName="RxNorm" displayName="Tylenol Extra Strength 500 MG TABS"/>
    </manufacturedMaterial>
</manufacturedProduct>
                            </consumable>
                            <performer>
<assignedEntity>
    <id extension="0000000000" root="2.16.840.1.113883.4.6"/>
    <addr nullFlavor="UNK"/>
    <telecom use="WP" value="tel:+1(555)555-1002"/>
    <representedOrganization>
        <name>Agastha Medical Center</name>
    </representedOrganization>
</assignedEntity>
                            </performer>
                        </substanceAdministration>
                    </entry>
                </section>
            </component>
            <component>
                <section>
                    <templateId extension="2015-08-01" root="2.16.840.1.113883.10.20.22.2.5.1"/>
                    <templateId root="2.16.840.1.113883.10.20.22.2.5.1"/>
                    <code code="11450-4" codeSystem="2.16.840.1.113883.6.1" codeSystemName="LOINC" displayName="PROBLEM LIST"/>
                    <title>PROBLEMS</title>
                    <text>
                        <paragraph>Active Concerns</paragraph>
                        <list>
                            <item>Problem #1<list>
    <item>Fever (onset 22 Jun,2015)</item>
</list>
                            </item>
                            <item>Problem #2<list>
    <item>Chronic rejection of renal transplant (onset 31 Dec,2011)</item>
</list>
                            </item>
                            <item>Problem #3<list>
    <item>Essential Hypertension (onset 10 May,2011)</item>
</list>
                            </item>
                            <item>Problem #4<list>
    <item>Severe Hypothyroidism (onset 31 Dec,2006)</item>
</list>
                            </item>
                        </list>
                        <paragraph>Resolved Concerns</paragraph>
                        <list>
                            <item>Problem #5<list>
    <item>Overweight (onset 31 Dec,2006)</item>
</list>
                            </item>
                        </list>
                    </text>
                    <entry typeCode="DRIV">
                        <act classCode="ACT" moodCode="EVN">
                            <templateId extension="2015-08-01" root="2.16.840.1.113883.10.20.22.4.3"/>
                            <templateId root="2.16.840.1.113883.10.20.22.4.3"/>
                            <id root="ec8a6ff8-ed4b-4f7e-82c3-e98e58b45de7"/>
                            <code code="CONC" codeSystem="2.16.840.1.113883.5.6" displayName="Concern"/>
                            <statusCode code="active"/>
                            <effectiveTime>
<low value="20150622"/>
                            </effectiveTime>
                            <entryRelationship typeCode="SUBJ">
<observation classCode="OBS" moodCode="EVN">
    <templateId extension="2015-08-01" root="2.16.840.1.113883.10.20.22.4.4"/>
    <templateId root="2.16.840.1.113883.10.20.22.4.4"/>
    <id root="ab1791b0-5c71-11db-b0de-0800200c9a66"/>
    <code code="64572001" codeSystem="2.16.840.1.113883.6.96" codeSystemName="SNOMED-CT">
        <translation nullFlavor="NI"/>
    </code>
    <statusCode code="completed"/>
    <effectiveTime>
        <low value="20150622"/>
        <high value="20150622"/>
    </effectiveTime>
    <value code="386661006" codeSystem="2.16.840.1.113883.6.96" displayName="Fever" xsi:type="CD"/>
</observation>
                            </entryRelationship>
                        </act>
                    </entry>
                    <entry typeCode="DRIV">
                        <act classCode="ACT" moodCode="EVN">
                            <templateId extension="2015-08-01" root="2.16.840.1.113883.10.20.22.4.3"/>
                            <templateId root="2.16.840.1.113883.10.20.22.4.3"/>
                            <id root="ec8a6ff8-ed4b-4f7e-82c3-e98e58b45de7"/>
                            <code code="CONC" codeSystem="2.16.840.1.113883.5.6" displayName="Concern"/>
                            <statusCode code="active"/>
                            <effectiveTime>
<low value="20111231"/>
                            </effectiveTime>
                            <entryRelationship typeCode="SUBJ">
<observation classCode="OBS" moodCode="EVN">
    <templateId extension="2015-08-01" root="2.16.840.1.113883.10.20.22.4.4"/>
    <templateId root="2.16.840.1.113883.10.20.22.4.4"/>
    <id root="ab1791b0-5c71-11db-b0de-0800200c9a66"/>
    <code code="64572001" codeSystem="2.16.840.1.113883.6.96" codeSystemName="SNOMED-CT">
        <translation nullFlavor="NI"/>
    </code>
    <statusCode code="completed"/>
    <effectiveTime>
        <low value="20111231"/>
        <high value="20111231"/>
    </effectiveTime>
    <value code="236578006" codeSystem="2.16.840.1.113883.6.96" displayName="Chronic rejection of renal transplant" xsi:type="CD"/>
</observation>
                            </entryRelationship>
                        </act>
                    </entry>
                    <entry typeCode="DRIV">
                        <act classCode="ACT" moodCode="EVN">
                            <templateId extension="2015-08-01" root="2.16.840.1.113883.10.20.22.4.3"/>
                            <templateId root="2.16.840.1.113883.10.20.22.4.3"/>
                            <id root="ec8a6ff8-ed4b-4f7e-82c3-e98e58b45de7"/>
                            <code code="CONC" codeSystem="2.16.840.1.113883.5.6" displayName="Concern"/>
                            <statusCode code="active"/>
                            <effectiveTime>
<low value="20110510"/>
                            </effectiveTime>
                            <entryRelationship typeCode="SUBJ">
<observation classCode="OBS" moodCode="EVN">
    <templateId extension="2015-08-01" root="2.16.840.1.113883.10.20.22.4.4"/>
    <templateId root="2.16.840.1.113883.10.20.22.4.4"/>
    <id root="ab1791b0-5c71-11db-b0de-0800200c9a66"/>
    <code code="64572001" codeSystem="2.16.840.1.113883.6.96" codeSystemName="SNOMED-CT">
        <translation nullFlavor="NI"/>
    </code>
    <statusCode code="completed"/>
    <effectiveTime>
        <low value="20110510"/>
        <high value="20110510"/>
    </effectiveTime>
    <value code="59621000" codeSystem="2.16.840.1.113883.6.96" displayName="Essential Hypertension" xsi:type="CD"/>
</observation>
                            </entryRelationship>
                        </act>
                    </entry>
                    <entry typeCode="DRIV">
                        <act classCode="ACT" moodCode="EVN">
                            <templateId extension="2015-08-01" root="2.16.840.1.113883.10.20.22.4.3"/>
                            <templateId root="2.16.840.1.113883.10.20.22.4.3"/>
                            <id root="ec8a6ff8-ed4b-4f7e-82c3-e98e58b45de7"/>
                            <code code="CONC" codeSystem="2.16.840.1.113883.5.6" displayName="Concern"/>
                            <statusCode code="completed"/>
                            <effectiveTime>
<low value="20061231"/>
                            </effectiveTime>
                            <entryRelationship typeCode="SUBJ">
<observation classCode="OBS" moodCode="EVN">
    <templateId extension="2015-08-01" root="2.16.840.1.113883.10.20.22.4.4"/>
    <templateId root="2.16.840.1.113883.10.20.22.4.4"/>
    <id root="ab1791b0-5c71-11db-b0de-0800200c9a66"/>
    <code code="64572001" codeSystem="2.16.840.1.113883.6.96" codeSystemName="SNOMED-CT">
        <translation nullFlavor="NI"/>
    </code>
    <statusCode code="completed"/>
    <effectiveTime>
        <low value="20061231"/>
        <high value="20061231"/>
    </effectiveTime>
    <value code="238131007" codeSystem="2.16.840.1.113883.6.96" displayName="Overweight" xsi:type="CD"/>
</observation>
                            </entryRelationship>
                        </act>
                    </entry>
                    <entry typeCode="DRIV">
                        <act classCode="ACT" moodCode="EVN">
                            <templateId extension="2015-08-01" root="2.16.840.1.113883.10.20.22.4.3"/>
                            <templateId root="2.16.840.1.113883.10.20.22.4.3"/>
                            <id root="ec8a6ff8-ed4b-4f7e-82c3-e98e58b45de7"/>
                            <code code="CONC" codeSystem="2.16.840.1.113883.5.6" displayName="Concern"/>
                            <statusCode code="active"/>
                            <effectiveTime>
<low value="20061231"/>
                            </effectiveTime>
                            <entryRelationship typeCode="SUBJ">
<observation classCode="OBS" moodCode="EVN">
    <templateId extension="2015-08-01" root="2.16.840.1.113883.10.20.22.4.4"/>
    <templateId root="2.16.840.1.113883.10.20.22.4.4"/>
    <id root="ab1791b0-5c71-11db-b0de-0800200c9a66"/>
    <code code="64572001" codeSystem="2.16.840.1.113883.6.96" codeSystemName="SNOMED-CT">
        <translation nullFlavor="NI"/>
    </code>
    <statusCode code="completed"/>
    <effectiveTime>
        <low value="20061231"/>
        <high value="20061231"/>
    </effectiveTime>
    <value code="83986005" codeSystem="2.16.840.1.113883.6.96" displayName="Severe Hypothyroidism" xsi:type="CD"/>
</observation>
                            </entryRelationship>
                        </act>
                    </entry>
                </section>
            </component>
            <component>
                <section>
                    <templateId extension="2015-08-01" root="2.16.840.1.113883.10.20.22.2.17"/>
                    <templateId root="2.16.840.1.113883.10.20.22.2.17"/>
                    <code code="29762-2" codeSystem="2.16.840.1.113883.6.1" codeSystemName="LOINC" displayName="Social History"/>
                    <title>SOCIAL HISTORY</title>
                    <text>
                        <table border="1" width="100">
                            <thead>
<tr>
    <th>Social History Observation</th>
    <th>Description</th>
    <th>Dates Observed</th>
</tr>
                            </thead>
                            <tbody>
<tr>
    <td>
        <content ID="smok1">Smoking Status</content>
    </td>
    <td>Current every day smoker</td>
    <td>Jun 22, 2015</td>
</tr>
                            </tbody>
                        </table>
                    </text>
                    <entry typeCode="DRIV">
                        <observation classCode="OBS" moodCode="EVN">
                            <templateId extension="2014-06-09" root="2.16.840.1.113883.10.20.22.4.78"/>
                            <templateId root="2.16.840.1.113883.10.20.22.4.78"/>
                            <id extension="12345" root="2.16.840.1.113883.19"/>
                            <code code="72166-2" codeSystem="2.16.840.1.113883.6.1" codeSystemName="LOINC" displayName="Tobacco smoking status NHIS"/>
                            <statusCode code="completed"/>
                            <effectiveTime value="20150622"/>
                            <value code="449868002" codeSystem="2.16.840.1.113883.6.96" displayName="Current every day smoker" xsi:type="CD"/>
                            <author typeCode="AUT">
<templateId root="2.16.840.1.113883.10.20.22.4.119"/>
<time value="20150622"/>
<assignedAuthor>
    <id extension="0000000000" root="2.16.840.1.113883.4.6"/>
    <code code="0000000000" codeSystem="2.16.840.1.114222.4.11.1066" codeSystemName="Healthcare Provider Taxonomy (HIPAA)"/>
</assignedAuthor>
                            </author>
                        </observation>
                    </entry>
                    <entry typeCode="DRIV">
                        <observation classCode="OBS" moodCode="EVN">
                            <templateId extension="2016-06-01" root="2.16.840.1.113883.10.20.22.4.200"/>
                            <code code="76689-9" codeSystem="2.16.840.1.113883.6.1" codeSystemName="LOINC" displayName="Sex Assigned At Birth"/>
                            <statusCode code="completed"/>
                            <value code="F" codeSystem="2.16.840.1.113883.5.1" codeSystemName="AdministrativeGender" displayName="Female" xsi:type="CD"/>
                        </observation>
                    </entry>
                </section>
            </component>
            <component>
                <section>
                    <templateId extension="2015-08-01" root="2.16.840.1.113883.10.20.22.2.4.1"/>
                    <templateId root="2.16.840.1.113883.10.20.22.2.4.1"/>
                    <code code="8716-3" codeSystem="2.16.840.1.113883.6.1" codeSystemName="LOINC" displayName="VITAL SIGNS"/>
                    <title>VITAL SIGNS</title>
                    <text>
                        <table border="1" width="100">
                            <thead>
<tr>
    <th align="right">Date / Time:</th>
    <th>Jun 22, 2015</th>
</tr>
                            </thead>
                            <tbody>
<tr>
    <th align="left">Height</th>
    <td ID="vit1">177 cms</td>
</tr>
<tr>
    <th align="left">Weight</th>
    <td ID="vit2">88000 gms</td>
</tr>
<tr>
    <th align="left">Blood Pressure</th>
    <td ID="vit3">145/88</td>
</tr>
<tr>
    <th align="left">Body Temperature</th>
    <td ID="vit4">38 </td>
</tr>
<tr>
    <th align="left">Heart Rate</th>
    <td ID="vit5">80 beats per minute</td>
</tr>
<tr>
    <th align="left">Respiratory Rate</th>
    <td ID="vit6">18 breaths per minute</td>
</tr>
<tr>
    <th align="left">O2 Percentage BldC Oximetry</th>
    <td ID="vit7">95 percent</td>
</tr>
<tr>
    <th align="left">Inhaled Oxygen Concentration</th>
    <td ID="vit8">36 percent</td>
</tr>
                            </tbody>
                        </table>
                    </text>
                    <entry>
                        <organizer classCode="CLUSTER" moodCode="EVN">
                            <templateId extension="2015-08-01" root="2.16.840.1.113883.10.20.22.4.26"/>
                            <templateId root="2.16.840.1.113883.10.20.22.4.26"/>
                            <id root="31b73bd0-cffc-4599-902e-dbe54bc56cb4"/>
                            <code code="46680005" codeSystem="2.16.840.1.113883.6.96" codeSystemName="SNOMED-CT" displayName="Vital signs">
<translation code="74728-7" codeSystem="2.16.840.1.113883.6.1" codeSystemName="LOINC" displayName="Vital signs"/>
                            </code>
                            <statusCode code="completed"/>
                            <effectiveTime>
<low value="20150622"/>
<high value="20150622"/>
                            </effectiveTime>
                            <component>
<observation classCode="OBS" moodCode="EVN">
    <templateId extension="2014-06-09" root="2.16.840.1.113883.10.20.22.4.27"/>
    <templateId root="2.16.840.1.113883.10.20.22.4.27"/>
    <id root="ed9589fd-fda0-41f7-a3d0-dc537554f5c2"/>
    <code code="8302-2" codeSystem="2.16.840.1.113883.6.1" codeSystemName="LOINC" displayName="Height"/>
    <statusCode code="completed"/>
    <effectiveTime value="20150622"/>
    <value unit="cm" value="177" xsi:type="PQ"/>
    <interpretationCode code="N" codeSystem="2.16.840.1.113883.5.83"/>
    <author typeCode="AUT">
        <templateId root="2.16.840.1.113883.10.20.22.4.119"/>
        <time value="20150622"/>
        <assignedAuthor>
            <id extension="0000000000" root="2.16.840.1.113883.4.6"/>
            <code code="0000000000" codeSystem="2.16.840.1.113883.6.101" codeSystemName="Healthcare Provider Taxonomy (HIPAA)"/>
        </assignedAuthor>
    </author>
</observation>
                            </component>
                            <component>
<observation classCode="OBS" moodCode="EVN">
    <templateId extension="2014-06-09" root="2.16.840.1.113883.10.20.22.4.27"/>
    <templateId root="2.16.840.1.113883.10.20.22.4.27"/>
    <id root="f4e729e2-a97f-4a7e-8e23-c92f9b6b55cf"/>
    <code code="29463-7" codeSystem="2.16.840.1.113883.6.1" codeSystemName="LOINC" displayName="Weight Measured"/>
    <statusCode code="completed"/>
    <effectiveTime value="20150622"/>
    <value unit="kg" value="88" xsi:type="PQ"/>
    <interpretationCode code="N" codeSystem="2.16.840.1.113883.5.83"/>
    <author typeCode="AUT">
        <templateId root="2.16.840.1.113883.10.20.22.4.119"/>
        <time value="20150622"/>
        <assignedAuthor>
            <id extension="0000000000" root="2.16.840.1.113883.4.6"/>
            <code code="0000000000" codeSystem="2.16.840.1.113883.6.101" codeSystemName="Healthcare Provider Taxonomy (HIPAA)"/>
        </assignedAuthor>
    </author>
</observation>
                            </component>
                            <component>
<observation classCode="OBS" moodCode="EVN">
    <templateId extension="2014-06-09" root="2.16.840.1.113883.10.20.22.4.27"/>
    <templateId root="2.16.840.1.113883.10.20.22.4.27"/>
    <id root="f4e729e2-a97f-4a7e-8e23-c92f9b6b55cf"/>
    <code code="39156-5" codeSystem="2.16.840.1.113883.6.1" codeSystemName="LOINC" displayName="BMI (Body Mass Index)"/>
    <statusCode code="completed"/>
    <effectiveTime value="20150622"/>
    <value unit="kg/m2" value="28.1" xsi:type="PQ"/>
    <interpretationCode code="N" codeSystem="2.16.840.1.113883.5.83"/>
    <author typeCode="AUT">
        <templateId root="2.16.840.1.113883.10.20.22.4.119"/>
        <time value="20150622"/>
        <assignedAuthor>
            <id extension="0000000000" root="2.16.840.1.113883.4.6"/>
            <code code="0000000000" codeSystem="2.16.840.1.113883.6.101" codeSystemName="Healthcare Provider Taxonomy (HIPAA)"/>
        </assignedAuthor>
    </author>
</observation>
                            </component>
                            <component>
<observation classCode="OBS" moodCode="EVN">
    <templateId extension="2014-06-09" root="2.16.840.1.113883.10.20.22.4.27"/>
    <templateId root="2.16.840.1.113883.10.20.22.4.27"/>
    <id root="a0e39c70-9674-4b2a-9837-cdf74200d8d5"/>
    <code code="8480-6" codeSystem="2.16.840.1.113883.6.1" codeSystemName="LOINC" displayName="Intravascular Systolic"/>
    <statusCode code="completed"/>
    <effectiveTime value="20150622"/>
    <value unit="mm[Hg]" value="145" xsi:type="PQ"/>
    <interpretationCode code="N" codeSystem="2.16.840.1.113883.5.83"/>
    <author typeCode="AUT">
        <templateId root="2.16.840.1.113883.10.20.22.4.119"/>
        <time value="20150622"/>
        <assignedAuthor>
            <id extension="0000000000" root="2.16.840.1.113883.4.6"/>
            <code code="0000000000" codeSystem="2.16.840.1.113883.6.101" codeSystemName="Healthcare Provider Taxonomy (HIPAA)"/>
        </assignedAuthor>
    </author>
</observation>
                            </component>
                            <component>
<observation classCode="OBS" moodCode="EVN">
    <templateId extension="2014-06-09" root="2.16.840.1.113883.10.20.22.4.27"/>
    <templateId root="2.16.840.1.113883.10.20.22.4.27"/>
    <id root="1c2748b7-e440-41ba-bc01-dde97d84a036"/>
    <code code="8462-4" codeSystem="2.16.840.1.113883.6.1" codeSystemName="LOINC" displayName="BP Diastolic"/>
    <statusCode code="completed"/>
    <effectiveTime value="20150622"/>
    <value unit="mm[Hg]" value="88" xsi:type="PQ"/>
    <interpretationCode code="N" codeSystem="2.16.840.1.113883.5.83"/>
    <author typeCode="AUT">
        <templateId root="2.16.840.1.113883.10.20.22.4.119"/>
        <time value="20150622"/>
        <assignedAuthor>
            <id extension="0000000000" root="2.16.840.1.113883.4.6"/>
            <code code="0000000000" codeSystem="2.16.840.1.113883.6.101" codeSystemName="Healthcare Provider Taxonomy (HIPAA)"/>
        </assignedAuthor>
    </author>
</observation>
                            </component>
                            <component>
<observation classCode="OBS" moodCode="EVN">
    <templateId extension="2014-06-09" root="2.16.840.1.113883.10.20.22.4.27"/>
    <templateId root="2.16.840.1.113883.10.20.22.4.27"/>
    <id root="a0e39c70-9675-4b2a-9841-cdf74200d8d5"/>
    <code code="8310-5" codeSystem="2.16.840.1.113883.6.1" codeSystemName="LOINC" displayName="Body Temperature"/>
    <statusCode code="completed"/>
    <effectiveTime value="20150622"/>
    <value unit="Cel" value="38" xsi:type="PQ"/>
    <interpretationCode code="N" codeSystem="2.16.840.1.113883.5.83"/>
    <author typeCode="AUT">
        <templateId root="2.16.840.1.113883.10.20.22.4.119"/>
        <time value="20150622"/>
        <assignedAuthor>
            <id extension="0000000000" root="2.16.840.1.113883.4.6"/>
            <code code="0000000000" codeSystem="2.16.840.1.113883.6.101" codeSystemName="Healthcare Provider Taxonomy (HIPAA)"/>
        </assignedAuthor>
    </author>
</observation>
                            </component>
                            <component>
<observation classCode="OBS" moodCode="EVN">
    <templateId extension="2014-06-09" root="2.16.840.1.113883.10.20.22.4.27"/>
    <templateId root="2.16.840.1.113883.10.20.22.4.27"/>
    <id root="a0e39c70-9675-4b2a-9838-cdf74200d8d5"/>
    <code code="8867-4" codeSystem="2.16.840.1.113883.6.1" codeSystemName="LOINC" displayName="Heart Rate"/>
    <statusCode code="completed"/>
    <effectiveTime value="20150622"/>
    <value unit="/min" value="80" xsi:type="PQ"/>
    <interpretationCode code="N" codeSystem="2.16.840.1.113883.5.83"/>
    <author typeCode="AUT">
        <templateId root="2.16.840.1.113883.10.20.22.4.119"/>
        <time value="20150622"/>
        <assignedAuthor>
            <id extension="0000000000" root="2.16.840.1.113883.4.6"/>
            <code code="0000000000" codeSystem="2.16.840.1.113883.6.101" codeSystemName="Healthcare Provider Taxonomy (HIPAA)"/>
        </assignedAuthor>
    </author>
</observation>
                            </component>
                            <component>
<observation classCode="OBS" moodCode="EVN">
    <templateId extension="2014-06-09" root="2.16.840.1.113883.10.20.22.4.27"/>
    <templateId root="2.16.840.1.113883.10.20.22.4.27"/>
    <id root="a0e39c70-9675-4b2a-9839-cdf74200d8d5"/>
    <code code="59408-5" codeSystem="2.16.840.1.113883.6.1" codeSystemName="LOINC" displayName="O2 % BldC Oximetry"/>
    <statusCode code="completed"/>
    <effectiveTime value="20150622"/>
    <value unit="%" value="95" xsi:type="PQ"/>
    <interpretationCode code="N" codeSystem="2.16.840.1.113883.5.83"/>
    <author typeCode="AUT">
        <templateId root="2.16.840.1.113883.10.20.22.4.119"/>
        <time value="20150622"/>
        <assignedAuthor>
            <id extension="0000000000" root="2.16.840.1.113883.4.6"/>
            <code code="0000000000" codeSystem="2.16.840.1.113883.6.101" codeSystemName="Healthcare Provider Taxonomy (HIPAA)"/>
        </assignedAuthor>
    </author>
</observation>
                            </component>
                            <component>
<observation classCode="OBS" moodCode="EVN">
    <templateId extension="2014-06-09" root="2.16.840.1.113883.10.20.22.4.27"/>
    <templateId root="2.16.840.1.113883.10.20.22.4.27"/>
    <id root="a0e39c70-9675-4b2a-9842-cdf74200d8d5"/>
    <code code="9279-1" codeSystem="2.16.840.1.113883.6.1" codeSystemName="LOINC" displayName="Respiratory Rate"/>
    <statusCode code="completed"/>
    <effectiveTime value="20150622"/>
    <value unit="/min" value="18" xsi:type="PQ"/>
    <interpretationCode code="N" codeSystem="2.16.840.1.113883.5.83"/>
    <author typeCode="AUT">
        <templateId root="2.16.840.1.113883.10.20.22.4.119"/>
        <time value="20150622"/>
        <assignedAuthor>
            <id extension="0000000000" root="2.16.840.1.113883.4.6"/>
            <code code="0000000000" codeSystem="2.16.840.1.113883.6.101" codeSystemName="Healthcare Provider Taxonomy (HIPAA)"/>
        </assignedAuthor>
    </author>
</observation>
                            </component>
                            <component>
<observation classCode="OBS" moodCode="EVN">
    <templateId extension="2014-06-09" root="2.16.840.1.113883.10.20.22.4.27"/>
    <templateId root="2.16.840.1.113883.10.20.22.4.27"/>
    <id root="a0e39c70-9675-4b2a-9842-cdf74200d8d5"/>
    <code code="3150-0" codeSystem="2.16.840.1.113883.6.1" codeSystemName="LOINC" displayName="Inhaled Oxygen Concentration"/>
    <statusCode code="completed"/>
    <effectiveTime value="20150622"/>
    <value unit="%" value="36" xsi:type="PQ"/>
    <interpretationCode code="N" codeSystem="2.16.840.1.113883.5.83"/>
    <author typeCode="AUT">
        <templateId root="2.16.840.1.113883.10.20.22.4.119"/>
        <time value="20150622"/>
        <assignedAuthor>
            <id extension="0000000000" root="2.16.840.1.113883.4.6"/>
            <code code="0000000000" codeSystem="2.16.840.1.113883.6.101" codeSystemName="Healthcare Provider Taxonomy (HIPAA)"/>
        </assignedAuthor>
    </author>
</observation>
                            </component>
                        </organizer>
                    </entry>
                </section>
            </component>
            <component>
                <section>
                    <templateId extension="2014-06-09" root="2.16.840.1.113883.10.20.22.2.7.1"/>
                    <templateId root="2.16.840.1.113883.10.20.22.2.7.1"/>
                    <code code="47519-4" codeSystem="2.16.840.1.113883.6.1" codeSystemName="LOINC" displayName="HISTORY OF PROCEDURES"/>
                    <title>PROCEDURES</title>
                    <text>
                        <table border="1" width="100">
                            <thead>
<tr>
    <th>Procedure</th>
    <th>Date</th>
    <th>Body Site</th>
    <th>UDI</th>
</tr>
                            </thead>
                            <tbody>
<tr>
    <td>
        <content ID="Proc1">Introduction of cardiac pacemaker system via vein</content>
    </td>
    <td>Oct 05, 2011</td>
    <td>Structure of subclavian vein</td>
    <td>(01)00643169007222(17)160128(21)BLC200461H</td>
</tr>
<tr>
    <td>
        <content ID="Proc2">Nebulizer Therapy</content>
    </td>
    <td>Jun 22, 2015</td>
    <td/>
    <td/>
</tr>
                            </tbody>
                        </table>
                    </text>
                    <entry typeCode="DRIV">
                        <procedure classCode="PROC" moodCode="EVN">
                            <templateId extension="2014-06-09" root="2.16.840.1.113883.10.20.22.4.14"/>
                            <templateId root="2.16.840.1.113883.10.20.22.4.14"/>
                            <id root="d68b7e32-7810-4f5b-9cc2-acd54b0fd850"/>
                            <code code="175135009" codeSystem="2.16.840.1.113883.6.96" codeSystemName="SNOMED-CT" displayName="Introduction of cardiac pacemaker system via vein"/>
                            <statusCode code="completed"/>
                            <effectiveTime value="20111005"/>
                            <methodCode nullFlavor="UNK"/>
                            <participant typeCode="DEV">
<participantRole classCode="MANU">
    <templateId root="2.16.840.1.113883.10.20.22.4.37"/>
    <id assigningAuthorityName="FDA" extension="(01)00643169007222(17)160128(21)BLC200461H" root="2.16.840.1.113883.3.3719"/>
    <playingDevice>
        <code nullFlavor="UNK"/>
    </playingDevice>
    <scopingEntity>
        <id root="2.16.840.1.113883.3.3719"/>
    </scopingEntity>
</participantRole>
                            </participant>
                        </procedure>
                    </entry>
                    <entry typeCode="DRIV">
                        <procedure classCode="PROC" moodCode="EVN">
                            <templateId extension="2014-06-09" root="2.16.840.1.113883.10.20.22.4.14"/>
                            <templateId root="2.16.840.1.113883.10.20.22.4.14"/>
                            <id root="d68b7e32-7810-4f5b-9cc2-acd54b0fd85d"/>
                            <code code="56251003" codeSystem="2.16.840.1.113883.6.96" codeSystemName="SNOMED-CT" displayName="Nebulizer Therapy">
<originalText>Nebulizer Therapy<reference value="#Proc2"/>
</originalText>
                            </code>
                            <statusCode code="completed"/>
                            <effectiveTime value="20150622"/>
                            <methodCode nullFlavor="UNK"/>
                            <performer>
<assignedEntity>
    <id extension="0000000000" root="2.16.840.1.113883.19.5.9999.456"/>
    <addr nullFlavor="UNK"/>
    <telecom use="WP" value="tel:+1(555)555-1002"/>
    <representedOrganization classCode="ORG">
        <id root="2.16.840.1.113883.19.5.9999.1393"/>
        <name>Agastha Medical Center</name>
        <telecom use="WP" value="tel:+1(704)544-6504"/>
        <addr>
            <streetAddressLine>15720 John J. Delaney Drive</streetAddressLine>
            <city>Charlotte</city>
            <state>NC</state>
            <postalCode>28277</postalCode>
            <country>United States</country>
        </addr>
    </representedOrganization>
</assignedEntity>
                            </performer>
                        </procedure>
                    </entry>
                </section>
            </component>
            <component>
                <section>
                    <templateId extension="2015-08-01" root="2.16.840.1.113883.10.20.22.2.3.1"/>
                    <templateId root="2.16.840.1.113883.10.20.22.2.3.1"/>
                    <code code="30954-2" codeSystem="2.16.840.1.113883.6.1" codeSystemName="LOINC" displayName="RESULTS"/>
                    <title>RESULTS</title>
                    <text>
                        <table>
                            <thead>
<tr>
    <th>LabName</th>
    <th>Lab Address</th>
    <th>Phone</th>
</tr>
                            </thead>
                            <tbody>
<tr>
    <td ID="labName">Value Labs</td>
    <td ID="labAddress">2474,Rocky place,Beaverton,OR,US.97006</td>
    <td ID="Phone">5556661002</td>
</tr>
                            </tbody>
                        </table>
                        <table>
                            <thead>
<tr>
    <th>Result Type</th>
    <th>Result Value</th>
    <th>Relevant Reference Range</th>
    <th>Interpretation</th>
    <th>Date</th>
</tr>
                            </thead>
                            <tbody>
<tr>
    <td ID="result1">Color of Urine (YELLOW)</td>
    <td ID="resultvalue1">YELLOW</td>
    <td ID="referencerange1">YELLOW</td>
    <td/>
    <td>Jun 22, 2015</td>
</tr>
<tr>
    <td ID="result2">Appearance of Urine (CLEAR)</td>
    <td ID="resultvalue2">CLEAR</td>
    <td ID="referencerange2">CLEAR</td>
    <td/>
    <td>Jun 22, 2015</td>
</tr>
<tr>
    <td ID="result3">Specific gravity of Urine by Test strip (1.005-1.030)</td>
    <td ID="resultvalue3">1.015</td>
    <td ID="referencerange3">1.005-1.030</td>
    <td/>
    <td>Jun 22, 2015</td>
</tr>
<tr>
    <td ID="result4">pH of Urine by Test strip (5.0-8.0)</td>
    <td ID="resultvalue4">5.0</td>
    <td ID="referencerange4">5.0-8.0</td>
    <td/>
    <td>Jun 22, 2015</td>
</tr>
<tr>
    <td ID="result5">Glucose [Mass/volume] in urine by test strip (Neg)</td>
    <td ID="resultvalue5">50</td>
    <td ID="referencerange5">Neg</td>
    <td/>
    <td>Jun 22, 2015</td>
</tr>
<tr>
    <td ID="result6">Ketones [Mass/Volume] in urine by test strip (Negative)</td>
    <td ID="resultvalue6">Negative</td>
    <td ID="referencerange6">Negative</td>
    <td/>
    <td>Jun 22, 2015</td>
</tr>
<tr>
    <td ID="result7">Protein[Mass/Volume] in urine by test strip (Negative)</td>
    <td ID="resultvalue7">100</td>
    <td ID="referencerange7">Negative</td>
    <td/>
    <td>Jun 22, 2015</td>
</tr>
<tr>
    <td ID="result8">Chest x-ray 2 views</td>
    <td ID="resultvalue8"/>
    <td ID="referencerange8"/>
    <td>Lungs are not clear, cannot rule out Anemia. Other tests are required to determine the presence or absence of Anemia.</td>
    <td>Jun 22, 2015</td>
</tr>
                            </tbody>
                        </table>
                    </text>
                    <entry typeCode="DRIV">
                        <organizer classCode="BATTERY" moodCode="EVN">
                            <templateId extension="2015-08-01" root="2.16.840.1.113883.10.20.22.4.1"/>
                            <templateId root="2.16.840.1.113883.10.20.22.4.1"/>
                            <id root="7d5a02b0-67a4-11db-bd13-0800200c9a60"/>
                            <code code="24357-6" codeSystem="2.16.840.1.113883.6.1" codeSystemName="LOINC" displayName="Urinanalysis macro (dipstick) panel"/>
                            <statusCode code="completed"/>
                            <effectiveTime>
<low value="20150622"/>
<high value="20150622"/>
                            </effectiveTime>
                            <performer typeCode="PRF">
<assignedEntity>
    <id root="2.16.840.1.113883.19.5"/>
    <representedOrganization>
        <name>Value Labs</name>
        <telecom use="WP" value="tel:+1(555)666-1002"/>
        <addr use="WP">
            <streetAddressLine>2474,Rocky place</streetAddressLine>
            <city>Beaverton</city>
            <state>OR</state>
            <postalCode>97006</postalCode>
            <country>US</country>
        </addr>
    </representedOrganization>
</assignedEntity>
                            </performer>
                            <component>
<observation classCode="OBS" moodCode="EVN">
    <templateId extension="2015-08-01" root="2.16.840.1.113883.10.20.22.4.2"/>
    <templateId root="2.16.840.1.113883.10.20.22.4.2"/>
    <id root="107c2dc0-67a5-11db-bd13-0800200c9a66"/>
    <code code="5778-6" codeSystem="2.16.840.1.113883.6.1" codeSystemName="LOINC" displayName="Color of Urine"/>
    <statusCode code="completed"/>
    <effectiveTime value="20150622"/>
    <value xsi:type="ST">YELLOW</value>
    <interpretationCode code="N" codeSystem="2.16.840.1.113883.5.83"/>
</observation>
                            </component>
                            <component>
<observation classCode="OBS" moodCode="EVN">
    <templateId extension="2015-08-01" root="2.16.840.1.113883.10.20.22.4.2"/>
    <templateId root="2.16.840.1.113883.10.20.22.4.2"/>
    <id root="107c2dc0-67a5-11db-bd13-0800200c9a66"/>
    <code code="5767-9" codeSystem="2.16.840.1.113883.6.1" codeSystemName="LOINC" displayName="Appearance of Urine"/>
    <statusCode code="completed"/>
    <effectiveTime value="20150622"/>
    <value xsi:type="ST">CLEAR</value>
    <interpretationCode code="N" codeSystem="2.16.840.1.113883.5.83"/>
</observation>
                            </component>
                            <component>
<observation classCode="OBS" moodCode="EVN">
    <templateId extension="2015-08-01" root="2.16.840.1.113883.10.20.22.4.2"/>
    <templateId root="2.16.840.1.113883.10.20.22.4.2"/>
    <id root="107c2dc0-67a5-11db-bd13-0800200c9a66"/>
    <code code="5811-5" codeSystem="2.16.840.1.113883.6.1" codeSystemName="LOINC" displayName="Specific gravity of Urine by Test strip"/>
    <statusCode code="completed"/>
    <effectiveTime value="20150622"/>
    <value value="1.015" xsi:type="PQ"/>
    <interpretationCode code="N" codeSystem="2.16.840.1.113883.5.83"/>
    <referenceRange>
        <observationRange>
            <value xsi:type="IVL_PQ">
                <low value="1.005"/>
                <high value="1.030"/>
            </value>
        </observationRange>
    </referenceRange>
</observation>
                            </component>
                            <component>
<observation classCode="OBS" moodCode="EVN">
    <templateId extension="2015-08-01" root="2.16.840.1.113883.10.20.22.4.2"/>
    <templateId root="2.16.840.1.113883.10.20.22.4.2"/>
    <id root="107c2dc0-67a5-11db-bd13-0800200c9a66"/>
    <code code="5803-2" codeSystem="2.16.840.1.113883.6.1" codeSystemName="LOINC" displayName="pH of Urine by Test strip"/>
    <statusCode code="completed"/>
    <effectiveTime value="20150622"/>
    <value unit="[pH]" value="5.0" xsi:type="PQ"/>
    <interpretationCode code="N" codeSystem="2.16.840.1.113883.5.83"/>
    <referenceRange>
        <observationRange>
            <value xsi:type="IVL_PQ">
                <low unit="[pH]" value="5.0"/>
                <high unit="[pH]" value="8.0"/>
            </value>
        </observationRange>
    </referenceRange>
</observation>
                            </component>
                            <component>
<observation classCode="OBS" moodCode="EVN">
    <templateId extension="2015-08-01" root="2.16.840.1.113883.10.20.22.4.2"/>
    <templateId root="2.16.840.1.113883.10.20.22.4.2"/>
    <id root="107c2dc0-67a5-11db-bd13-0800200c9a66"/>
    <code code="5792-7" codeSystem="2.16.840.1.113883.6.1" codeSystemName="LOINC" displayName="Glucose [Mass/volume] in urine by test strip"/>
    <statusCode code="completed"/>
    <effectiveTime value="20150622"/>
    <value unit="mg/dL" value="50" xsi:type="PQ"/>
    <interpretationCode code="N" codeSystem="2.16.840.1.113883.5.83"/>
</observation>
                            </component>
                            <component>
<observation classCode="OBS" moodCode="EVN">
    <templateId extension="2015-08-01" root="2.16.840.1.113883.10.20.22.4.2"/>
    <templateId root="2.16.840.1.113883.10.20.22.4.2"/>
    <id root="107c2dc0-67a5-11db-bd13-0800200c9a66"/>
    <code code="5797-6" codeSystem="2.16.840.1.113883.6.1" codeSystemName="LOINC" displayName="Ketones [Mass/Volume] in urine by test strip"/>
    <statusCode code="completed"/>
    <effectiveTime value="20150622"/>
    <value xsi:type="ST">Negative</value>
    <interpretationCode code="N" codeSystem="2.16.840.1.113883.5.83"/>
</observation>
                            </component>
                            <component>
<observation classCode="OBS" moodCode="EVN">
    <templateId extension="2015-08-01" root="2.16.840.1.113883.10.20.22.4.2"/>
    <templateId root="2.16.840.1.113883.10.20.22.4.2"/>
    <id root="107c2dc0-67a5-11db-bd13-0800200c9a66"/>
    <code code="5804-0" codeSystem="2.16.840.1.113883.6.1" codeSystemName="LOINC" displayName="Protein[Mass/Volume] in urine by test strip"/>
    <statusCode code="completed"/>
    <effectiveTime value="20150622"/>
    <value unit="mg/dL" value="100" xsi:type="PQ"/>
    <interpretationCode code="N" codeSystem="2.16.840.1.113883.5.83"/>
</observation>
                            </component>
                        </organizer>
                    </entry>
                    <entry typeCode="DRIV">
                        <organizer classCode="BATTERY" moodCode="EVN">
                            <templateId extension="2015-08-01" root="2.16.840.1.113883.10.20.22.4.1"/>
                            <templateId root="2.16.840.1.113883.10.20.22.4.1"/>
                            <id root="7d5a02b0-67a4-11db-bd13-0800200c9a60"/>
                            <code code="36643-5" codeSystem="2.16.840.1.113883.6.1" codeSystemName="LOINC" displayName="Chest x-ray 2 views"/>
                            <statusCode code="completed"/>
                            <effectiveTime>
<low value="20150622"/>
<high value="20150622"/>
                            </effectiveTime>
                            <component>
<observation classCode="OBS" moodCode="EVN">
    <templateId extension="2015-08-01" root="2.16.840.1.113883.10.20.22.4.2"/>
    <templateId root="2.16.840.1.113883.10.20.22.4.2"/>
    <id root="107c2dc0-67a5-11db-bd13-0800200c9a66"/>
    <code code="36643-5" codeSystem="2.16.840.1.113883.6.1" codeSystemName="LOINC" displayName="Chest x-ray 2 views"/>
    <statusCode code="completed"/>
    <effectiveTime value="20150622"/>
    <value nullFlavor="NI" xsi:type="ST"/>
    <interpretationCode code="N" codeSystem="2.16.840.1.113883.5.83">
        <originalText>Lungs are not clear, cannot rule out Anemia. Other tests are required to determine the presence or absence of Anemia.<reference value="Lungs are not clear, cannot rule out Anemia. Other tests are required to determine the presence or absence of Anemia."/>
        </originalText>
    </interpretationCode>
</observation>
                            </component>
                        </organizer>
                    </entry>
                </section>
            </component>
            <component>
                <section>
                    <templateId extension="2015-08-01" root="2.16.840.1.113883.10.20.22.2.2.1"/>
                    <templateId root="2.16.840.1.113883.10.20.22.2.2.1"/>
                    <code code="11369-6" codeSystem="2.16.840.1.113883.6.1" codeSystemName="LOINC" displayName="History of immunizations"/>
                    <title>IMMUNIZATIONS</title>
                    <text>
                        <table border="1" width="100">
                            <thead>
<tr>
    <th>Vaccine</th>
    <th>Date</th>
    <th>Status</th>
    <th>Series number</th>
</tr>
                            </thead>
                            <tbody>
<tr>
    <td>
        <content ID="immun1">Influenza, Unspecified Formulation</content>
    </td>
    <td>May 10, 2014</td>
    <td>Completed</td>
    <td>N/A</td>
</tr>
<tr>
    <td>
        <content ID="immun2">Dtap, 5 Pertussis Antigens</content>
    </td>
    <td>Jan 04, 2012</td>
    <td>Completed</td>
    <td>N/A</td>
</tr>
<tr>
    <td>
        <content ID="immun3">Influenza, Intradermal, Quadrivalent, Preservative Free</content>
    </td>
    <td>Jun 22, 2015</td>
    <td>Completed</td>
    <td>N/A</td>
</tr>
                            </tbody>
                        </table>
                    </text>
                    <entry typeCode="DRIV">
                        <substanceAdministration classCode="SBADM" moodCode="EVN" negationInd="false">
                            <templateId extension="2015-08-01" root="2.16.840.1.113883.10.20.22.4.52"/>
                            <templateId root="2.16.840.1.113883.10.20.22.4.52"/>
                            <id root="e6f1ba43-c0ed-4b9b-9f12-f435d8ad8f90"/>
                            <text>Influenza, Unspecified Formulation</text>
                            <statusCode code="completed"/>
                            <effectiveTime value="20140510" xsi:type="IVL_TS"/>
                            <doseQuantity nullFlavor="UNK"/>
                            <consumable>
<manufacturedProduct classCode="MANU">
    <templateId extension="2014-06-09" root="2.16.840.1.113883.10.20.22.4.54"/>
    <templateId root="2.16.840.1.113883.10.20.22.4.54"/>
    <manufacturedMaterial>
        <code code="88" codeSystem="2.16.840.1.113883.12.292" codeSystemName="CVX" displayName="Influenza, Unspecified Formulation"/>
    </manufacturedMaterial>
    <manufacturerOrganization>
        <name>MedImmune, Inc.</name>
    </manufacturerOrganization>
</manufacturedProduct>
                            </consumable>
                        </substanceAdministration>
                    </entry>
                    <entry typeCode="DRIV">
                        <substanceAdministration classCode="SBADM" moodCode="EVN" negationInd="false">
                            <templateId extension="2015-08-01" root="2.16.840.1.113883.10.20.22.4.52"/>
                            <templateId root="2.16.840.1.113883.10.20.22.4.52"/>
                            <id root="e6f1ba43-c0ed-4b9b-9f12-f435d8ad8f91"/>
                            <text>Dtap, 5 Pertussis Antigens</text>
                            <statusCode code="completed"/>
                            <effectiveTime value="20120104" xsi:type="IVL_TS"/>
                            <doseQuantity nullFlavor="UNK"/>
                            <consumable>
<manufacturedProduct classCode="MANU">
    <templateId extension="2014-06-09" root="2.16.840.1.113883.10.20.22.4.54"/>
    <templateId root="2.16.840.1.113883.10.20.22.4.54"/>
    <manufacturedMaterial>
        <code code="106" codeSystem="2.16.840.1.113883.12.292" codeSystemName="CVX" displayName="Dtap, 5 Pertussis Antigens"/>
    </manufacturedMaterial>
</manufacturedProduct>
                            </consumable>
                        </substanceAdministration>
                    </entry>
                    <entry typeCode="DRIV">
                        <substanceAdministration classCode="SBADM" moodCode="EVN" negationInd="true">
                            <templateId extension="2015-08-01" root="2.16.840.1.113883.10.20.22.4.52"/>
                            <templateId root="2.16.840.1.113883.10.20.22.4.52"/>
                            <id root="e6f1ba43-c0ed-4b9b-9f12-f435d8ad8f92"/>
                            <text>Influenza, Intradermal, Quadrivalent, Preservative Free</text>
                            <statusCode code="completed"/>
                            <effectiveTime value="20150622" xsi:type="IVL_TS"/>
                            <doseQuantity nullFlavor="UNK"/>
                            <consumable>
<manufacturedProduct classCode="MANU">
    <templateId extension="2014-06-09" root="2.16.840.1.113883.10.20.22.4.54"/>
    <templateId root="2.16.840.1.113883.10.20.22.4.54"/>
    <manufacturedMaterial>
        <code code="166" codeSystem="2.16.840.1.113883.12.292" codeSystemName="CVX" displayName="Influenza, Intradermal, Quadrivalent, Preservative Free"/>
    </manufacturedMaterial>
</manufacturedProduct>
                            </consumable>
                            <entryRelationship typeCode="RSON">
<observation classCode="OBS" moodCode="EVN">
    <templateId root="2.16.840.1.113883.10.20.22.4.53"/>
    <id root="ab1791b0-5c71-11db-b0de-0800200c9a62"/>
    <code code="PATOBJ" codeSystem="2.16.840.1.113883.5.8" codeSystemName="ActReason" displayName="Patient objection"/>
    <statusCode code="completed"/>
</observation>
                            </entryRelationship>
                        </substanceAdministration>
                    </entry>
                </section>
            </component>
            <component>
                <section>
                    <templateId extension="2014-06-09" root="2.16.840.1.113883.10.20.22.2.14"/>
                    <templateId root="2.16.840.1.113883.10.20.22.2.14"/>
                    <code code="47420-5" codeSystem="2.16.840.1.113883.6.1" codeSystemName="LOINC" displayName="Functional Status"/>
                    <title>FUNCTIONAL STATUS</title>
                    <text>
                        <table border="1" width="100">
                            <thead>
<tr>
    <th>Functional Category</th>
    <th>Effective Dates</th>
    <th>Results of Evaluation</th>
</tr>
                            </thead>
                            <tbody>
<tr>
    <td ID="FUNC1">Dependence on Cane</td>
    <td>01 May,2005</td>
    <td/>
</tr>
                            </tbody>
                        </table>
                    </text>
                    <entry>
                        <organizer classCode="CLUSTER" moodCode="EVN">
                            <templateId extension="2014-06-09" root="2.16.840.1.113883.10.20.22.4.66"/>
                            <templateId root="2.16.840.1.113883.10.20.22.4.66"/>
                            <id root="a7bc1062-8649-42a0-833d-eed65bd017c9"/>
                            <code code="d5" codeSystem="2.16.840.1.113883.6.254" codeSystemName="ICF" displayName="Self-Care"/>
                            <statusCode code="completed"/>
                            <component>
<observation classCode="OBS" moodCode="EVN">
    <templateId extension="2014-06-09" root="2.16.840.1.113883.10.20.22.4.67"/>
    <templateId root="2.16.840.1.113883.10.20.22.4.67"/>
    <id root="b63a8636-cfff-4461-b018-40ba58ba8b32"/>
    <code code="54522-8" codeSystem="2.16.840.1.113883.6.1" codeSystemName="LOINC" displayName="Functional Status"/>
    <text>
        <reference value="#FUNC1"/>
    </text>
    <statusCode code="completed"/>
    <effectiveTime value="20050501"/>
    <value code="105504002" codeSystem="2.16.840.1.113883.6.96" codeSystemName="SNOMED-CT" displayName="Dependence on Cane" xsi:type="CD"/>
    <author typeCode="AUT">
        <templateId root="2.16.840.1.113883.10.20.22.4.119"/>
        <time value="20050501"/>
        <assignedAuthor>
            <id extension="0000000000" root="2.16.840.1.113883.4.6"/>
            <code code="0000000000" codeSystem="2.16.840.1.113883.6.101" codeSystemName="Healthcare Provider Taxonomy (HIPAA)"/>
        </assignedAuthor>
    </author>
</observation>
                            </component>
                            <component>
<observation classCode="OBS" moodCode="EVN">
    <templateId root="2.16.840.1.113883.10.20.22.4.128"/>
    <id root="c6b5a04b-2bf4-49d1-8336-636a3813df0a"/>
    <code nullFlavor="NA"/>
    <statusCode code="completed"/>
    <effectiveTime value="20050501"/>
    <value code="371153006" codeSystem="2.16.840.1.113883.6.96" codeSystemName="SNOMED-CT" displayName="Independent" xsi:type="CD"/>
</observation>
                            </component>
                        </organizer>
                    </entry>
                </section>
            </component>
            <component>
                <section>
                    <templateId extension="2015-08-01" root="2.16.840.1.113883.10.20.22.2.56"/>
                    <code code="10190-7" codeSystem="2.16.840.1.113883.6.1" codeSystemName="LOINC" displayName="MENTAL STATUS"/>
                    <title>MENTAL STATUS</title>
                    <text>
                        <table border="1" width="100">
                            <thead>
<tr>
    <th>Status</th>
    <th>Date</th>
</tr>
                            </thead>
                            <tbody>
<tr>
    <td>Amnesia</td>
    <td>01 May,2005</td>
</tr>
                            </tbody>
                        </table>
                    </text>
                    <entry>
                        <observation classCode="OBS" moodCode="EVN">
                            <templateId extension="2015-08-01" root="2.16.840.1.113883.10.20.22.4.74"/>
                            <templateId root="2.16.840.1.113883.10.20.22.4.74"/>
                            <id root="a7bc1062-8649-42a0-833d-ekd65bd013d1"/>
                            <code code="373930000" codeSystem="2.16.840.1.113883.6.96" codeSystemName="SNOMED-CT" displayName="Cognitive function">
<translation code="75275-8" codeSystem="2.16.840.1.113883.6.1" codeSystemName="LOINC" displayName="Cognitive function"/>
                            </code>
                            <statusCode code="completed"/>
                            <effectiveTime>
<low value="20050501"/>
<high nullFlavor="UNK"/>
                            </effectiveTime>
                            <value code="48167000" codeSystem="2.16.840.1.113883.6.96" codeSystemName="SNOMED-CT" displayName="Amnesia" xsi:type="CD"/>
                        </observation>
                    </entry>
                </section>
            </component>
            <component>
                <section>
                    <templateId extension="2014-06-09" root="1.3.6.1.4.1.19376.1.5.3.1.3.1"/>
                    <templateId root="1.3.6.1.4.1.19376.1.5.3.1.3.1"/>
                    <code code="42349-1" codeSystem="2.16.840.1.113883.6.1" codeSystemName="LOINC" displayName="Reason for Referral"/>
                    <title>REASON FOR REFERRAL</title>
                    <text>Ms Alice Newman is being referred to Community Health Hospitals Inpatient facility because of the high fever noticed and suspected Anemia.</text>
                </section>
            </component>
            <component>
                <section>
                    <templateId extension="2015-08-01" root="2.16.840.1.113883.10.20.22.2.58"/>
                    <code code="75310-3" codeSystem="2.16.840.1.113883.6.1" codeSystemName="LOINC" displayName="Health Concerns Document"/>
                    <title>Health Concerns Section</title>
                    <text>
                        <br/>
                        <table border="1" width="100">
                            <thead>
<tr>
    <th>Concern</th>
    <th>Status</th>
    <th>Date</th>
</tr>
                            </thead>
                            <tbody>
<tr>
    <td>Chronic Sickness exhibited by patient</td>
    <td>Active</td>
    <td>06/22/2015</td>
</tr>
<tr>
    <td>Documented HyperTension problem</td>
    <td>Active</td>
    <td>06/22/2015</td>
</tr>
<tr>
    <td>Documented HypoThyroidism problem</td>
    <td>Active</td>
    <td>06/22/2015</td>
</tr>
<tr>
    <td>Watch Weight of patient</td>
    <td>Active</td>
    <td>06/22/2015</td>
</tr>
                            </tbody>
                        </table>
                    </text>
                    <entry>
                        <observation classCode="OBS" moodCode="EVN">
                            <templateId extension="2014-06-09" root="2.16.840.1.113883.10.20.22.4.5"/>
                            <templateId root="2.16.840.1.113883.10.20.22.4.5"/>
                            <id root="a7bc1062-8649-42a0-833d-ekd65bd013d8"/>
                            <code code="11323-3" codeSystem="2.16.840.1.113883.6.1" codeSystemName="LOINC" displayName="Health status"/>
                            <statusCode code="completed"/>
                            <value code="161901003" codeSystem="2.16.840.1.113883.6.96" codeSystemName="SNOMED-CT" displayName="Chronically ill" xsi:type="CD"/>
                        </observation>
                    </entry>
                    <entry>
                        <act classCode="ACT" moodCode="EVN">
                            <templateId extension="2015-08-01" root="2.16.840.1.113883.10.20.22.4.132"/>
                            <id root="4eab0e52-dd7d-4285-99eb-72d32ddb195c"/>
                            <code code="75310-3" codeSystem="2.16.840.1.113883.6.1" codeSystemName="LOINC" displayName="Health Concern"/>
                            <statusCode code="completed"/>
                            <entryRelationship typeCode="REFR">
<act classCode="ACT" moodCode="EVN">
    <templateId root="2.16.840.1.113883.10.20.22.4.122"/>
    <id root="ab1791b0-5c71-11db-b0de-0800200c9a68"/>
    <code nullFlavor="NP"/>
    <statusCode code="completed"/>
</act>
                            </entryRelationship>
                            <entryRelationship typeCode="REFR">
<act classCode="ACT" moodCode="EVN">
    <templateId root="2.16.840.1.113883.10.20.22.4.122"/>
    <id root="ab1791b0-5c71-11db-b0de-0800200c2b11"/>
    <code nullFlavor="NP"/>
    <statusCode code="completed"/>
</act>
                            </entryRelationship>
                            <entryRelationship typeCode="REFR">
<act classCode="ACT" moodCode="EVN">
    <templateId root="2.16.840.1.113883.10.20.22.4.122"/>
    <id root="ab1791b0-5c71-11db-b0de-0800200c2b13"/>
    <code nullFlavor="NP"/>
    <statusCode code="completed"/>
</act>
                            </entryRelationship>
                        </act>
                    </entry>
                </section>
            </component>
            <component>
                <section>
                    <templateId root="2.16.840.1.113883.10.20.22.2.60"/>
                    <code code="61146-7" codeSystem="2.16.840.1.113883.6.1" codeSystemName="LOINC" displayName="Goals"/>
                    <title>Goals Section</title>
                    <text>
                        <table border="1" width="100">
                            <thead>
<tr>
    <th>Goal</th>
    <th>Type</th>
    <th>Status</th>
    <th>Date</th>
</tr>
                            </thead>
                            <tbody>
<tr>
    <td>Get rid of intermittent fever that is occurring every few weeks</td>
    <td>Provider</td>
    <td>Active</td>
    <td>20150622</td>
</tr>
<tr>
    <td>Need to gain more energy to do regular activities</td>
    <td>Provider</td>
    <td>Active</td>
    <td>20150622</td>
</tr>
                            </tbody>
                        </table>
                    </text>
                    <entry>
                        <observation classCode="OBS" moodCode="GOL">
                            <templateId root="2.16.840.1.113883.10.20.22.4.121"/>
                            <id root="3700b3b0-fbed-12e2-b778-0800200c9a66"/>
                            <code code="58144-7" codeSystem="2.16.840.1.113883.6.1" codeSystemName="LOINC" displayName="Resident's overall goal established during assessment process"/>
                            <statusCode code="active"/>
                            <effectiveTime value="20150622"/>
                            <value xsi:type="ST">Get rid of intermittent fever that is occurring every few weeks</value>
                            <author>
<templateId root="2.16.840.1.113883.10.20.22.4.119"/>
<time value="20150622"/>
<assignedAuthor>
    <id extension="0000000000" root="2.16.840.1.113883.4.6"/>
    <code code="0000000000" codeSystem="2.16.840.1.114222.4.11.1066" codeSystemName="Healthcare Provider Taxonomy (HIPAA)"/>
</assignedAuthor>
                            </author>
                        </observation>
                    </entry>
                    <entry>
                        <observation classCode="OBS" moodCode="GOL">
                            <templateId root="2.16.840.1.113883.10.20.22.4.121"/>
                            <id root="3700b3b0-fbed-12e2-b778-0800200c9a66"/>
                            <code code="58144-7" codeSystem="2.16.840.1.113883.6.1" codeSystemName="LOINC" displayName="Resident's overall goal established during assessment process"/>
                            <statusCode code="active"/>
                            <effectiveTime value="20150622"/>
                            <value xsi:type="ST">Need to gain more energy to do regular activities</value>
                            <author>
<templateId root="2.16.840.1.113883.10.20.22.4.119"/>
<time value="20150622"/>
<assignedAuthor>
    <id extension="0000000000" root="2.16.840.1.113883.4.6"/>
    <code code="0000000000" codeSystem="2.16.840.1.114222.4.11.1066" codeSystemName="Healthcare Provider Taxonomy (HIPAA)"/>
</assignedAuthor>
                            </author>
                        </observation>
                    </entry>
                </section>
            </component>
            <component>
                <section>
                    <templateId root="2.16.840.1.113883.10.20.22.2.8"/>
                    <code code="51848-0" codeSystem="2.16.840.1.113883.6.1" codeSystemName="LOINC" displayName="ASSESSMENTS"/>
                    <title>ASSESSMENTS</title>
                    <text>The patient was found to have fever and Dr Davis is suspecting Anemia based on the patient history. So Dr Davis asked the patient to closely monitor the temperature and blood pressure and get admitted to Community Health Hospitals if the fever does not subside within a day.Fever, unspecified
FEVER UNSPECIFIED</text>
                </section>
            </component>
            <component>
                <section>
                    <templateId extension="2014-06-09" root="2.16.840.1.113883.10.20.22.2.10"/>
                    <templateId root="2.16.840.1.113883.10.20.22.2.10"/>
                    <code code="18776-5" codeSystem="2.16.840.1.113883.6.1" codeSystemName="LOINC" displayName="Treatment plan"/>
                    <title>TREATMENT PLAN</title>
                    <text>i. Get an EKG done on 6/23/2015.
ii. Get a Chest X-ray done on 6/23/2015 showing the Lower Respiratory Tract Structure.
iii. Take Clindamycin 300mg three times a day as needed if pain does not subside/
iv. Schedule follow on visit with Neighborhood Physicians Practice on 7/1/2015.  Test(s):Nebulizer Therapy (SNOMED-56251003)  on 06/22/2015. Urinanalysis macro (dipstick) panel (LOINC-24357-6)  on 06/22/2015. Urinanalysis macro (dipstick) panel (LOINC-24357-6)  on 06/29/2015. </text>
                </section>
            </component>
        </structuredBody>
    </component>
</ClinicalDocument>