<ClinicalDocument xmlns = "urn:hl7-org:v3" xmlns:xsi = "http://www.w3.org/2001/XMLSchema-instance" xmlns:voc = "urn:hl7-org:v3/voc" xmlns:sdtc = "urn:hl7-org:sdtc">
    <realmCode code = "US"/>
    <typeId extension = "POCD_HD000040" root = "2.16.840.1.113883.1.3"/>
    <templateId root = "2.16.840.1.113883.10.20.22.1.1" extension = "2015-08-01"/>
    <templateId root = "2.16.840.1.113883.10.20.22.1.1"/>
    <templateId root = "2.16.840.1.113883.10.20.22.1.2" extension = "2015-08-01"/>
    <templateId root = "2.16.840.1.113883.10.20.22.1.2"/>
    <id extension = "TT102" root = "2.16.840.1.113883.19.5.99999.1"/>
    <code code = "34133-9" displayName = "Summarization of Episode Note" codeSystem = "2.16.840.1.113883.6.1" codeSystemName = "LOINC"/>
    <title>Jeremy Bates Amb Sample2</title>
    <effectiveTime value = "20150722"/>
    <confidentialityCode code = "N" displayName = "normal" codeSystem = "2.16.840.1.113883.5.25" codeSystemName = "Confidentiality"/>
    <languageCode code = "en-US"/>
    <setId extension = "sTT102" root = "2.16.840.1.113883.19.5.99999.19"/>
    <versionNumber value = "13"/>
    <recordTarget>
        <patientRole>
            <id extension = "112233334" root = "2.16.840.1.113883.4.1"/>
            <addr use = "HP">
                <streetAddressLine>1357 Amber Dr</streetAddressLine>
                <city>Beaverton</city>
                <state>OR</state>
                <postalCode>97006</postalCode>
                <country>US</country>
            </addr>
            <telecom value = "tel:+1(555)-777-1234" use = "MC"/>
            <telecom value = "tel:+1(555)-723-1544" use = "HP"/>
            <patient>
                <name use = "L">
                    <given>Jeremy</given>
                    <given>V</given>
                    <family>Bates</family>
                    <suffix>Jr</suffix>
                </name>
                <administrativeGenderCode code = "M" displayName = "Male" codeSystem = "2.16.840.1.113883.5.1" codeSystemName = "AdministrativeGender"/>
                <birthTime value = "19800801"/>
                <raceCode nullFlavor = "UNK"/>
                <sdtc:raceCode nullFlavor = "UNK"/>
                <ethnicGroupCode nullFlavor = "UNK"/>
                <languageCommunication>
                    <languageCode code = "en-US"/>
                    <modeCode code = "ESP" displayName = "Expressed spoken" codeSystem = "2.16.840.1.113883.5.60" codeSystemName = "LanguageAbilityMode"/>
                    <preferenceInd value = "true"/>
                </languageCommunication>
            </patient>
            <providerOrganization>
                <id extension = "99999999" root = "2.16.840.1.113883.4.6"/>
                <name>Neighborhood Physicians Practice</name>
                <telecom use = "WP" value = "tel:+1(555)-555-5000"/>
                <addr>
                    <streetAddressLine>2472 Rocky place</streetAddressLine>
                    <city>Beaverton</city>
                    <state>OR</state>
                    <postalCode>97006</postalCode>
                    <country>US</country>
                </addr>
            </providerOrganization>
        </patientRole>
    </recordTarget>
    <author>
        <time value = "20150722"/>
        <assignedAuthor>
            <id extension = "111111" root = "2.16.840.1.113883.4.6"/>
            <addr use = "PHYS">
                <streetAddressLine>2472 Rocky place</streetAddressLine>
                <city>Beaverton</city>
                <state>OR</state>
                <postalCode>97006</postalCode>
                <country>US</country>
            </addr>
            <telecom use = "WP" value = "tel:+1(555)-555-1002"/>
            <assignedAuthoringDevice>
                <manufacturerModelName>Neighborhood Physicians Practice EMR</manufacturerModelName>
                <softwareName>Amb EMR v1.0</softwareName>
            </assignedAuthoringDevice>
            <representedOrganization>
                <id root = "2.16.840.1.113883.19.5"/>
                <name>Neighborhood Physicians Practice</name>
            </representedOrganization>
        </assignedAuthor>
    </author>
    <informant>
        <assignedEntity>
            <id extension = "KP00017" root = "2.16.840.1.113883.19.5"/>
            <addr>
                <streetAddressLine>2472 Rocky place</streetAddressLine>
                <city>Beaverton</city>
                <state>OR</state>
                <postalCode>97006</postalCode>
                <country>US</country>
            </addr>
            <telecom use = "WP" value = "tel:+1(555)-555-1002"/>
            <assignedPerson>
                <name>
                    <given>Albert</given>
                    <family>Davis</family>
                </name>
            </assignedPerson>
        </assignedEntity>
    </informant>
    <informant>
        <relatedEntity classCode = "PRS">
            <code code = "SPS" displayName = "SPOUSE" codeSystem = "2.16.840.1.113883.1.11.19563" codeSystemName = "Personal Relationship Role Type Value Set"/>
            <relatedPerson>
                <name>
                    <prefix>Ms</prefix>
                    <given>Kathy</given>
                    <family>Bates</family>
                </name>
            </relatedPerson>
        </relatedEntity>
    </informant>
    <custodian>
        <assignedCustodian>
            <representedCustodianOrganization>
                <id extension = "99999999" root = "2.16.840.1.113883.4.6"/>
                <name>Neighborhood Physicians Practice</name>
                <telecom value = "tel:+1(555)-555-1002" use = "WP"/>
                <addr use = "WP">
                    <streetAddressLine>2472 Rocky place</streetAddressLine>
                    <city>Beaverton</city>
                    <state>OR</state>
                    <postalCode>97006</postalCode>
                    <country>US</country>
                </addr>
            </representedCustodianOrganization>
        </assignedCustodian>
    </custodian>
    <informationRecipient>
        <intendedRecipient>
            <informationRecipient>
                <name>
                    <prefix>Dr</prefix>
                    <given>Albert</given>
                    <family>Davis</family>
                </name>
            </informationRecipient>
            <receivedOrganization>
                <name>Neighborhood Physicians Practice</name>
            </receivedOrganization>
        </intendedRecipient>
    </informationRecipient>
    <legalAuthenticator>
        <time value = "20150722"/>
        <signatureCode code = "S"/>
        <assignedEntity>
            <id extension = "999999999" root = "2.16.840.1.113883.4.6"/>
            <addr>
                <streetAddressLine>2472 Rocky place</streetAddressLine>
                <city>Beaverton</city>
                <state>OR</state>
                <postalCode>97006</postalCode>
                <country>US</country>
            </addr>
            <telecom use = "WP" value = "tel:+1(555)-555-1002"/>
            <assignedPerson>
                <name>
                    <prefix>Dr</prefix>
                    <given>Albert</given>
                    <family>Davis</family>
                </name>
            </assignedPerson>
        </assignedEntity>
    </legalAuthenticator>
    <authenticator>
        <time value = "20150722"/>
        <signatureCode code = "S"/>
        <assignedEntity>
            <id extension = "999999999" root = "2.16.840.1.113883.4.6"/>
            <addr>
                <streetAddressLine>2472 Rocky place</streetAddressLine>
                <city>Beaverton</city>
                <state>OR</state>
                <postalCode>97006</postalCode>
                <country>US</country>
            </addr>
            <telecom use = "WP" value = "tel:+1(555)-555-1002"/>
            <assignedPerson>
                <name>
                    <prefix>Dr</prefix>
                    <given>Albert</given>
                    <family>Davis</family>
                </name>
            </assignedPerson>
        </assignedEntity>
    </authenticator>
    <participant typeCode = "IND">
        <associatedEntity classCode = "PRS">
            <code code = "GPARNT" displayName = "grandparent" codeSystem = "2.16.840.1.113883.1.11.19563" codeSystemName = "Personal Relationship Role Type Value Set"/>
            <addr use = "HP">
                <streetAddressLine>1357 Amber Dr</streetAddressLine>
                <city>Beaverton</city>
                <state>OR</state>
                <postalCode>97006</postalCode>
                <country>US</country>
            </addr>
            <telecom value = "tel:+1(555)-723-1544" use = "HP"/>
            <associatedPerson>
                <name>
                    <prefix>Mr.</prefix>
                    <given>Mathew</given>
                    <family>Bates</family>
                </name>
            </associatedPerson>
        </associatedEntity>
    </participant>
    <participant typeCode = "IND">
        <associatedEntity classCode = "PRS">
            <code code = "SPS" displayName = "SPOUSE" codeSystem = "2.16.840.1.113883.1.11.19563" codeSystemName = "Personal Relationship Role Type Value Set"/>
            <addr use = "HP">
                <streetAddressLine>1357 Amber Dr</streetAddressLine>
                <city>Beaverton</city>
                <state>OR</state>
                <postalCode>97006</postalCode>
                <country>US</country>
            </addr>
            <telecom value = "tel:+1(555)-723-1544" use = "HP"/>
            <associatedPerson>
                <name>
                    <prefix>Ms</prefix>
                    <given>Kathy</given>
                    <family>Bates</family>
                </name>
            </associatedPerson>
        </associatedEntity>
    </participant>
    <documentationOf>
        <serviceEvent classCode = "PCPR">
            <code code = "78318003" codeSystem = "2.16.840.1.113883.6.96" codeSystemName = "SNOMED-CT" displayName = "Annual Health Maintenance, History and Physical"/>
            <effectiveTime>
                <low value = "201507221400-0500"/>
                <high value = "201507221430-0500"/>
            </effectiveTime>
            <performer typeCode = "PRF">
                <functionCode code = "PCP" codeSystem = "2.16.840.1.113883.5.88" codeSystemName = "ParticipationFunction" displayName = "Primary Care Provider">
                    <originalText>Primary Care Provider</originalText>
                </functionCode>
                <assignedEntity>
                    <id extension = "5555555555" root = "2.16.840.1.113883.4.6"/>
                    <code code = "207QA0505X" displayName = "Adult Medicine" codeSystem = "2.16.840.1.113883.6.101" codeSystemName = "Healthcare Provider Taxonomy (HIPAA)"/>
                    <addr>
                        <streetAddressLine>2472 Rocky place</streetAddressLine>
                        <city>Beaverton</city>
                        <state>OR</state>
                        <postalCode>97006</postalCode>
                        <country>US</country>
                    </addr>
                    <telecom use = "WP" value = "tel:+1(555)-555-1002"/>
                    <assignedPerson>
                        <name>
                            <prefix qualifier = "TITLE">Dr</prefix>
                            <given>Albert</given>
                            <family>Davis</family>
                        </name>
                    </assignedPerson>
                    <representedOrganization>
                        <id extension = "99999999" root = "2.16.840.1.113883.4.6"/>
                        <name>Neighborhood Physicians Practice</name>
                        <telecom value = "tel:+1(555)-555-5000" use = "WP"/>
                        <addr>
                            <streetAddressLine>2472 Rocky place</streetAddressLine>
                            <city>Beaverton</city>
                            <state>OR</state>
                            <postalCode>97006</postalCode>
                            <country>US</country>
                        </addr>
                    </representedOrganization>
                </assignedEntity>
            </performer>
            <performer typeCode = "PRF">
                <time>
                    <low nullFlavor = "UNK"/>
                </time>
                <assignedEntity>
                    <id extension = "91138" root = "1.3.6.1.4.1.22812.4.99930.4"/>
                    <code codeSystem = "2.16.840.1.113883.6.101" codeSystemName = "NUCC Health Care Provider Taxonomy" code = "163W00000X" displayName = "Registered Nurse"/>
                    <addr>
                        <streetAddressLine>2472 Rocky place</streetAddressLine>
                        <city>Beaverton</city>
                        <state>OR</state>
                        <postalCode>97006</postalCode>
                        <country>US</country>
                    </addr>
                    <telecom use = "WP" value = "tel:+1(555)-555-1002"/>
                    <assignedPerson>
                        <name>
                            <given>Tracy</given>
                            <family>Davis</family>
                        </name>
                    </assignedPerson>
                </assignedEntity>
            </performer>
        </serviceEvent>
    </documentationOf>
    <componentOf>
        <encompassingEncounter>
            <id extension = "9937012" root = "2.16.840.1.113883.19"/>
            <effectiveTime>
                <low value = "201507221400-0500"/>
                <high value = "201507221430-0500"/>
            </effectiveTime>
        </encompassingEncounter>
    </componentOf>
    <component>
        <structuredBody>
            <component>
                <section>
                    <templateId root = "2.16.840.1.113883.10.20.22.2.6.1" extension = "2015-08-01"/>
                    <templateId root = "2.16.840.1.113883.10.20.22.2.6.1"/>
                    <code code = "48765-2" codeSystem = "2.16.840.1.113883.6.1" codeSystemName = "LOINC"/>
                    <title>ALLERGIES AND ADVERSE REACTIONS</title>
                    <text>No Known Allergies</text>
                    <entry typeCode = "DRIV">
                        <act classCode = "ACT" moodCode = "EVN">
                            <templateId root = "2.16.840.1.113883.10.20.22.4.30" extension = "2015-08-01"/>
                            <templateId root = "2.16.840.1.113883.10.20.22.4.30"/>
                            <id root = "36e3e930-7b15-11db-9fe1-0800200c9a66"/>
                            <code code = "CONC" codeSystem = "2.16.840.1.113883.5.6"/>
                            <statusCode code = "active"/>
                            <effectiveTime>
                                <low value = "20150722"/>
                            </effectiveTime>
                            <entryRelationship typeCode = "SUBJ">
                                <observation classCode = "OBS" moodCode = "EVN" negationInd = "true">
                                    <templateId root = "2.16.840.1.113883.10.20.22.4.7" extension = "2014-06-09"/>
                                    <templateId root = "2.16.840.1.113883.10.20.22.4.7"/>
                                    <id root = "4adc1020-7b16-11db-9fe1-0800200c9a66"/>
                                    <code code = "ASSERTION" codeSystem = "2.16.840.1.113883.5.4"/>
                                    <statusCode code = "completed"/>
                                    <effectiveTime nullFlavor = "NA"/>
                                    <value xsi:type = "CD" code = "419199007" displayName = "Allergy to substance (disorder)" codeSystem = "2.16.840.1.113883.6.96" codeSystemName = "SNOMED-CT"/>
                                    <participant typeCode = "CSM">
                                        <participantRole classCode = "MANU">
                                            <playingEntity classCode = "MMAT">
                                                <code nullFlavor = "NA"/>
                                            </playingEntity>
                                        </participantRole>
                                    </participant>
                                </observation>
                            </entryRelationship>
                        </act>
                    </entry>
                </section>
            </component>
            <component>
                <section>
                    <templateId root = "2.16.840.1.113883.10.20.22.2.1.1" extension = "2014-06-09"/>
                    <templateId root = "2.16.840.1.113883.10.20.22.2.1.1"/>
                    <code code = "10160-0" codeSystem = "2.16.840.1.113883.6.1" codeSystemName = "LOINC" displayName = "HISTORY OF MEDICATION USE"/>
                    <title>MEDICATIONS</title>
                    <text>No known Medications</text>
                    <entry>
                        <substanceAdministration moodCode = "EVN" classCode = "SBADM" negationInd = "true">
                            <templateId root = "2.16.840.1.113883.10.20.22.4.16" extension = "2014-06-09"/>
                            <templateId root = "2.16.840.1.113883.10.20.22.4.16"/>
                            <id root = "cdbd33f0-6cde-12db-9fe1-0800200c9a66"/>
                            <statusCode code = "active"/>
                            <effectiveTime nullFlavor = "NA"/>
                            <doseQuantity nullFlavor = "NA"/>
                            <consumable>
                                <manufacturedProduct classCode = "MANU">
                                    <templateId root = "2.16.840.1.113883.10.20.22.4.23" extension = "2014-06-09"/>
                                    <templateId root = "2.16.840.1.113883.10.20.22.4.23"/>
                                    <manufacturedMaterial>
                                        <code nullFlavor = "OTH" codeSystem = "2.16.840.1.113883.6.88">
                                            <translation code = "410942007" displayName = "drug or medication" codeSystem = "2.16.840.1.113883.6.96" codeSystemName = "SNOMED-CT"/>
                                        </code>
                                    </manufacturedMaterial>
                                </manufacturedProduct>
                            </consumable>
                        </substanceAdministration>
                    </entry>
                </section>
            </component>
            <component>
                <section>
                    <templateId root = "2.16.840.1.113883.10.20.22.2.5.1" extension = "2015-08-01"/>
                    <templateId root = "2.16.840.1.113883.10.20.22.2.5.1"/>
                    <code code = "11450-4" codeSystem = "2.16.840.1.113883.6.1" codeSystemName = "LOINC" displayName = "PROBLEM LIST"/>
                    <title>PROBLEMS</title>
                    <text ID = "Concern_1">
                        <content ID = "problems1">
                            No known
                            <content ID = "problemType1">problems</content>
                        </content>
                    </text>
                    <entry typeCode = "DRIV">
                        <act classCode = "ACT" moodCode = "EVN">
                            <templateId root = "2.16.840.1.113883.10.20.22.4.3" extension = "2015-08-01"/>
                            <templateId root = "2.16.840.1.113883.10.20.22.4.3"/>
                            <id root = "36e3e930-7b14-13db-9fe1-0800200c9a66"/>
                            <code code = "CONC" codeSystem = "2.16.840.1.113883.5.6"/>
                            <text>
                                <reference value = "#Concern_1"/>
                            </text>
                            <statusCode code = "active"/>
                            <effectiveTime>
                                <low value = "20150722"/>
                            </effectiveTime>
                            <entryRelationship typeCode = "SUBJ">
                                <observation classCode = "OBS" moodCode = "EVN" negationInd = "true">
                                    <templateId root = "2.16.840.1.113883.10.20.22.4.4" extension = "2015-08-01"/>
                                    <templateId root = "2.16.840.1.113883.10.20.22.4.4"/>
                                    <id root = "4adc1021-7b15-14db-9fe1-0800200c9a67"/>
                                    <code code = "55607006" displayName = "Problem" codeSystemName = "SNOMED-CT" codeSystem = "2.16.840.1.113883.6.96">
                                        <translation code = "75326-9" codeSystem = "2.16.840.1.113883.6.1" codeSystemName = "LOINC" displayName = "Problem"/>
                                    </code>
                                    <text>
                                        <reference value = "#problems1"/>
                                    </text>
                                    <statusCode code = "completed"/>
                                    <effectiveTime>
                                        <low value = "20150722"/>
                                    </effectiveTime>
                                    <value xsi:type = "CD" code = "55607006" displayName = "Problem" codeSystem = "2.16.840.1.113883.6.96" codeSystemName = "SNOMED-CT">
                                        <originalText>
                                            <reference value = "#problems1"/>
                                        </originalText>
                                    </value>
                                </observation>
                            </entryRelationship>
                        </act>
                    </entry>
                </section>
            </component>
            <component>
                <section>
                    <templateId root = "2.16.840.1.113883.10.20.22.2.22.1" extension = "2015-08-01"/>
                    <templateId root = "2.16.840.1.113883.10.20.22.2.22.1"/>
                    <code code = "46240-8" codeSystem = "2.16.840.1.113883.6.1" codeSystemName = "LOINC" displayName = "History of encounters"/>
                    <title>ENCOUNTERS</title>
                    <text>
                        <table border = "1" width = "100%">
                            <thead>
                                <tr>
                                    <th>Encounter</th>
                                    <th>Location</th>
                                    <th>Date</th>
                                </tr>
                            </thead>
                            <tbody>
                                <tr>
                                    <td ID = "Encounter1">Annual Health Maintenance, History and Physical</td>
                                    <td>Neighborhood Physicians Practice</td>
                                    <td>07/22/2015 2pm EST</td>
                                </tr>
                            </tbody>
                        </table>
                    </text>
                    <entry typeCode = "DRIV">
                        <encounter classCode = "ENC" moodCode = "EVN">
                            <templateId root = "2.16.840.1.113883.10.20.22.4.49" extension = "2015-08-01"/>
                            <templateId root = "2.16.840.1.113883.10.20.22.4.49"/>
                            <id root = "2a620155-9d11-449e-92b3-5d9815ff4de8"/>
                            <code code = "699134002" displayName = "Annual Health Maintenance, History and Physical" codeSystemName = "SNOMED-CT" codeSystem = "2.16.840.1.113883.6.96">
                                <originalText>
                                    <reference value = "#Encounter1"/>
                                </originalText>
                            </code>
                            <effectiveTime value = "20150722"/>
                            <participant typeCode = "LOC">
                                <participantRole classCode = "SDLOC">
                                    <templateId root = "2.16.840.1.113883.10.20.22.4.32"/>
                                    <code code = "1160-1" codeSystem = "2.16.840.1.113883.6.259" codeSystemName = "HL7 HealthcareServiceLocation" displayName = "Urgent Care Center"/>
                                    <addr>
                                        <streetAddressLine>2472 Rocky place</streetAddressLine>
                                        <city>Beaverton</city>
                                        <state>OR</state>
                                        <postalCode>97006</postalCode>
                                        <country>US</country>
                                    </addr>
                                    <telecom value = "tel:+1(555)-555-1002" use = "WP"/>
                                    <playingEntity classCode = "PLC">
                                        <name>Neighborhood Physicians Practice</name>
                                    </playingEntity>
                                </participantRole>
                            </participant>
                        </encounter>
                    </entry>
                </section>
            </component>
            <component>
                <section>
                    <templateId root = "2.16.840.1.113883.10.20.22.2.2.1" extension = "2014-06-09"/>
                    <templateId root = "2.16.840.1.113883.10.20.22.2.2.1"/>
                    <code code = "11369-6" codeSystem = "2.16.840.1.113883.6.1" codeSystemName = "LOINC" displayName = "History of immunizations"/>
                    <title>IMMUNIZATIONS</title>
                    <text>No known immunization history</text>
                    <entry typeCode = "DRIV">
                        <substanceAdministration classCode = "SBADM" moodCode = "EVN" negationInd = "true">
                            <templateId root = "2.16.840.1.113883.10.20.22.4.52" extension = "2015-08-01"/>
                            <templateId root = "2.16.840.1.113883.10.20.22.4.52"/>
                            <id root = "de10790f-1496-4729-8fe6-f1b87b6219f7"/>
                            <statusCode code = "active"/>
                            <effectiveTime nullFlavor = "NA"/>
                            <routeCode nullFlavor = "NA"/>
                            <consumable>
                                <manufacturedProduct classCode = "MANU">
                                    <templateId root = "2.16.840.1.113883.10.20.22.4.54" extension = "2014-06-09"/>
                                    <templateId root = "2.16.840.1.113883.10.20.22.4.54"/>
                                    <manufacturedMaterial>
                                        <code nullFlavor = "OTH">
                                            <originalText>Vaccination</originalText>
                                            <translation code = "71181003" displayName = "vaccine" codeSystem = "2.16.840.1.113883.6.96" codeSystemName = "SNOMED-CT"/>
                                        </code>
                                        <lotNumberText nullFlavor = "NA"/>
                                    </manufacturedMaterial>
                                </manufacturedProduct>
                            </consumable>
                        </substanceAdministration>
                    </entry>
                </section>
            </component>
            <component>
                <section>
                    <templateId root = "2.16.840.1.113883.10.20.22.2.4.1" extension = "2015-08-01"/>
                    <templateId root = "2.16.840.1.113883.10.20.22.2.4.1"/>
                    <code code = "8716-3" codeSystem = "2.16.840.1.113883.6.1" codeSystemName = "LOINC" displayName = "VITAL SIGNS"/>
                    <title>VITAL SIGNS</title>
                    <text>
                        <table border = "1" width = "100%">
                            <thead>
                                <tr>
                                    <th>Vital</th>
                                    <th>Value</th>
                                    <th>Date</th>
                                    <th>Time</th>
                                </tr>
                            </thead>
                            <tbody>
                                <tr>
                                    <th align = "left">Height</th>
                                    <td ID = "vit1">177 cm</td>
                                    <td>07/22/2015</td>
                                    <td>2:05 pm EST</td>
                                </tr>
                                <tr>
                                    <th align = "left">Weight</th>
                                    <td ID = "vit2">88 kg</td>
                                    <td>07/22/2015</td>
                                    <td>2:10 pm EST</td>
                                </tr>
                                <tr>
                                    <th align = "left">Blood Pressure - Diastolic</th>
                                    <td ID = "vit3">88 mm[Hg]</td>
                                    <td>07/22/2015</td>
                                    <td>2:10 pm EST</td>
                                </tr>
                                <tr>
                                    <th align = "left">Blood Pressure - Systolic</th>
                                    <td ID = "vit4">145 mm[Hg]</td>
                                    <td>07/22/2015</td>
                                    <td>2:10 pm EST</td>
                                </tr>
                            </tbody>
                        </table>
                    </text>
                    <entry typeCode = "DRIV">
                        <organizer classCode = "CLUSTER" moodCode = "EVN">
                            <templateId root = "2.16.840.1.113883.10.20.22.4.26" extension = "2015-08-01"/>
                            <templateId root = "2.16.840.1.113883.10.20.22.4.26"/>
                            <id root = "31b73bd0-cffc-4599-903e-dbe54bc56cb4"/>
                            <code code = "46680005" codeSystem = "2.16.840.1.113883.6.96" codeSystemName = "SNOMED-CT" displayName = "Vital signs">
                                <translation code = "74728-7" codeSystem = "2.16.840.1.113883.6.1" codeSystemName = "LOINC" displayName = "Vital signs"/>
                            </code>
                            <statusCode code = "completed"/>
                            <effectiveTime>
                                <low value = "20150722"/>
                                <high value = "20150722"/>
                            </effectiveTime>
                            <component>
                                <observation classCode = "OBS" moodCode = "EVN">
                                    <templateId root = "2.16.840.1.113883.10.20.22.4.27" extension = "2014-06-09"/>
                                    <templateId root = "2.16.840.1.113883.10.20.22.4.27"/>
                                    <id root = "ed9589fd-fda0-42f7-a3d0-dc537554f5c2"/>
                                    <code code = "8302-2" codeSystem = "2.16.840.1.113883.6.1" codeSystemName = "LOINC" displayName = "Height"/>
                                    <statusCode code = "completed"/>
                                    <effectiveTime value = "201507221405-0500"/>
                                    <value xsi:type = "PQ" value = "177" unit = "cm"/>
                                    <interpretationCode code = "N" codeSystem = "2.16.840.1.113883.5.83"/>
                                </observation>
                            </component>
                            <component>
                                <observation classCode = "OBS" moodCode = "EVN">
                                    <templateId root = "2.16.840.1.113883.10.20.22.4.27" extension = "2014-06-09"/>
                                    <templateId root = "2.16.840.1.113883.10.20.22.4.27"/>
                                    <id root = "f4e729e2-a97f-4a7e-8e24-c92f9b6b55cf"/>
                                    <code code = "29463-7" codeSystem = "2.16.840.1.113883.6.1" codeSystemName = "LOINC" displayName = "Patient Body Weight - Measured"/>
                                    <statusCode code = "completed"/>
                                    <effectiveTime value = "201507221405-0500"/>
                                    <value xsi:type = "PQ" value = "88" unit = "kg"/>
                                    <interpretationCode code = "N" codeSystem = "2.16.840.1.113883.5.83"/>
                                </observation>
                            </component>
                            <component>
                                <observation classCode = "OBS" moodCode = "EVN">
                                    <templateId root = "2.16.840.1.113883.10.20.22.4.27" extension = "2014-06-09"/>
                                    <templateId root = "2.16.840.1.113883.10.20.22.4.27"/>
                                    <id root = "1c2748b7-e440-42ba-bc02-dde97d84a036"/>
                                    <code code = "8462-4" codeSystem = "2.16.840.1.113883.6.1" codeSystemName = "LOINC" displayName = "BP Diastolic"/>
                                    <statusCode code = "completed"/>
                                    <effectiveTime value = "201507221410-0500"/>
                                    <value xsi:type = "PQ" value = "88" unit = "mm[Hg]"/>
                                    <interpretationCode code = "N" codeSystem = "2.16.840.1.113883.5.83"/>
                                </observation>
                            </component>
                            <component>
                                <observation classCode = "OBS" moodCode = "EVN">
                                    <templateId root = "2.16.840.1.113883.10.20.22.4.27" extension = "2014-06-09"/>
                                    <templateId root = "2.16.840.1.113883.10.20.22.4.27"/>
                                    <id root = "a0e39c70-9675-4b2a-9837-cdf74200d8d5"/>
                                    <code code = "8480-6" codeSystem = "2.16.840.1.113883.6.1" codeSystemName = "LOINC" displayName = "Intravascular Systolic"/>
                                    <statusCode code = "completed"/>
                                    <effectiveTime value = "201507221410-0500"/>
                                    <value xsi:type = "PQ" value = "145" unit = "mm[Hg]"/>
                                    <interpretationCode code = "N" codeSystem = "2.16.840.1.113883.5.83"/>
                                </observation>
                            </component>
                        </organizer>
                    </entry>
                </section>
            </component>
            <component>
                <section>
                    <templateId root = "2.16.840.1.113883.10.20.22.2.17" extension = "2015-08-01"/>
                    <templateId root = "2.16.840.1.113883.10.20.22.2.17"/>
                    <code code = "29762-2" codeSystem = "2.16.840.1.113883.6.1" codeSystemName = "LOINC" displayName = "Social History"/>
                    <title>SOCIAL HISTORY</title>
                    <text>
                        <table border = "1" width = "100%">
                            <thead>
                                <tr>
                                    <th>Social History Observation</th>
                                    <th>Description</th>
                                    <th>Dates Observed</th>
                                </tr>
                            </thead>
                            <tbody>
                                <tr>
                                    <td>Current Smoking Status</td>
                                    <td>Current every day</td>
                                    <td>July 22, 2015</td>
                                </tr>
                                <tr>
                                    <td ID = "BirthSexInfo">Birth Sex</td>
                                    <td>Male</td>
                                    <td>August 1, 1980</td>
                                </tr>
                            </tbody>
                        </table>
                    </text>
                    <entry typeCode = "DRIV">
                        <observation classCode = "OBS" moodCode = "EVN">
                            <templateId root = "2.16.840.1.113883.10.20.22.4.78" extension = "2014-06-09"/>
                            <templateId root = "2.16.840.1.113883.10.20.22.4.78"/>
                            <id extension = "123456789" root = "2.16.840.1.113883.19"/>
                            <code code = "72166-2" codeSystem = "2.16.840.1.113883.6.1" codeSystemName = "LOINC" displayName = "Tobacco smoking status NHIS"/>
                            <statusCode code = "completed"/>
                            <effectiveTime value = "20150722"/>
                            <value xsi:type = "CD" code = "449868002" displayName = "Current every day smoker" codeSystem = "2.16.840.1.113883.6.96"/>
                        </observation>
                    </entry>
                    <entry>
                        <observation classCode = "OBS" moodCode = "EVN">
                            <templateId root = "2.16.840.1.113883.10.20.22.4.200" extension = "2016-06-01"/>
                            <code code = "76689-9" codeSystem = "2.16.840.1.113883.6.1" codeSystemName = "LOINC" displayName = "Sex Assigned At Birth"/>
                            <text>
                                <reference value = "#BirthSexInfo"/>
                            </text>
                            <statusCode code = "completed"/>
                            <value code = "M" codeSystem = "2.16.840.1.113883.5.1" xsi:type = "CD" displayName = "Male"/>
                        </observation>
                    </entry>
                </section>
            </component>
            <component>
                <section>
                    <templateId root = "2.16.840.1.113883.10.20.22.2.7.1" extension = "2014-06-09"/>
                    <templateId root = "2.16.840.1.113883.10.20.22.2.7.1"/>
                    <code code = "47519-4" codeSystem = "2.16.840.1.113883.6.1" codeSystemName = "LOINC" displayName = "HISTORY OF PROCEDURES"/>
                    <title>PROCEDURES</title>
                    <text>
                        <paragraph ID = "Proc1">No Procedure information</paragraph>
                    </text>
                    <entry>
                        <procedure classCode = "PROC" moodCode = "EVN" negationInd = "true">
                            <templateId root = "2.16.840.1.113883.10.20.22.4.14" extension = "2014-06-09"/>
                            <templateId root = "2.16.840.1.113883.10.20.22.4.14"/>
                            <id root = "d5b614bd-01ce-410d-8727-e1fd01dcc72a"/>
                            <code code = "71388002" codeSystem = "2.16.840.1.113883.6.96" displayName = "Procedure">
                                <originalText>
                                    <reference value = "#Proc1"/>
                                </originalText>
                            </code>
                            <statusCode code = "completed"/>
                            <effectiveTime nullFlavor = "NA"/>
                            <participant typeCode = "DEV">
                                <participantRole classCode = "MANU">
                                    <templateId root = "2.16.840.1.113883.10.20.22.4.37"/>
                                    <id nullFlavor = "NA" root = "2.16.840.1.113883.3.3719"/>
                                    <playingDevice>
                                        <code code = "40388003" codeSystem = "2.16.840.1.113883.6.96" displayName = "Implant"/>
                                    </playingDevice>
                                    <scopingEntity>
                                        <id root = "2.16.840.1.113883.3.3719"/>
                                    </scopingEntity>
                                </participantRole>
                            </participant>
                        </procedure>
                    </entry>
                </section>
            </component>
            <component>
                <section>
                    <templateId root = "2.16.840.1.113883.10.20.22.2.23" extension = "2014-06-09"/>
                    <code code = "46264-8" codeSystem = "2.16.840.1.113883.6.1"/>
                    <title>MEDICAL EQUIPMENT</title>
                    <text>
                        <paragraph ID = "Proc2">Patient has no history of implantable devices</paragraph>
                    </text>
                    <entry>
                        <procedure classCode = "PROC" moodCode = "EVN" negationInd = "true">
                            <templateId root = "2.16.840.1.113883.10.20.22.4.14"/>
                            <templateId root = "2.16.840.1.113883.10.20.22.4.14" extension = "2014-06-09"/>
                            <id root = "d5b614bd-01ce-410d-8728-e1fd01dcc72a"/>
                            <code code = "71388002" codeSystem = "2.16.840.1.113883.6.96" displayName = "Procedure"/>
                            <text>
                                <reference value = "#Proc2"/>
                            </text>
                            <statusCode code = "completed"/>
                            <effectiveTime nullFlavor = "NA"/>
                            <participant typeCode = "DEV">
                                <participantRole classCode = "MANU">
                                    <templateId root = "2.16.840.1.113883.10.20.22.4.37"/>
                                    <id nullFlavor = "NA" root = "2.16.840.1.113883.3.3719"/>
                                    <playingDevice>
                                        <code code = "40388003" codeSystem = "2.16.840.1.113883.6.96" displayName = "Implant"/>
                                    </playingDevice>
                                    <scopingEntity>
                                        <id root = "2.16.840.1.113883.3.3719"/>
                                    </scopingEntity>
                                </participantRole>
                            </participant>
                        </procedure>
                    </entry>
                </section>
            </component>
            <component>
                <section nullFlavor = "NI">
                    <templateId root = "2.16.840.1.113883.10.20.22.2.3.1" extension = "2015-08-01"/>
                    <templateId root = "2.16.840.1.113883.10.20.22.2.3.1"/>
                    <code code = "30954-2" codeSystem = "2.16.840.1.113883.6.1" codeSystemName = "LOINC" displayName = "RESULTS"/>
                    <title>RESULTS/DIAGNOSTIC IMAGING REPORTS</title>
                    <text>No Lab Test required. No Lab results.</text>
                </section>
            </component>
            <component>
                <section>
                    <templateId root = "2.16.840.1.113883.10.20.22.2.8"/>
                    <code codeSystem = "2.16.840.1.113883.6.1" codeSystemName = "LOINC" code = "51848-0" displayName = "ASSESSMENTS"/>
                    <title>ASSESSMENTS</title>
                    <text>The patient was found to be healthy and advised to follow his current routine of exercise, work, sleep and quality of life.</text>
                </section>
            </component>
            <component>
                <section>
                    <templateId root = "2.16.840.1.113883.10.20.22.2.10" extension = "2014-06-09"/>
                    <templateId root = "2.16.840.1.113883.10.20.22.2.10"/>
                    <code code = "18776-5" codeSystem = "2.16.840.1.113883.6.1" codeSystemName = "LOINC" displayName = "Treatment plan"/>
                    <title>TREATMENT PLAN</title>
                    <text>
                        <content styleCode = "Bold">Hand-off Communication:</content>
                        <br/>
                        <br/>
                        <table border = "1" width = "100%">
                            <thead>
                                <tr>
                                    <th>Planned Care</th>
                                    <th>Start Date</th>
                                </tr>
                            </thead>
                            <tbody>
                                <tr>
                                    <td>Schedule a visit for next year.</td>
                                    <td>July 22, 2016</td>
                                </tr>
                            </tbody>
                        </table>
                    </text>
                    <entry>
                        <encounter classCode = "ENC" moodCode = "INT">
                            <templateId root = "2.16.840.1.113883.10.20.22.4.40" extension = "2014-06-09"/>
                            <templateId root = "2.16.840.1.113883.10.20.22.4.40"/>
                            <id root = "1.3.6.1.42424242.4.99930.4.3.4"/>
                            <code codeSystem = "2.16.840.1.113883.6.96" codeSystemName = "SNOMED-CT" code = "11429006" displayName = "consultation"/>
                            <statusCode code = "active"/>
                            <effectiveTime>
                                <low value = "20160722"/>
                            </effectiveTime>
                            <performer>
                                <assignedEntity>
                                    <id root = "2.16.840.1.113883.19.5.9999.456" extension = "2981823"/>
                                    <addr use = "WP">
                                        <streetAddressLine>2472 Rocky place</streetAddressLine>
                                        <city>Beaverton</city>
                                        <state>OR</state>
                                        <postalCode>97006</postalCode>
                                        <country>US</country>
                                    </addr>
                                    <telecom value = "tel:+1(555)-555-1002" use = "WP"/>
                                    <representedOrganization>
                                        <id extension = "99999999" root = "2.16.840.1.113883.4.6"/>
                                        <name>Neighborhood Physicians Practice</name>
                                        <telecom value = "tel:+1(555)-555-1002" use = "WP"/>
                                        <addr use = "WP">
                                            <streetAddressLine>2472 Rocky place</streetAddressLine>
                                            <city>Beaverton</city>
                                            <state>OR</state>
                                            <postalCode>97006</postalCode>
                                            <country>US</country>
                                        </addr>
                                    </representedOrganization>
                                </assignedEntity>
                            </performer>
                            <entryRelationship typeCode = "RSON">
                                <observation classCode = "OBS" moodCode = "EVN">
                                    <templateId root = "2.16.840.1.113883.10.20.22.4.19" extension = "2014-06-09"/>
                                    <templateId root = "2.16.840.1.113883.10.20.22.4.19"/>
                                    <id root = "1.3.6.1.4.1.42424242.4.12354.4.4.4.5.4"/>
                                    <code codeSystem = "2.16.840.1.113883.6.96" codeSystemName = "SNOMED-CT" code = "185349003" displayName = "encounter for 'check-up' (procedure)"/>
                                    <text>Schedule a visit for next year.</text>
                                    <statusCode code = "completed"/>
                                    <effectiveTime>
                                        <low value = "20160722"/>
                                    </effectiveTime>
                                </observation>
                            </entryRelationship>
                        </encounter>
                    </entry>
                </section>
            </component>
            <component>
                <section nullFlavor = "NI">
                    <templateId root = "2.16.840.1.113883.10.20.22.2.60"/>
                    <code code = "61146-7" displayName = "Goals" codeSystem = "2.16.840.1.113883.6.1" codeSystemName = "LOINC"/>
                    <title>Goals Section</title>
                    <text>No Goals Information</text>
                </section>
            </component>
            <component>
                <section nullFlavor = "NI">
                    <templateId root = "2.16.840.1.113883.10.20.22.2.58" extension = "2015-08-01"/>
                    <code code = "75310-3" displayName = "Health Concerns Document" codeSystem = "2.16.840.1.113883.6.1" codeSystemName = "LOINC"/>
                    <title>Health Concerns</title>
                    <text>No Health Concerns Information</text>
                </section>
            </component>
            <component>
                <section nullFlavor = "NI">
                    <templateId root = "2.16.840.1.113883.10.20.22.2.56" extension = "2015-08-01"/>
                    <code code = "10190-7" codeSystem = "2.16.840.1.113883.6.1" codeSystemName = "LOINC" displayName = "MENTAL STATUS"/>
                    <title>MENTAL STATUS</title>
                    <text>No Mental Status information</text>
                </section>
            </component>
            <component>
                <section>
                    <templateId root = "1.3.6.1.4.1.19376.1.5.3.1.3.1" extension = "2014-06-09"/>
                    <templateId root = "1.3.6.1.4.1.19376.1.5.3.1.3.1"/>
                    <code code = "42349-1" codeSystem = "2.16.840.1.113883.6.1" codeSystemName = "LOINC" displayName = "Reason for Referral"/>
                    <title>REASON FOR REFERRAL</title>
                    <text>No Information</text>
                </section>
            </component>
        </structuredBody>
    </component>
</ClinicalDocument>
