<?xml version="1.0" encoding="UTF-8"?>
<ClinicalDocument xmlns:xsi="http://www.w3.org/2001/XMLSchema-instance" xmlns="urn:hl7-org:v3" xmlns:sdtc="urn:hl7-org:sdtc" xmlns:voc="urn:hl7-org:v3/voc" xsi:schemaLocation="urn:hl7-org:v3 CDA.xsd">
  <realmCode code="US"/>
  <typeId root="2.16.840.1.113883.1.3" extension="POCD_HD000040"/>
  <templateId root="2.16.840.1.113883.10.20.22.1.1" extension="2015-08-01"/>
  <templateId root="2.16.840.1.113883.10.20.22.1.2" extension="2015-08-01"/>
  <id root="2.16.840.1.113883.3.1579.7277837785.1.100" extension="54bc120f-60c3-4dac-b328-d26c427c506e" assigningAuthorityName="HMS DOCUMENT ID"/>
  <code code="34133-9" codeSystem="2.16.840.1.113883.6.1" codeSystemName="LOINC" displayName="Summarization of Episode Note"/>
  <title>Continuity of Care Document</title>
  <effectiveTime value="20161201205631+0000"/>
  <confidentialityCode code="N" codeSystem="2.16.840.1.113883.5.25"/>
  <languageCode code="en-US"/>
  <setId root="2.16.840.1.113883.3.1579.7277837785.1.101" extension="001.81521.4005266.00010101060000.00010101060000.2" assigningAuthorityName="HMS SET ID"/>
  <versionNumber value="1"/>
  <recordTarget>
    <patientRole>
      <id root="2.16.840.1.113883.3.1579.7277837785.1.200" extension="81521" assigningAuthorityName="HMS MRN"/>
      <id root="2.16.840.1.113883.3.1579.7277837785.1.300" extension="4005266" assigningAuthorityName="HMS PATIENT ACCOUNT NUMBER"/>
      <addr use="HP"><streetAddressLine>1357 AMBER DRIVE</streetAddressLine><city>BEAVERTON</city><state>OR</state><postalCode>97006</postalCode></addr>
      <telecom value="tel:(816)276-6909" use="HP"/>
      <patient>
        <name use="L"><given>MYRA</given><family>JONES</family></name>
        <administrativeGenderCode code="F" codeSystem="2.16.840.1.113883.5.1" codeSystemName="Administrative Gender" displayName="Female"/>
        <birthTime value="19470501"/>
        <raceCode code="2106-3" codeSystem="2.16.840.1.113883.6.238" codeSystemName="Race and Ethnicity - CDC" displayName="White"/>
        <ethnicGroupCode code="2186-5" codeSystem="2.16.840.1.113883.6.238" codeSystemName="Race and Ethnicity - CDC" displayName="Not Hispanic or Latino"/>
        <languageCommunication>
          <languageCode code="en"/>
          <preferenceInd value="true"/>
        </languageCommunication>
      </patient>
    </patientRole>
  </recordTarget>
  <author>
    <time value="20161201205631+0000"/>
    <assignedAuthor>
      <id root="2.16.840.1.113883.4.6" extension="1679502322" assigningAuthorityName="National Provider ID (NPI)"/>
      <code code="261QE0002X" codeSystem="2.16.840.1.113883.6.101" codeSystemName="NUCC Health Care Provider Taxonomy" displayName="Emergency Care"/>
      <addr use="WP"><streetAddressLine>6550 CAROTHERS PKWY</streetAddressLine><city>FRANKLIN</city><state>TN</state><postalCode>370670000</postalCode></addr>
      <telecom value="tel:(217)465-4141" use="WP"/>
      <assignedPerson>
        <name>MU CERTIFY HOSPITAL</name>
      </assignedPerson>
    </assignedAuthor>
  </author>
  <custodian>
    <assignedCustodian>
      <representedCustodianOrganization>
        <id root="2.16.840.1.113883.3.1579.7277837785.1.500" extension="001" assigningAuthorityName="HMS HOSPITAL NUMBER"/>
        <name>MU CERTIFY HOSPITAL</name>
        <telecom value="tel:(217)465-4141" use="WP"/>
        <addr use="WP"><streetAddressLine>6550 CAROTHERS PKWY</streetAddressLine><city>FRANKLIN</city><state>TN</state><postalCode>370670000</postalCode></addr>
      </representedCustodianOrganization>
    </assignedCustodian>
  </custodian>
  <documentationOf>
    <serviceEvent classCode="PCPR">
      <effectiveTime>
        <low value="20161128175300+0000"/>
        <high value="20161201205631+0000"/>
      </effectiveTime>
      <performer typeCode="PRF">
        <functionCode code="ADMPHYS" codeSystem="2.16.840.1.113883.5.88" codeSystemName="ParticipationFunction" displayName="Admitting"/>
        <assignedEntity classCode="ASSIGNED">
          <id root="2.16.840.1.113883.4.6" extension="123123123"/>
          <code code="208D00000X" codeSystem="2.16.840.1.113883.6.101" codeSystemName="NUCC Health Care Provider Taxonomy" displayName="General Practice"/>
          <addr><streetAddressLine>1002 HEALTHCARE DRIVE</streetAddressLine><city>PORTLAND</city><state>OR</state><postalCode>97266</postalCode></addr>
          <telecom value="tel:(555)555-1002" use="WP"/>
          <assignedPerson>
            <name><given>SEVEN</given><family>HENRY</family></name>
          </assignedPerson>
        </assignedEntity>
      </performer>
      <performer typeCode="PRF">
        <functionCode code="ATTPHYS" codeSystem="2.16.840.1.113883.5.88" codeSystemName="ParticipationFunction" displayName="Primary Attending"/>
        <assignedEntity classCode="ASSIGNED">
          <id root="2.16.840.1.113883.4.6" extension="123123123"/>
          <code code="208D00000X" codeSystem="2.16.840.1.113883.6.101" codeSystemName="NUCC Health Care Provider Taxonomy" displayName="General Practice"/>
          <addr><streetAddressLine>1002 HEALTHCARE DRIVE</streetAddressLine><city>PORTLAND</city><state>OR</state><postalCode>97266</postalCode></addr>
          <telecom value="tel:(555)555-1002" use="WP"/>
          <assignedPerson>
            <name><given>SEVEN</given><family>HENRY</family></name>
          </assignedPerson>
        </assignedEntity>
      </performer>
    </serviceEvent>
  </documentationOf>
  <componentOf>
    <encompassingEncounter>
      <id root="2.16.840.1.113883.3.1579.7277837785.1.300" extension="4005266" assigningAuthorityName="HMS PATIENT ACCOUNT NUMBER"/>
      <code code="32485007" codeSystem="2.16.840.1.113883.6.96" codeSystemName="SNOMED CT" displayName="Hospital Admission"/>
      <effectiveTime>
        <low value="20161128175300+0000"/>
        <high value="20161201205600+0000"/>
      </effectiveTime>
      <dischargeDispositionCode code="1" codeSystem="2.16.840.1.113883.12.112" codeSystemName="HL7 Discharge Disposition" displayName="DISCHARGED HOME/SELF CARE"/>
    </encompassingEncounter>
  </componentOf>
  <component>
    <structuredBody>
      <component>
        <section>
          <templateId root="2.16.840.1.113883.10.20.22.2.6.1" extension="2015-08-01"/>
          <templateId root="2.16.840.1.113883.10.20.22.2.6.1"/>
          <code code="48765-2" codeSystem="2.16.840.1.113883.6.1" codeSystemName="LOINC" displayName="Allergies and adverse reactions Document"/>
          <title>ALLERGIES AND ADVERSE REACTIONS</title>
          <text><table border="1" width="100%"><caption>ALLERGIES AND ADVERSE REACTIONS</caption><thead><tr><th>Code</th><th>System</th><th>Allergy Substance</th><th>Adverse Reaction Date</th><th>Reaction (Severity)</th><th>Comment</th><th>Status</th><th>Reported By</th><th>Entered By</th></tr></thead><tbody><tr><td>2670</td><td>RXNorm</td><td>Codeine</td><td/><td>Adverse reaction to substance (Moderate)</td><td>shortness of breath</td><td>active</td><td/><td>HMS on December 1, 2016 12:19:01 AM UTC</td></tr></tbody></table></text>
          <entry typeCode="DRIV">
            <act classCode="ACT" moodCode="EVN">
              <templateId root="2.16.840.1.113883.10.20.22.4.30" extension="2015-08-01"/>
              <templateId root="2.16.840.1.113883.10.20.22.4.30"/>
              <id root="b98645cf-4148-48ba-9db0-d784cb5cc0c3"/>
              <code code="CONC" codeSystem="2.16.840.1.113883.5.6" codeSystemName="HL7 Act Class" displayName="Problem Concern"/>
              <statusCode code="active"/>
              <effectiveTime>
                <low nullFlavor="UNK"/>
                <high nullFlavor="UNK"/>
              </effectiveTime>
              <entryRelationship typeCode="SUBJ">
                <observation classCode="OBS" moodCode="EVN">
                  <templateId root="2.16.840.1.113883.10.20.22.4.7" extension="2014-06-09"/>
                  <templateId root="2.16.840.1.113883.10.20.22.4.7"/>
                  <id root="0674f195-fd25-498c-8f94-d354c105611e"/>
                  <code code="ASSERTION" codeSystem="2.16.840.1.113883.5.4" codeSystemName="ActCode" displayName="Alert Observation"/>
                  <statusCode code="completed"/>
                  <effectiveTime>
                    <low nullFlavor="UNK"/>
                    <high nullFlavor="UNK"/>
                  </effectiveTime>
                  <value xsi:type="CD" code="416098002" codeSystem="2.16.840.1.113883.6.96" codeSystemName="SNOMED CT" displayName="Drug Allergy"/>
                  <participant typeCode="CSM">
                    <participantRole classCode="MANU">
                      <playingEntity classCode="MMAT">
                        <code code="2670" codeSystem="2.16.840.1.113883.6.88" codeSystemName="RXNorm">
                          <originalText>Codeine</originalText>
                          <translation code="337" codeSystem="2.16.840.1.113883.3.1579.7277837785.1.700" codeSystemName="HMS ALLERGY" displayName="Codeine"/>
                        </code>
                        <name>Codeine</name>
                      </playingEntity>
                    </participantRole>
                  </participant>
                  <entryRelationship typeCode="MFST" inversionInd="true">
                    <observation classCode="OBS" moodCode="EVN">
                      <templateId root="2.16.840.1.113883.10.20.22.4.9" extension="2014-06-09"/>
                      <templateId root="2.16.840.1.113883.10.20.22.4.9"/>
                      <id root="ecdae575-b794-4c4f-a526-a2ac301437f7"/>
                      <code code="ASSERTION" codeSystem="2.16.840.1.113883.5.4" codeSystemName="ActCode"/>
                      <statusCode code="completed"/>
                      <value xsi:type="CD" code="282100009" codeSystem="2.16.840.1.113883.6.96" codeSystemName="SNOMED CT" displayName="Adverse reaction to substance"/>
                      <entryRelationship typeCode="SUBJ" inversionInd="true">
                        <observation classCode="OBS" moodCode="EVN">
                          <templateId root="2.16.840.1.113883.10.20.22.4.8" extension="2014-06-09"/>
                          <templateId root="2.16.840.1.113883.10.20.22.4.8"/>
                          <id root="62ea9ddf-1bb9-48b9-bd53-827a2f2c7d9c"/>
                          <code code="SEV" codeSystem="2.16.840.1.113883.5.4" codeSystemName="ActCode" displayName="Severity Observation"/>
                          <statusCode code="completed"/>
                          <value xsi:type="CD" code="6736007" codeSystem="2.16.840.1.113883.6.96" codeSystemName="SNOMED CT" displayName="Moderate"/>
                        </observation>
                      </entryRelationship>
                    </observation>
                  </entryRelationship>
                </observation>
              </entryRelationship>
            </act>
          </entry>
        </section>
      </component>
      <component>
        <section>
          <templateId root="2.16.840.1.113883.10.20.22.2.8"/>
          <code code="51848-0" codeSystem="2.16.840.1.113883.6.1" codeSystemName="LOINC" displayName="ASSESSMENTS"/>
          <title>ASSESSMENTS</title>
          <text>Pneumonia ;  </text>
        </section>
      </component>
      <component>
        <section>
          <templateId root="2.16.840.1.113883.10.20.22.2.15" extension="2015-08-01"/>
          <templateId root="2.16.840.1.113883.10.20.22.2.15"/>
          <code code="10157-6" codeSystem="2.16.840.1.113883.6.1" codeSystemName="LOINC" displayName="FAMILY HISTORY"/>
          <title>FAMILY HISTORY</title>
          <text><table border="1" width="100%"><caption>FAMILY HISTORY</caption><tbody><tr><th colspan="3" align="left">RELATION: Father</th></tr><tr><td colspan="3" align="left"> Status: DECEASED <br/>Cause of Death: Myocardial infarction<br/>Age at Death: 57</td></tr><tr><th>SNOMED-CT</th><th>Diagnosis</th><th>Age At Onset</th></tr><tr><td>22298006</td><td>Myocardial infarction</td><td>57</td></tr><tr><td>73211009</td><td>Diabetes mellitus</td><td>40</td></tr></tbody></table></text>
          <entry typeCode="DRIV">
            <organizer classCode="CLUSTER" moodCode="EVN">
              <templateId root="2.16.840.1.113883.10.20.22.4.45" extension="2015-08-01"/>
              <templateId root="2.16.840.1.113883.10.20.22.4.45"/>
              <id root="390eeea0-2c9d-4bbe-b033-72da2abd64bd"/>
              <statusCode code="completed"/>
              <subject>
                <relatedSubject classCode="PRS">
                  <code code="FTH" codeSystem="2.16.840.1.113883.5.111" codeSystemName="RoleCode" displayName="Father"/>
                  <subject>
                    <administrativeGenderCode code="M" codeSystem="2.16.840.1.113883.5.1" codeSystemName="Administrative Gender" displayName="MALE"/>
                    <birthTime nullFlavor="UNK"/>
                    <sdtc:deceasedInd value="true"/>
                  </subject>
                </relatedSubject>
              </subject>
              <component>
                <observation classCode="OBS" moodCode="EVN">
                  <templateId root="2.16.840.1.113883.10.20.22.4.46" extension="2015-08-01"/>
                  <id root="b2e8d75b-d81f-4650-9fa1-c1f4bc07eb41"/>
                  <code code="64572001" codeSystem="2.16.840.1.113883.6.96" codeSystemName="SNOMED CT" displayName="Condition">
                    <translation code="75323-6" codeSystem="2.16.840.1.113883.6.1" codeSystemName="LOINC" displayName="Condition"/>
                  </code>
                  <statusCode code="completed"/>
                  <effectiveTime value="20161201185509+0000"/>
                  <value xsi:type="CD" code="22298006" codeSystem="2.16.840.1.113883.6.96" codeSystemName="SNOMED CT" displayName="Myocardial infarction"/>
                  <entryRelationship typeCode="CAUS">
                    <observation classCode="OBS" moodCode="EVN">
                      <templateId root="2.16.840.1.113883.10.20.22.4.47"/>
                      <id root="c3ed6b1c-c368-490b-8192-8a6a8a2f52ba"/>
                      <code code="ASSERTION" codeSystem="2.16.840.1.113883.5.4"/>
                      <statusCode code="completed"/>
                      <value xsi:type="CD" code="419099009" codeSystem="2.16.840.1.113883.6.96" displayName="DEAD"/>
                    </observation>
                  </entryRelationship>
                </observation>
              </component>
              <component>
                <observation classCode="OBS" moodCode="EVN">
                  <templateId root="2.16.840.1.113883.10.20.22.4.46" extension="2015-08-01"/>
                  <id root="f93fad3b-c866-4ff7-a344-edb0459f8253"/>
                  <code code="64572001" codeSystem="2.16.840.1.113883.6.96" codeSystemName="SNOMED CT" displayName="Condition">
                    <translation code="75323-6" codeSystem="2.16.840.1.113883.6.1" codeSystemName="LOINC" displayName="Condition"/>
                  </code>
                  <statusCode code="completed"/>
                  <effectiveTime value="20161201185509+0000"/>
                  <value xsi:type="CD" code="22298006" codeSystem="2.16.840.1.113883.6.96" codeSystemName="SNOMED CT" displayName="Myocardial infarction"/>
                  <entryRelationship typeCode="SUBJ" inversionInd="true">
                    <observation classCode="OBS" moodCode="EVN">
                      <templateId root="2.16.840.1.113883.10.20.22.4.31"/>
                      <code code="445518008" codeSystem="2.16.840.1.113883.6.96" codeSystemName="SNOMED CT" displayName="Age at Onset"/>
                      <statusCode code="completed"/>
                      <value xsi:type="PQ" value="57.0" unit="a"/>
                    </observation>
                  </entryRelationship>
                </observation>
              </component>
              <component>
                <observation classCode="OBS" moodCode="EVN">
                  <templateId root="2.16.840.1.113883.10.20.22.4.46" extension="2015-08-01"/>
                  <id root="83f5aae9-483a-4a96-b8cc-c63e7d944668"/>
                  <code code="64572001" codeSystem="2.16.840.1.113883.6.96" codeSystemName="SNOMED CT" displayName="Condition">
                    <translation code="75323-6" codeSystem="2.16.840.1.113883.6.1" codeSystemName="LOINC" displayName="Condition"/>
                  </code>
                  <statusCode code="completed"/>
                  <effectiveTime value="20161201185509+0000"/>
                  <value xsi:type="CD" code="73211009" codeSystem="2.16.840.1.113883.6.96" codeSystemName="SNOMED CT" displayName="Diabetes mellitus"/>
                  <entryRelationship typeCode="SUBJ" inversionInd="true">
                    <observation classCode="OBS" moodCode="EVN">
                      <templateId root="2.16.840.1.113883.10.20.22.4.31"/>
                      <code code="445518008" codeSystem="2.16.840.1.113883.6.96" codeSystemName="SNOMED CT" displayName="Age at Onset"/>
                      <statusCode code="completed"/>
                      <value xsi:type="PQ" value="40.0" unit="a"/>
                    </observation>
                  </entryRelationship>
                </observation>
              </component>
            </organizer>
          </entry>
        </section>
      </component>
      <component>
        <section>
          <templateId root="2.16.840.1.113883.10.20.22.2.14" extension="2014-06-09"/>
          <code code="47420-5" codeSystem="2.16.840.1.113883.6.1" codeSystemName="LOINC" displayName="FUNCTIONAL STATUS"/>
          <title>FUNCTIONAL STATUS</title>
          <text><table border="1" width="100%"><caption>FUNCTIONAL STATUS</caption><tbody><tr><td align="left" colspan="5">Section: Mobilizes using mobility aids<br/>Comments: </td></tr></tbody><tbody><tr align="center"><td>Description</td><td>SNOMED_CT</td><td>Yes/No</td><td>Comments</td><td>Entered On</td></tr></tbody><tbody><tr><td>Cane</td><td>87405001</td><td>Yes</td><td/><td>December 1, 2016 12:31:44 AM UTC</td></tr></tbody></table></text>
          <entry>
            <observation classCode="OBS" moodCode="EVN">
              <templateId root="2.16.840.1.113883.10.20.22.4.67" extension="2014-06-09"/>
              <id root="f6917937-bbe3-45ab-bf0e-41a12ad0a537"/>
              <code xsi:type="CE" code="54522-8" codeSystem="2.16.840.1.113883.6.1" codeSystemName="LOINC" displayName="FUNCTIONAL STATUS"/>
              <statusCode code="completed"/>
              <effectiveTime>
                <low value="20161201003144+0000"/>
                <high nullFlavor="UNK"/>
              </effectiveTime>
              <value xsi:type="CD" code="87405001" codeSystem="2.16.840.1.113883.6.96" codeSystemName="SNOMED CT" displayName="Cane"/>
            </observation>
          </entry>
        </section>
      </component>
      <component>
        <section nullFlavor="NI">
          <templateId root="2.16.840.1.113883.10.20.22.2.56" extension="2015-08-01"/>
          <code code="10190-7" codeSystem="2.16.840.1.113883.6.1" codeSystemName="LOINC" displayName="Mental Status"/>
          <title>MENTAL STATUS</title>
          <text><table border="1" width="100%"><caption>MENTAL STATUS</caption><tbody><tr><td colspan="5">Mental Status information is not available.</td></tr></tbody></table></text>
        </section>
      </component>
      <component>
        <section>
          <templateId root="2.16.840.1.113883.10.20.22.2.5.1" extension="2015-08-01"/>
          <templateId root="2.16.840.1.113883.10.20.22.2.5.1"/>
          <code code="11450-4" codeSystem="2.16.840.1.113883.6.1" codeSystemName="LOINC" displayName="Problem List"/>
          <title>PROBLEMS</title>
          <text><table border="1" width="100%"><caption>PATIENT PROBLEMS</caption><thead><tr><th>Code</th><th>Description/Comments</th><th>Status</th><th>Date</th><th>Entered By</th></tr></thead><tbody><tr><td>233604007</td><td>Pneumonia</td><td>active</td><td>December 1, 2016 6:52:56 PM UTC</td><td>hms</td></tr></tbody></table></text>
          <entry typeCode="DRIV">
            <act classCode="ACT" moodCode="EVN">
              <templateId root="2.16.840.1.113883.10.20.22.4.3" extension="2015-08-01"/>
              <templateId root="2.16.840.1.113883.10.20.22.4.3"/>
              <id root="e3ece6ac-718e-4360-af8a-b0a16a3eaa6d"/>
              <code code="CONC" codeSystem="2.16.840.1.113883.5.6" codeSystemName="HL7 Act Class" displayName="Concern"/>
              <statusCode code="active"/>
              <effectiveTime>
                <low nullFlavor="UNK"/>
                <high nullFlavor="UNK"/>
              </effectiveTime>
              <entryRelationship typeCode="SUBJ">
                <observation classCode="OBS" moodCode="EVN">
                  <templateId root="2.16.840.1.113883.10.20.22.4.4" extension="2015-08-01"/>
                  <templateId root="2.16.840.1.113883.10.20.22.4.4"/>
                  <id root="9f6a0e19-1f71-4cd8-a074-100d96954554"/>
                  <code code="55607006" codeSystem="2.16.840.1.113883.6.96" codeSystemName="SNOMED CT" displayName="Problem">
                    <translation code="75326-9" codeSystem="2.16.840.1.113883.6.1" codeSystemName="LOINC" displayName="Problem"/>
                  </code>
                  <statusCode code="completed"/>
                  <effectiveTime>
                    <low nullFlavor="UNK"/>
                    <high nullFlavor="UNK"/>
                  </effectiveTime>
                  <value xsi:type="CD" code="233604007" codeSystem="2.16.840.1.113883.6.96" codeSystemName="SNOMED CT" displayName="Pneumonia"/>
                  <entryRelationship typeCode="SUBJ" inversionInd="true">
                    <observation classCode="OBS" moodCode="EVN">
                      <templateId root="2.16.840.1.113883.10.20.22.4.31"/>
                      <code code="445518008" codeSystem="2.16.840.1.113883.6.96" codeSystemName="SNOMED CT" displayName="Age at Onset"/>
                      <statusCode code="completed"/>
                      <value xsi:type="PQ" nullFlavor="UNK"/>
                    </observation>
                  </entryRelationship>
                </observation>
              </entryRelationship>
            </act>
          </entry>
        </section>
      </component>
      <component>
        <section>
          <templateId root="2.16.840.1.113883.10.20.22.2.3.1" extension="2015-08-01"/>
          <code code="30954-2" codeSystem="2.16.840.1.113883.6.1" codeSystemName="LOINC" displayName="Relevant diagnostic tests/laboratory data Narrative"/>
          <title>RESULTS</title>
          <text><table border="1" width="100%"><thead><tr><th colspan="5">LABORATORY RESULTS</th></tr></thead><tbody><tr><td colspan="5" align="left">ORDER 300: HEMOGLOBIN<br/>ORDER DATE: December 1, 2016 5:25:00 PM UTC</td></tr><tr><td colspan="5" align="left">Result Comment:<br/>Final Result Date: December 1, 2016 5:37:00 PM UTC (TECH: HMS) </td></tr><tr><td>LOINC</td><td>TEST</td><td>FLAG</td><td>RESULT</td><td>REFERENCE RANGE</td></tr><tr><td>30313-1</td><td>Hemoglobin [Mass/volume] in Arterial blood</td><td>N</td><td>13.2 g/dl</td><td>12.0 g/dl - 16.0 g/dl</td></tr><tr><td colspan="5" align="left">ORDER 400: LEUKOCYTES IN BLOOD<br/>ORDER DATE: December 1, 2016 5:25:00 PM UTC</td></tr><tr><td colspan="5" align="left">Result Comment:<br/>Final Result Date: December 1, 2016 5:36:00 PM UTC (TECH: HMS) </td></tr><tr><td>LOINC</td><td>TEST</td><td>FLAG</td><td>RESULT</td><td>REFERENCE RANGE</td></tr><tr><td>33765-9</td><td>Leukocytes [#/volume] in Blood Product unit.platelet pheresis by Automated count</td><td>N</td><td>6.7 10*3/uL</td><td>4.3 10*3/uL - 10.8 10*3/uL</td></tr><tr><td colspan="5" align="left">ORDER 500: PLATELET COUNT<br/>ORDER DATE: December 1, 2016 5:25:00 PM UTC</td></tr><tr><td colspan="5" align="left">Result Comment:<br/>Final Result Date: December 1, 2016 5:36:00 PM UTC (TECH: HMS) </td></tr><tr><td>LOINC</td><td>TEST</td><td>FLAG</td><td>RESULT</td><td>REFERENCE RANGE</td></tr><tr><td>26515-7</td><td>Platelets [#/volume] in Blood</td><td>L</td><td>123 meq/L</td><td>135 meq/L - 145 meq/L</td></tr></tbody></table><br/><br/><table border="1" width="100%"><thead><tr><th colspan="1">RADIOLOGY RESULTS</th></tr></thead><tbody><tr><td colspan="1">No radiology information exists for patient</td></tr></tbody></table><br/><br/><table border="1" width="100%"><thead><tr><th colspan="5">MICROBIOLOGY RESULTS</th></tr></thead><tbody><tr><td colspan="5" align="left">No Micro Labs/Results Exist for Patient</td></tr></tbody></table></text>
          <entry typeCode="DRIV">
            <organizer classCode="BATTERY" moodCode="EVN">
              <templateId root="2.16.840.1.113883.10.20.22.4.1" extension="2015-08-01"/>
              <id root="00cdc151-ae06-4395-a4a3-9cbaa20c542f"/>
              <code xsi:type="CE" code="718-7" codeSystem="2.16.840.1.113883.6.1" codeSystemName="LOINC" displayName="Hgb Bld-mCnc"/>
              <statusCode code="completed"/>
              <effectiveTime>
                <low value="20161201"/>
                <high value="20161201"/>
              </effectiveTime>
              <component>
                <observation classCode="OBS" moodCode="EVN">
                  <templateId root="2.16.840.1.113883.10.20.22.4.2" extension="2015-08-01"/>
                  <id root="70e40140-8274-45ee-b9e1-68eaca5e72d8"/>
                  <code xsi:type="CE" code="30313-1" codeSystem="2.16.840.1.113883.6.1" codeSystemName="LOINC" displayName="Hemoglobin [Mass/volume] in Arterial blood"/>
                  <statusCode code="completed"/>
                  <effectiveTime value="20161201"/>
                  <value xsi:type="PQ" value="13.2" unit="g/dl"/>
                  <interpretationCode code="N" codeSystem="2.16.840.1.113883.5.83" codeSystemName="ObservationInterpretation" displayName="Normal"/>
                  <referenceRange>
                    <observationRange>
                      <text>12.0 g/dl - 16.0 g/dl</text>
                      <value xsi:type="IVL_PQ">
                        <low value="12.0" unit="g/dl"/>
                        <high value="16.0" unit="g/dl"/>
                      </value>
                    </observationRange>
                  </referenceRange>
                </observation>
              </component>
            </organizer>
          </entry>
          <entry typeCode="DRIV">
            <organizer classCode="BATTERY" moodCode="EVN">
              <templateId root="2.16.840.1.113883.10.20.22.4.1" extension="2015-08-01"/>
              <id root="fe8a1c8d-bb64-43ce-8356-45d57480467a"/>
              <code xsi:type="CE" code="26464-8" codeSystem="2.16.840.1.113883.6.1" codeSystemName="LOINC" displayName="WBC # Bld"/>
              <statusCode code="completed"/>
              <effectiveTime>
                <low value="20161201"/>
                <high value="20161201"/>
              </effectiveTime>
              <component>
                <observation classCode="OBS" moodCode="EVN">
                  <templateId root="2.16.840.1.113883.10.20.22.4.2" extension="2015-08-01"/>
                  <id root="3d80cce5-7ebe-441b-b97f-25f182a32014"/>
                  <code xsi:type="CE" code="33765-9" codeSystem="2.16.840.1.113883.6.1" codeSystemName="LOINC" displayName="Leukocytes [#/volume] in Blood Product unit.platelet pheresis by Automated count"/>
                  <statusCode code="completed"/>
                  <effectiveTime value="20161201"/>
                  <value xsi:type="PQ" value="6.7" unit="10*3/uL"/>
                  <interpretationCode code="N" codeSystem="2.16.840.1.113883.5.83" codeSystemName="ObservationInterpretation" displayName="Normal"/>
                  <referenceRange>
                    <observationRange>
                      <text>4.3 10*3/uL - 10.8 10*3/uL</text>
                      <value xsi:type="IVL_PQ">
                        <low value="4.3" unit="10*3/uL"/>
                        <high value="10.8" unit="10*3/uL"/>
                      </value>
                    </observationRange>
                  </referenceRange>
                </observation>
              </component>
            </organizer>
          </entry>
          <entry typeCode="DRIV">
            <organizer classCode="BATTERY" moodCode="EVN">
              <templateId root="2.16.840.1.113883.10.20.22.4.1" extension="2015-08-01"/>
              <id root="3c6f760c-eccd-4013-8c1f-9483fac160e2"/>
              <code xsi:type="CE" code="777-3" codeSystem="2.16.840.1.113883.6.1" codeSystemName="LOINC" displayName="Platelet # Bld Auto"/>
              <statusCode code="completed"/>
              <effectiveTime>
                <low value="20161201"/>
                <high value="20161201"/>
              </effectiveTime>
              <component>
                <observation classCode="OBS" moodCode="EVN">
                  <templateId root="2.16.840.1.113883.10.20.22.4.2" extension="2015-08-01"/>
                  <id root="43a09038-7948-473c-82a8-2892d6f239a8"/>
                  <code xsi:type="CE" code="26515-7" codeSystem="2.16.840.1.113883.6.1" codeSystemName="LOINC" displayName="Platelets [#/volume] in Blood"/>
                  <statusCode code="completed"/>
                  <effectiveTime value="20161201"/>
                  <value xsi:type="PQ" value="123.0" unit="meq/L"/>
                  <interpretationCode code="L" codeSystem="2.16.840.1.113883.5.83" codeSystemName="ObservationInterpretation" displayName="Low"/>
                  <referenceRange>
                    <observationRange>
                      <text>135 meq/L - 145 meq/L</text>
                      <value xsi:type="IVL_PQ">
                        <low value="135.0" unit="meq/L"/>
                        <high value="145.0" unit="meq/L"/>
                      </value>
                    </observationRange>
                  </referenceRange>
                </observation>
              </component>
            </organizer>
          </entry>
        </section>
      </component>
      <component>
        <section>
          <templateId root="2.16.840.1.113883.10.20.22.2.10" extension="2014-06-09"/>
          <code code="18776-5" codeSystem="2.16.840.1.113883.6.1" codeSystemName="LOINC" displayName="Plan of Treatment"/>
          <title>TREATMENT PLAN</title>
          <text><table border="1" width="100%"><thead><tr><th colspan="8">DISCHARGE MEDICATIONS</th></tr><tr><th>Status</th><th>RXNORM</th><th>Medication</th><th>Dose</th><th>Route</th><th>Frequency</th><th>Dates</th><th>Comments</th></tr></thead><tbody><tr><td colspan="8">Patient discharge medication information is not available.</td></tr></tbody></table><br/><table border="1" width="100%"><thead><tr><th colspan="8">PATIENT OPEN ORDERS</th></tr><tr><th>Code</th><th>System</th><th>Description</th><th>Frequency</th><th>Occurrences</th><th>Priority</th><th>Start Date</th><th>Ordering Physician</th></tr></thead><tbody><tr><td>9CULTSPT</td><td>MEDHOST</td><td>CULTURE SPUTUM</td><td>ONCE</td><td>0</td><td>Routine</td><td>December 1, 2016 12:25:00 AM UTC</td><td>MEDHOST USER2</td></tr><tr><td>30746-2</td><td>LOINC</td><td>Chest X-ray portable</td><td>ONCE</td><td>0</td><td>Routine</td><td>December 1, 2016 12:25:00 AM UTC</td><td>MEDHOST USER2</td></tr><tr><td>1751-7</td><td>LOINC</td><td>Albumin SerPl-mCnc</td><td>ONCE</td><td>0</td><td>Routine</td><td>December 1, 2016 5:36:00 PM UTC</td><td>HENRY SEVEN</td></tr></tbody></table></text>
          <entry typeCode="DRIV">
            <procedure classCode="PROC" moodCode="RQO">
              <templateId root="2.16.840.1.113883.10.20.22.4.41" extension="2014-06-09"/>
              <id root="e20b4196-6b4f-4d6a-bfb4-dfd379b54ed0"/>
              <code nullFlavor="NA"/>
              <statusCode code="active"/>
              <effectiveTime>
                <low value="20161201002500+0000"/>
                <high nullFlavor="UNK"/>
              </effectiveTime>
            </procedure>
          </entry>
          <entry typeCode="DRIV">
            <procedure classCode="PROC" moodCode="RQO">
              <templateId root="2.16.840.1.113883.10.20.22.4.41" extension="2014-06-09"/>
              <id root="7e528cc9-4875-4bb4-8add-bc8a52c8513d"/>
              <code code="30746-2" codeSystemName="LOINC" displayName="Chest X-ray portable">
                <translation code="XRCXR1V" displayName="PORTABLE CHEST XRAY"/>
              </code>
              <statusCode code="active"/>
              <effectiveTime>
                <low value="20161201002500+0000"/>
                <high nullFlavor="UNK"/>
              </effectiveTime>
            </procedure>
          </entry>
          <entry typeCode="DRIV">
            <procedure classCode="PROC" moodCode="RQO">
              <templateId root="2.16.840.1.113883.10.20.22.4.41" extension="2014-06-09"/>
              <id root="8f0f76d2-bb91-4ee0-8fe5-1b38d91d9dd3"/>
              <code code="1751-7" codeSystemName="LOINC" displayName="Albumin SerPl-mCnc">
                <translation code="ALB" displayName="ALBUMIN"/>
              </code>
              <statusCode code="active"/>
              <effectiveTime>
                <low value="20161201173600+0000"/>
                <high nullFlavor="UNK"/>
              </effectiveTime>
            </procedure>
          </entry>
        </section>
      </component>
      <component>
        <section nullFlavor="NI">
          <templateId root="1.3.6.1.4.1.19376.1.5.3.1.3.5"/>
          <code code="8648-8" codeSystem="2.16.840.1.113883.6.1" codeSystemName="LOINC" displayName="HOSPITAL COURSE"/>
          <title>HOSPITAL COURSE</title>
          <text><table border="1" width="100%"><caption>HOSPITAL COURSE</caption><tbody><tr><td colspan="2">Encounter: 4005266</td></tr><tr><td colspan="2">Information is not available</td></tr></tbody></table></text>
        </section>
      </component>
      <component>
        <section>
          <templateId root="2.16.840.1.113883.10.20.22.2.2.1" extension="2015-08-01"/>
          <code code="11369-6" codeSystem="2.16.840.1.113883.6.1" codeSystemName="LOINC" displayName="History of Immunization Narrative"/>
          <title>IMMUNIZATIONS</title>
          <text><table border="1" width="100%"><caption>PATIENT IMMUNIZATIONS</caption><thead><tr><th>Code</th><th>System</th><th>Vaccine Name</th><th>Consent</th><th>Reactions</th><th>Comments</th><th>Administered By</th><th>Route</th><th>Site</th><th>Entered By</th></tr></thead><tbody><tr><td>88</td><td>CVX</td><td>influenza, unspecified formulation (CVX: 88)</td><td>OBTAINED</td><td/><td/><td> on May 10, 2012 5:00:00 AM UTC</td><td/><td/><td>HMS  on December 1, 2016 12:23:31 AM UTC</td></tr><tr><td>138</td><td>CVX</td><td>Td (adult)</td><td>OBTAINED</td><td/><td/><td> on April 1, 2012 5:00:00 AM UTC</td><td/><td/><td>HMS  on December 1, 2016 6:57:22 PM UTC</td></tr></tbody></table></text>
          <entry typeCode="DRIV">
            <substanceAdministration classCode="SBADM" moodCode="EVN" negationInd="false">
              <templateId root="2.16.840.1.113883.10.20.22.4.52" extension="2015-08-01"/>
              <templateId root="2.16.840.1.113883.10.20.22.4.52"/>
              <id root="30341917-f758-427c-844f-ac7f08ea6d14"/>
              <text>influenza, unspecified formulation (CVX: 88)|999.0 | not available |</text>
              <statusCode code="completed"/>
              <effectiveTime xsi:type="IVL_TS" value="20120510"/>
              <doseQuantity nullFlavor="UNK"/>
              <consumable>
                <manufacturedProduct classCode="MANU">
                  <templateId root="2.16.840.1.113883.10.20.22.4.54" extension="2014-06-09"/>
                  <manufacturedMaterial>
                    <code code="88" codeSystem="2.16.840.1.113883.6.59" codeSystemName="CVX" displayName="influenza, unspecified formulation (CVX: 88)"/>
                    <lotNumberText nullFlavor="NA"/>
                  </manufacturedMaterial>
                </manufacturedProduct>
              </consumable>
              <entryRelationship typeCode="COMP" inversionInd="true">
                <act classCode="ACT" moodCode="EVN">
                  <templateId root="2.16.840.1.113883.10.20.22.4.118"/>
                  <id root="606157ef-3197-41af-a963-ee2390daade0"/>
                  <code code="416118004" codeSystem="2.16.840.1.113883.6.96" codeSystemName="SNOMED CT" displayName="Administration"/>
                  <statusCode code="completed"/>
                </act>
              </entryRelationship>
            </substanceAdministration>
          </entry>
          <entry typeCode="DRIV">
            <substanceAdministration classCode="SBADM" moodCode="EVN" negationInd="false">
              <templateId root="2.16.840.1.113883.10.20.22.4.52" extension="2015-08-01"/>
              <templateId root="2.16.840.1.113883.10.20.22.4.52"/>
              <id root="36ac69e2-174b-434a-8d53-c97b74d536c7"/>
              <text>Td (adult)|999.0 | not available |</text>
              <statusCode code="completed"/>
              <effectiveTime xsi:type="IVL_TS" value="20120401"/>
              <doseQuantity nullFlavor="UNK"/>
              <consumable>
                <manufacturedProduct classCode="MANU">
                  <templateId root="2.16.840.1.113883.10.20.22.4.54" extension="2014-06-09"/>
                  <manufacturedMaterial>
                    <code code="138" codeSystem="2.16.840.1.113883.6.59" codeSystemName="CVX" displayName="Td (adult)"/>
                    <lotNumberText nullFlavor="NA"/>
                  </manufacturedMaterial>
                </manufacturedProduct>
              </consumable>
              <entryRelationship typeCode="COMP" inversionInd="true">
                <act classCode="ACT" moodCode="EVN">
                  <templateId root="2.16.840.1.113883.10.20.22.4.118"/>
                  <id root="9dafeb3f-65b0-4b0b-8e8f-6c8e9740178b"/>
                  <code code="416118004" codeSystem="2.16.840.1.113883.6.96" codeSystemName="SNOMED CT" displayName="Administration"/>
                  <statusCode code="completed"/>
                </act>
              </entryRelationship>
            </substanceAdministration>
          </entry>
        </section>
      </component>
      <component>
        <section>
          <templateId root="2.16.840.1.113883.10.20.22.2.1.1" extension="2014-06-09"/>
          <code code="10160-0" codeSystem="2.16.840.1.113883.6.1" codeSystemName="LOINC" displayName="History of Medication use Narrative"/>
          <title>MEDICATIONS</title>
          <text><table border="1" width="100%"><caption>HOME MEDICATIONS</caption><thead><tr><th>Status</th><th>RXNORM</th><th>Medication</th><th>Dose</th><th>Route</th><th>Frequency</th><th>Dates</th><th>Comments</th><th>Entered By</th><th>Reported By</th></tr></thead><tbody><tr><td>Active</td><td>859088</td><td>ALBUTEROL INH (albuterol sulf) 2 PUFF</td><td>2.0 PUF</td><td>INH</td><td>DAILY</td><td>Last Dose: </td><td/><td>hms</td><td/></tr></tbody></table><br/><table border="1" width="100%"><caption>DISCHARGE MEDICATIONS</caption><thead><tr><th>Status</th><th>RXNORM</th><th>Medication</th><th>Dose</th><th>Route</th><th>Frequency</th><th>Dates</th><th>Comments</th><th>Physician</th><th>Entered By</th></tr></thead><tbody><tr><td colspan="10">No Discharge Medication Information Available</td></tr></tbody></table><br/><table border="1" width="100%"><caption>INPATIENT MEDICATIONS</caption><thead><tr><th>Status</th><th>RXNORM</th><th>Medication</th><th>Dose</th><th>Route</th><th>Frequency</th><th>Rate Quantity</th><th>Dates</th><th>Comments</th><th>Physician</th><th>Entered By</th></tr></thead><tbody><tr><td colspan="11">No Inpatient Medication Information Available</td></tr></tbody></table></text>
          <entry>
            <substanceAdministration classCode="SBADM" moodCode="EVN">
              <templateId root="2.16.840.1.113883.10.20.22.4.16" extension="2014-06-09"/>
              <templateId root="2.16.840.1.113883.10.20.22.4.16"/>
              <id root="HomeMed-e622c883-5823-490f-816f-38add8355d61"/>
              <text>medication:ALBUTEROL INH (albuterol sulf) 2 PUFF|dose:PUF PUF|route:INH|frequency:DAILY</text>
              <statusCode code="completed"/>
              <effectiveTime xsi:type="IVL_TS">
                <low nullFlavor="UNK"/>
                <high nullFlavor="UNK"/>
              </effectiveTime>
              <routeCode nullFlavor="UNK"/>
              <doseQuantity value="2.0" unit="PUF"/>
              <rateQuantity nullFlavor="UNK"/>
              <consumable>
                <manufacturedProduct classCode="MANU">
                  <templateId root="2.16.840.1.113883.10.20.22.4.23" extension="2014-06-09"/>
                  <templateId root="2.16.840.1.113883.10.20.22.4.23"/>
                  <manufacturedMaterial>
                    <code code="859088" codeSystem="2.16.840.1.113883.6.88" codeSystemName="RXNorm" displayName="ALBUTEROL INH (albuterol sulf) 2 PUFF">
                      <translation code="00173068224" codeSystem="2.16.840.1.113883.6.69" codeSystemName="NDC" displayName="ALBUTEROL INH (albuterol sulf) 2 PUFF"/>
                    </code>
                  </manufacturedMaterial>
                </manufacturedProduct>
              </consumable>
            </substanceAdministration>
          </entry>
        </section>
      </component>
      <component>
        <section>
          <templateId root="2.16.840.1.113883.10.20.22.2.17" extension="2015-08-01"/>
          <code code="29762-2" codeSystem="2.16.840.1.113883.6.1" codeSystemName="LOINC" displayName="SOCIAL HISTORY"/>
          <title>SOCIAL HISTORY</title>
          <text><table border="1" width="100%"><caption>SOCIAL HISTORY</caption><thead><tr><th>SNOMED-CT</th><th>Social History Element</th><th>Description</th><th>Effective Dates</th><th>Observation Date</th><th>Offered Cessation</th><th>Entered By</th><th>Comment</th></tr></thead><tbody><tr><td>8517006</td><td>Current Tobacco use and exposure Status</td><td>Former Smoker</td><td>Start: May 5, 2005 5:00:00 AM UTC</td><td>December 1, 2016 8:52:12 PM UTC</td><td/><td>HMS</td><td/></tr></tbody></table><br/><br/><table border="1" width="100%"><caption>SOCIAL HISTORY - Birth Gender</caption><tbody><tr><td>Birth Sex: Female</td></tr></tbody></table></text>
          <entry typeCode="DRIV">
            <observation classCode="OBS" moodCode="EVN">
              <templateId root="2.16.840.1.113883.10.20.22.4.78" extension="2015-08-01"/>
              <id root="d4b90e1c-93be-4ee0-8086-ecad4b141994"/>
              <code code="72166-2" codeSystem="2.16.840.1.113883.6.1" codeSystemName="LOINC" displayName="Tobacco use and exposure"/>
              <statusCode code="completed"/>
              <effectiveTime value="20161201205212+0000"/>
              <value xsi:type="CD" code="8517006" codeSystem="2.16.840.1.113883.6.96" codeSystemName="SNOMED CT" displayName="Former Smoker"/>
            </observation>
          </entry>
          <entry typeCode="DRIV">
            <observation classCode="OBS" moodCode="EVN">
              <templateId root="2.16.840.1.113883.10.20.22.4.200" extension="2016-06-01"/>
              <code code="76689-9" codeSystem="2.16.840.1.113883.6.1" codeSystemName="LOINC" displayName="Sex Assigned At Birth"/>
              <statusCode code="completed"/>
              <effectiveTime nullFlavor="NA"/>
              <value xsi:type="CD" code="F" codeSystem="2.16.840.1.113883.5.1" codeSystemName="Administrative Gender" displayName="Female"/>
            </observation>
          </entry>
        </section>
      </component>
      <component>
        <section nullFlavor="NI">
          <templateId root="2.16.840.1.113883.10.20.22.2.4.1" extension="2015-08-01"/>
          <code code="8716-3" codeSystem="2.16.840.1.113883.6.1" codeSystemName="LOINC" displayName="Vital Signs"/>
          <title>VITAL SIGNS</title>
          <text><table border="1" width="100%"><caption>PATIENT VITAL SIGNS</caption><thead><tr><td colspan="4">This section displays the most recent value for each vital sign as of December 1, 2016 8:56:31 PM UTC</td></tr><tr><th scope="col">Vital Sign</th><th scope="col">Date</th><th scope="col">Result</th></tr></thead><tbody><tr><td colspan="9">No Vital Information Available.</td></tr></tbody></table></text>
        </section>
      </component>
      <component>
        <section nullFlavor="NI">
          <templateId root="2.16.840.1.113883.10.20.22.2.7.1" extension="2014-06-09"/>
          <code code="47519-4" codeSystem="2.16.840.1.113883.6.1" codeSystemName="LOINC" displayName="History of Procedures Document"/>
          <title>PROCEDURES</title>
          <text><table border="1" width="100%"><caption>PATIENT PROCEDURES</caption><thead><tr><th>CODE</th><th>SYSTEM</th><th>DESCRIPTION</th></tr></thead><tbody><tr><td colspan="3">Procedure information is not available.</td></tr></tbody></table></text>
        </section>
      </component>
      <component>
        <section nullFlavor="NI">
          <templateId root="2.16.840.1.113883.10.20.22.2.60"/>
          <code code="61146-7" codeSystem="2.16.840.1.113883.6.1" codeSystemName="LOINC" displayName="Goals"/>
          <title>GOALS</title>
          <text><table border="1" width="100%"><caption>PATIENT GOALS</caption><thead><tr><th>Goal</th><th>Date</th></tr></thead><tbody><tr><td colspan="2">Goal information is not available.</td></tr></tbody></table></text>
        </section>
      </component>
      <component>
        <section>
          <templateId root="2.16.840.1.113883.10.20.22.2.58"/>
          <code code="75310-3" codeSystem="2.16.840.1.113883.6.1" codeSystemName="LOINC" displayName="Health Concerns Document"/>
          <title>HEALTH CONCERNS</title>
          <text><table border="1" width="100%"><caption>Problems</caption><thead><tr><th>Concern</th><th>Status</th><th>Date</th></tr></thead><tbody><tr><td colspan="3">Health Concern problem information not available.</td></tr></tbody></table><br/><table border="1" width="100%"><caption>Smoking Status</caption><thead><tr><th>Concern</th><th>Status</th><th>Date</th></tr></thead><tbody><tr><td colspan="3">Health Concern social history information not available.</td></tr></tbody></table><br/><table border="1" width="100%"><caption>Family History</caption><thead><tr><th>Concern</th><th>Status</th><th>Date</th></tr></thead><tbody><tr><td colspan="3">Health Concern family history information not available.</td></tr></tbody></table></text>
        </section>
      </component>
      <component>
        <section nullFlavor="NI">
          <templateId root="2.16.840.1.113883.10.20.22.2.23" extension="2014-06-09"/>
          <code code="46264-8" codeSystem="2.16.840.1.113883.6.1" codeSystemName="LOINC" displayName="Medical Equipment"/>
          <title>MEDICAL EQUIPMENT</title>
          <text><table border="1" width="100%"><caption>MEDICAL EQUIPMENT</caption><thead><tr><th>Device</th><th>Status</th><th>Quantity</th><th>Dates</th><th>Procedure</th><th>Comments</th></tr></thead><tbody><tr><td colspan="6">Information not available.</td></tr></tbody></table></text>
        </section>
      </component>
      <component>
        <section>
          <templateId root="2.16.840.1.113883.10.20.22.2.22.1" extension="2015-08-01"/>
          <code code="46240-8" codeSystem="2.16.840.1.113883.6.1" codeSystemName="LOINC" displayName="History of hospitalizations+History of outpatient visits Narrative"/>
          <title>ENCOUNTERS</title>
          <text><table border="1" width="100%"><caption>ENCOUNTER INFORMATION</caption><tbody><tr><th scope="row">Reason for Visit</th><td colspan="2">Not Specified</td></tr><tr><th scope="row">Admission</th><td>November 28, 2016 5:53:00 PM UTC</td><td>MU CERTIFY HOSPITAL<br/>6550 CAROTHERS PKWY<br/>FRANKLIN TN 37067</td></tr><tr><th scope="row">Discharge</th><td>December 1, 2016 8:56:00 PM UTC</td><td>DISCHARGED HOME/SELF CARE</td></tr></tbody></table><br/><br/><table border="1" width="100%"><caption>CARE TEAM</caption><thead><tr><th>Care Team Member</th><th>Role</th></tr></thead><tbody><tr><td>SEVEN HENRY</td><td>Admitting</td></tr><tr><td>SEVEN HENRY</td><td>Primary Attending</td></tr></tbody></table><br/><br/><table border="1" width="100%"><caption>ENCOUNTER DIAGNOSES</caption><thead><tr><th>Code</th><th>System</th><th>Diagnosis</th><th>Onset Date</th></tr></thead><tbody><tr><td colspan="4">Diagnosis information is not available.</td></tr></tbody></table></text>
          <entry typeCode="DRIV">
            <encounter classCode="ENC" moodCode="EVN">
              <templateId root="2.16.840.1.113883.10.20.22.4.49" extension="2015-08-01"/>
              <id root="2.16.840.1.113883.3.1579.7277837785.1.300" extension="4005266" assigningAuthorityName="HMS PATIENT ACCOUNT NUMBER"/>
              <code code="32485007" codeSystem="2.16.840.1.113883.6.96" codeSystemName="SNOMED CT" displayName="Hospital Admission"/>
              <effectiveTime>
                <low value="20161128175300+0000"/>
                <high value="20161201205600+0000"/>
              </effectiveTime>
              <performer>
                <assignedEntity>
                  <id root="2.16.840.1.113883.4.6" extension="123123123"/>
                  <addr><streetAddressLine>1002 HEALTHCARE DRIVE</streetAddressLine><city>PORTLAND</city><state>OR</state><postalCode>97266</postalCode></addr>
                  <telecom value="tel:(555)555-1002" use="WP"/>
                  <assignedPerson>
                    <name><family>HENRY</family><given>SEVEN</given></name>
                  </assignedPerson>
                </assignedEntity>
              </performer>
              <performer>
                <assignedEntity>
                  <id root="2.16.840.1.113883.4.6" extension="123123123"/>
                  <addr><streetAddressLine>1002 HEALTHCARE DRIVE</streetAddressLine><city>PORTLAND</city><state>OR</state><postalCode>97266</postalCode></addr>
                  <telecom value="tel:(555)555-1002" use="WP"/>
                  <assignedPerson>
                    <name><family>HENRY</family><given>SEVEN</given></name>
                  </assignedPerson>
                </assignedEntity>
              </performer>
              <participant typeCode="LOC">
                <participantRole classCode="SDLOC">
                  <playingEntity>
                    <name>MU CERTIFY HOSPITAL</name>
                  </playingEntity>
                </participantRole>
              </participant>
            </encounter>
          </entry>
        </section>
      </component>
      <component>
        <section nullFlavor="NI">
          <templateId root="2.16.840.1.113883.10.20.22.2.41"/>
          <code code="8653-8" codeSystem="2.16.840.1.113883.6.1" codeSystemName="LOINC" displayName="Hospital Discharge Instructions"/>
          <title>HOSPITAL DISCHARGE INSTRUCTION</title>
          <text><table border="1" width="100%"><caption>DISCHARGE INSTRUCTION</caption><tbody><tr><td colspan="5">Discharge instruction information is not available</td></tr></tbody></table></text>
        </section>
      </component>
    </structuredBody>
  </component>
</ClinicalDocument>