<?xml version="1.0" encoding="UTF-8"?>
<ClinicalDocument xmlns:xsi="http://www.w3.org/2001/XMLSchema-instance" xmlns="urn:hl7-org:v3" xmlns:sdtc="urn:hl7-org:sdtc" xmlns:voc="urn:hl7-org:v3/voc" xsi:schemaLocation="urn:hl7-org:v3 CDA.xsd">
  <realmCode code="US"/>
  <typeId root="2.16.840.1.113883.1.3" extension="POCD_HD000040"/>
  <templateId root="2.16.840.1.113883.10.20.22.1.1" extension="2015-08-01"/>
  <templateId root="2.16.840.1.113883.10.20.22.1.2" extension="2015-08-01"/>
  <id root="2.16.840.1.113883.3.1579.7277837785.1.100" extension="181734a1-8f3b-45ff-85c1-b1610f9e72f5" assigningAuthorityName="HMS DOCUMENT ID"/>
  <code code="34133-9" codeSystem="2.16.840.1.113883.6.1" codeSystemName="LOINC" displayName="Summarization of Episode Note"/>
  <title>Continuity of Care Document</title>
  <effectiveTime value="20161202054523+0000"/>
  <confidentialityCode code="N" codeSystem="2.16.840.1.113883.5.25"/>
  <languageCode code="en-US"/>
  <setId root="2.16.840.1.113883.3.1579.7277837785.1.101" extension="001.81538.4005281.00010101060000.00010101060000.2" assigningAuthorityName="HMS SET ID"/>
  <versionNumber value="1"/>
  <recordTarget>
    <patientRole>
      <id root="2.16.840.1.113883.3.1579.7277837785.1.200" extension="81538" assigningAuthorityName="HMS MRN"/>
      <id root="2.16.840.1.113883.3.1579.7277837785.1.300" extension="4005281" assigningAuthorityName="HMS PATIENT ACCOUNT NUMBER"/>
      <addr use="HP"><streetAddressLine>NV</streetAddressLine><city>A A R P INS</city><state>PA</state><postalCode>19187</postalCode></addr>
      <patient>
        <name use="L"><given>LAVON</given><family>EARLE</family></name>
        <administrativeGenderCode code="F" codeSystem="2.16.840.1.113883.5.1" codeSystemName="Administrative Gender" displayName="Female"/>
        <birthTime value="19630413"/>
        <raceCode code="2028-9" codeSystem="2.16.840.1.113883.6.238" codeSystemName="Race and Ethnicity - CDC" displayName="Asian"/>
        <ethnicGroupCode nullFlavor="NAV"/>
        <languageCommunication>
          <languageCode nullFlavor="NA"/>
        </languageCommunication>
      </patient>
    </patientRole>
  </recordTarget>
  <author>
    <time value="20161202054523+0000"/>
    <assignedAuthor>
      <id root="2.16.840.1.113883.4.6" extension="9434678589" assigningAuthorityName="National Provider ID (NPI)"/>
      <code code="261QE0002X" codeSystem="2.16.840.1.113883.6.101" codeSystemName="NUCC Health Care Provider Taxonomy" displayName="Emergency Care"/>
      <addr use="WP"><streetAddressLine>6550 CAROTHERS PKWY</streetAddressLine><city>FRANKLIN</city><state>TN</state><postalCode>370670000</postalCode></addr>
      <telecom value="tel:(217)465-4141" use="WP"/>
      <assignedPerson>
        <name>MU CERTIFY HOSPITAL</name>
      </assignedPerson>
    </assignedAuthor>
  </author>
  <custodian>
    <assignedCustodian>
      <representedCustodianOrganization>
        <id root="2.16.840.1.113883.3.1579.7277837785.1.500" extension="001" assigningAuthorityName="HMS HOSPITAL NUMBER"/>
        <name>MU CERTIFY HOSPITAL</name>
        <telecom value="tel:(217)465-4141" use="WP"/>
        <addr use="WP"><streetAddressLine>6550 CAROTHERS PKWY</streetAddressLine><city>FRANKLIN</city><state>TN</state><postalCode>370670000</postalCode></addr>
      </representedCustodianOrganization>
    </assignedCustodian>
  </custodian>
  <documentationOf>
    <serviceEvent classCode="PCPR">
      <effectiveTime>
        <low value="20161128082500+0000"/>
        <high value="20161202054523+0000"/>
      </effectiveTime>
      <performer typeCode="PRF">
        <functionCode code="ADMPHYS" codeSystem="2.16.840.1.113883.5.88" codeSystemName="ParticipationFunction" displayName="Admitting"/>
        <assignedEntity classCode="ASSIGNED">
          <id root="2.16.840.1.113883.4.6" extension="4567894345"/>
          <code code="208D00000X" codeSystem="2.16.840.1.113883.6.101" codeSystemName="NUCC Health Care Provider Taxonomy" displayName="General Practice"/>
          <addr><streetAddressLine>1006 HEALTHCARE DRIVE4</streetAddressLine><city>PORTLAND</city><state>TX</state><postalCode>77501</postalCode></addr>
          <telecom value="tel:(615)985-6658" use="WP"/>
          <assignedPerson>
            <name><given>AARON</given><family>ADMIT</family></name>
          </assignedPerson>
        </assignedEntity>
      </performer>
      <performer typeCode="PRF">
        <functionCode code="ATTPHYS" codeSystem="2.16.840.1.113883.5.88" codeSystemName="ParticipationFunction" displayName="Primary Attending"/>
        <assignedEntity classCode="ASSIGNED">
          <id root="2.16.840.1.113883.4.6" extension="4567894345"/>
          <code code="208D00000X" codeSystem="2.16.840.1.113883.6.101" codeSystemName="NUCC Health Care Provider Taxonomy" displayName="General Practice"/>
          <addr><streetAddressLine>1006 HEALTHCARE DRIVE4</streetAddressLine><city>PORTLAND</city><state>TX</state><postalCode>77501</postalCode></addr>
          <telecom value="tel:(615)985-6658" use="WP"/>
          <assignedPerson>
            <name><given>AARON</given><family>ADMIT</family></name>
          </assignedPerson>
        </assignedEntity>
      </performer>
    </serviceEvent>
  </documentationOf>
  <componentOf>
    <encompassingEncounter>
      <id root="2.16.840.1.113883.3.1579.7277837785.1.300" extension="4005281" assigningAuthorityName="HMS PATIENT ACCOUNT NUMBER"/>
      <code code="32485007" codeSystem="2.16.840.1.113883.6.96" codeSystemName="SNOMED CT" displayName="Hospital Admission"/>
      <effectiveTime>
        <low value="20161128082500+0000"/>
        <high value="20161202054500+0000"/>
      </effectiveTime>
      <dischargeDispositionCode code="2" codeSystem="2.16.840.1.113883.12.112" codeSystemName="HL7 Discharge Disposition" displayName="TO SHORT-TERM HOSPITAL FOR IP CARE"/>
    </encompassingEncounter>
  </componentOf>
  <component>
    <structuredBody>
      <component>
        <section>
          <templateId root="2.16.840.1.113883.10.20.22.2.6.1" extension="2015-08-01"/>
          <templateId root="2.16.840.1.113883.10.20.22.2.6.1"/>
          <code code="48765-2" codeSystem="2.16.840.1.113883.6.1" codeSystemName="LOINC" displayName="Allergies and adverse reactions Document"/>
          <title>ALLERGIES AND ADVERSE REACTIONS</title>
          <text><table border="1" width="100%"><caption>ALLERGIES AND ADVERSE REACTIONS</caption><thead><tr><th>Code</th><th>System</th><th>Allergy Substance</th><th>Adverse Reaction Date</th><th>Reaction (Severity)</th><th>Comment</th><th>Status</th><th>Reported By</th><th>Entered By</th></tr></thead><tbody><tr><td>208221</td><td>RXNorm</td><td>ANACAINE 10 % OINT</td><td/><td>Anaphylaxis due to substance</td><td/><td>active</td><td/><td>HMS on December 1, 2016 9:55:23 AM UTC</td></tr></tbody></table></text>
          <entry typeCode="DRIV">
            <act classCode="ACT" moodCode="EVN">
              <templateId root="2.16.840.1.113883.10.20.22.4.30" extension="2015-08-01"/>
              <templateId root="2.16.840.1.113883.10.20.22.4.30"/>
              <id root="67659bce-d6bb-4331-9e38-f8ebccfabe7b"/>
              <code code="CONC" codeSystem="2.16.840.1.113883.5.6" codeSystemName="HL7 Act Class" displayName="Problem Concern"/>
              <statusCode code="active"/>
              <effectiveTime>
                <low nullFlavor="UNK"/>
                <high nullFlavor="UNK"/>
              </effectiveTime>
              <entryRelationship typeCode="SUBJ">
                <observation classCode="OBS" moodCode="EVN">
                  <templateId root="2.16.840.1.113883.10.20.22.4.7" extension="2014-06-09"/>
                  <templateId root="2.16.840.1.113883.10.20.22.4.7"/>
                  <id root="045609f9-9ab0-4dcb-8c2e-d5d0c0d1458e"/>
                  <code code="ASSERTION" codeSystem="2.16.840.1.113883.5.4" codeSystemName="ActCode" displayName="Alert Observation"/>
                  <statusCode code="completed"/>
                  <effectiveTime>
                    <low nullFlavor="UNK"/>
                    <high nullFlavor="UNK"/>
                  </effectiveTime>
                  <value xsi:type="CD" code="416098002" codeSystem="2.16.840.1.113883.6.96" codeSystemName="SNOMED CT" displayName="Drug Allergy"/>
                  <participant typeCode="CSM">
                    <participantRole classCode="MANU">
                      <playingEntity classCode="MMAT">
                        <code code="208221" codeSystem="2.16.840.1.113883.6.88" codeSystemName="RXNorm">
                          <originalText>ANACAINE 10 % OINT</originalText>
                          <translation code="0" codeSystem="2.16.840.1.113883.3.1579.7277837785.1.700" codeSystemName="HMS ALLERGY" displayName="ANACAINE 10 % OINT"/>
                        </code>
                        <name>ANACAINE 10 % OINT</name>
                      </playingEntity>
                    </participantRole>
                  </participant>
                  <entryRelationship typeCode="MFST" inversionInd="true">
                    <observation classCode="OBS" moodCode="EVN">
                      <templateId root="2.16.840.1.113883.10.20.22.4.9" extension="2014-06-09"/>
                      <templateId root="2.16.840.1.113883.10.20.22.4.9"/>
                      <id root="154797ac-7d1e-4221-ab87-dc5f66ed39ae"/>
                      <code code="ASSERTION" codeSystem="2.16.840.1.113883.5.4" codeSystemName="ActCode"/>
                      <statusCode code="completed"/>
                      <value xsi:type="CD" code="417516000" codeSystem="2.16.840.1.113883.6.96" codeSystemName="SNOMED CT" displayName="Anaphylaxis due to substance"/>
                    </observation>
                  </entryRelationship>
                </observation>
              </entryRelationship>
            </act>
          </entry>
        </section>
      </component>
      <component>
        <section nullFlavor="NI">
          <templateId root="2.16.840.1.113883.10.20.22.2.8"/>
          <code code="51848-0" codeSystem="2.16.840.1.113883.6.1" codeSystemName="LOINC" displayName="ASSESSMENTS"/>
          <title>ASSESSMENTS</title>
          <text><content styleCode="Bold">No Information Available</content></text>
        </section>
      </component>
      <component>
        <section nullFlavor="NI">
          <templateId root="2.16.840.1.113883.10.20.22.2.15" extension="2015-08-01"/>
          <templateId root="2.16.840.1.113883.10.20.22.2.15"/>
          <code code="10157-6" codeSystem="2.16.840.1.113883.6.1" codeSystemName="LOINC" displayName="FAMILY HISTORY"/>
          <title>FAMILY HISTORY</title>
          <text><table border="1" width="100%"><caption>FAMILY HISTORY</caption><tbody><tr><td colspan="3">No Family History Information Available</td></tr></tbody></table></text>
        </section>
      </component>
      <component>
        <section nullFlavor="NI">
          <templateId root="2.16.840.1.113883.10.20.22.2.14" extension="2014-06-09"/>
          <code code="47420-5" codeSystem="2.16.840.1.113883.6.1" codeSystemName="LOINC" displayName="FUNCTIONAL STATUS"/>
          <title>FUNCTIONAL STATUS</title>
          <text><table border="1" width="100%"><caption>FUNCTIONAL STATUS</caption><tbody><tr><td colspan="5">Functional Status information is not available.</td></tr></tbody></table></text>
        </section>
      </component>
      <component>
        <section nullFlavor="NI">
          <templateId root="2.16.840.1.113883.10.20.22.2.56" extension="2015-08-01"/>
          <code code="10190-7" codeSystem="2.16.840.1.113883.6.1" codeSystemName="LOINC" displayName="Mental Status"/>
          <title>MENTAL STATUS</title>
          <text><table border="1" width="100%"><caption>MENTAL STATUS</caption><tbody><tr><td colspan="5">Mental Status information is not available.</td></tr></tbody></table></text>
        </section>
      </component>
      <component>
        <section nullFlavor="NI">
          <templateId root="2.16.840.1.113883.10.20.22.2.5.1" extension="2015-08-01"/>
          <templateId root="2.16.840.1.113883.10.20.22.2.5.1"/>
          <code code="11450-4" codeSystem="2.16.840.1.113883.6.1" codeSystemName="LOINC" displayName="Problem List"/>
          <title>PROBLEMS</title>
          <text><table border="1" width="100%"><caption>PATIENT PROBLEMS</caption><thead><tr><th>Code</th><th>Description/Comments</th><th>Status</th><th>Date</th><th>Entered By</th></tr></thead><tbody><tr><td colspan="5">Information is not available.</td></tr></tbody></table></text>
        </section>
      </component>
      <component>
        <section nullFlavor="NI">
          <templateId root="2.16.840.1.113883.10.20.22.2.3.1" extension="2015-08-01"/>
          <code code="30954-2" codeSystem="2.16.840.1.113883.6.1" codeSystemName="LOINC" displayName="Relevant diagnostic tests/laboratory data Narrative"/>
          <title>RESULTS</title>
          <text><table border="1" width="100%"><thead><tr><th colspan="5">LABORATORY RESULTS</th></tr></thead><tbody><tr><td>LOINC</td><td>TEST</td><td>FLAG</td><td>RESULT</td><td>REFERENCE RANGE</td></tr><tr><td colspan="10">Information is not available</td></tr></tbody></table><table border="1" width="100%"><thead><tr><th colspan="5">MICROBIOLOGY RESULTS</th></tr></thead><tbody><tr><td>LOINC</td><td>ANTIBIOTIC</td><td>MIC</td><td>TYPE</td><td>VALUE</td></tr><tr><td colspan="10">Information is not available</td></tr></tbody></table></text>
        </section>
      </component>
      <component>
        <section>
          <templateId root="2.16.840.1.113883.10.20.22.2.10" extension="2014-06-09"/>
          <code code="18776-5" codeSystem="2.16.840.1.113883.6.1" codeSystemName="LOINC" displayName="Plan of Treatment"/>
          <title>TREATMENT PLAN</title>
          <text><table border="1" width="100%"><thead><tr><th colspan="8">DISCHARGE MEDICATIONS</th></tr><tr><th>Status</th><th>RXNORM</th><th>Medication</th><th>Dose</th><th>Route</th><th>Frequency</th><th>Dates</th><th>Comments</th></tr></thead><tbody><tr><td>Continue</td><td>308867</td><td>CALCITRIOL 0.25 MCG 0.25 MCG</td><td>0.25 ug</td><td>ORAL</td><td>BEFORE MEALS</td><td>Prescribed: December 1, 2016 9:09:38 AM UTC</td><td/></tr></tbody></table><br/><table border="1" width="100%"><thead><tr><th colspan="8">PATIENT OPEN ORDERS</th></tr><tr><th>Code</th><th>System</th><th>Description</th><th>Frequency</th><th>Occurrences</th><th>Priority</th><th>Start Date</th><th>Ordering Physician</th></tr></thead><tbody><tr><td>718-7</td><td>LOINC</td><td>Hgb Bld-mCnc</td><td>ONCE</td><td>0</td><td>Routine</td><td>December 1, 2016 1:55:00 PM UTC</td><td>MEDHOST USER2</td></tr><tr><td>79103-8</td><td>LOINC</td><td>Abdomen CT W contrast IV</td><td>ONCE</td><td>0</td><td>Routine</td><td>December 1, 2016 1:55:00 PM UTC</td><td>MEDHOST USER2</td></tr><tr><td>72250-4</td><td>LOINC</td><td>Abdomen and Pelvis CT W contrast PO and W contr</td><td>ONCE</td><td>0</td><td>Routine</td><td>December 1, 2016 2:04:00 PM UTC</td><td>MEDHOST USER1</td></tr></tbody></table></text>
          <entry>
            <substanceAdministration classCode="SBADM" moodCode="INT">
              <templateId root="2.16.840.1.113883.10.20.22.4.42" extension="2014-06-09"/>
              <id root="PlannedMed-c52214d1-2cba-4663-8673-2bb6833e9dfd"/>
              <text>medication:CALCITRIOL 0.25 MCG 0.25 MCG|dose:MCG ug|route:ORAL|frequency:BEFORE MEALS</text>
              <statusCode code="active"/>
              <effectiveTime xsi:type="IVL_TS">
                <low value="20161201"/>
                <high nullFlavor="UNK"/>
              </effectiveTime>
              <routeCode code="C38288" codeSystem="2.16.840.1.113883.3.26.1.1" codeSystemName="National Cancer Institute (NCI) Thesaurus" displayName="ORAL"/>
              <doseQuantity value="0.25" unit="ug"/>
              <rateQuantity nullFlavor="UNK"/>
              <consumable>
                <manufacturedProduct classCode="MANU">
                  <templateId root="2.16.840.1.113883.10.20.22.4.23" extension="2014-06-09"/>
                  <templateId root="2.16.840.1.113883.10.20.22.4.23"/>
                  <manufacturedMaterial>
                    <code code="308867" codeSystem="2.16.840.1.113883.6.88" codeSystemName="RXNorm" displayName="CALCITRIOL 0.25 MCG 0.25 MCG">
                      <translation code="00054000713" codeSystem="2.16.840.1.113883.6.69" codeSystemName="NDC" displayName="CALCITRIOL 0.25 MCG 0.25 MCG"/>
                    </code>
                  </manufacturedMaterial>
                </manufacturedProduct>
              </consumable>
              <performer>
                <assignedEntity>
                  <id root="2.16.840.1.113883.3.1579.7277837785.1.400" extension="1908" assigningAuthorityName="HMS PROVIDER NUMBER"/>
                  <addr><streetAddressLine>1100 SOUTHFIELD DR  STE 1220</streetAddressLine><city>PLAINFIELD</city><state>IN</state><postalCode>46168</postalCode></addr>
                  <telecom nullFlavor="NAV"/>
                  <assignedPerson>
                    <name><family>MEDHOST</family><given>USER2</given></name>
                  </assignedPerson>
                </assignedEntity>
              </performer>
            </substanceAdministration>
          </entry>
          <entry typeCode="DRIV">
            <procedure classCode="PROC" moodCode="RQO">
              <templateId root="2.16.840.1.113883.10.20.22.4.41" extension="2014-06-09"/>
              <id root="c6b542c1-ab14-4d7f-aac1-7b2050158739"/>
              <code code="718-7" codeSystemName="LOINC" displayName="Hgb Bld-mCnc">
                <translation code="HGB" displayName="HEMOGLOBIN"/>
              </code>
              <statusCode code="active"/>
              <effectiveTime>
                <low value="20161201135500+0000"/>
                <high nullFlavor="UNK"/>
              </effectiveTime>
            </procedure>
          </entry>
          <entry typeCode="DRIV">
            <procedure classCode="PROC" moodCode="RQO">
              <templateId root="2.16.840.1.113883.10.20.22.4.41" extension="2014-06-09"/>
              <id root="1eaf236d-210d-4a9e-ba3e-e60633eaba28"/>
              <code code="79103-8" codeSystemName="LOINC" displayName="Abdomen CT W contrast IV">
                <translation code="CTABDWO" displayName="CT ABD W/O CONTRAST"/>
              </code>
              <statusCode code="active"/>
              <effectiveTime>
                <low value="20161201135500+0000"/>
                <high nullFlavor="UNK"/>
              </effectiveTime>
            </procedure>
          </entry>
          <entry typeCode="DRIV">
            <procedure classCode="PROC" moodCode="RQO">
              <templateId root="2.16.840.1.113883.10.20.22.4.41" extension="2014-06-09"/>
              <id root="bcf14ebe-36c6-4784-8654-881dfef47d13"/>
              <code code="72250-4" codeSystemName="LOINC" displayName="Abdomen and Pelvis CT W contrast PO and W contr">
                <translation code="CTABDW" displayName="CT ABD W/ CONTRAST"/>
              </code>
              <statusCode code="active"/>
              <effectiveTime>
                <low value="20161201140400+0000"/>
                <high nullFlavor="UNK"/>
              </effectiveTime>
            </procedure>
          </entry>
        </section>
      </component>
      <component>
        <section nullFlavor="NI">
          <templateId root="1.3.6.1.4.1.19376.1.5.3.1.3.5"/>
          <code code="8648-8" codeSystem="2.16.840.1.113883.6.1" codeSystemName="LOINC" displayName="HOSPITAL COURSE"/>
          <title>HOSPITAL COURSE</title>
          <text><table border="1" width="100%"><caption>HOSPITAL COURSE</caption><tbody><tr><td colspan="2">Information is not available</td></tr></tbody></table></text>
        </section>
      </component>
      <component>
        <section nullFlavor="NI">
          <templateId root="2.16.840.1.113883.10.20.22.2.2.1" extension="2015-08-01"/>
          <code code="11369-6" codeSystem="2.16.840.1.113883.6.1" codeSystemName="LOINC" displayName="History of Immunization Narrative"/>
          <title>IMMUNIZATIONS</title>
          <text><table border="1" width="100%"><caption>PATIENT IMMUNIZATIONS</caption><thead><tr><th>Code</th><th>System</th><th>Vaccine Name</th><th>Consent</th><th>Reactions</th><th>Comments</th><th>Administered By</th><th>Route</th><th>Site</th><th>Entered By</th></tr></thead><tbody><tr><td colspan="10">Information is not available</td></tr></tbody></table></text>
        </section>
      </component>
      <component>
        <section>
          <templateId root="2.16.840.1.113883.10.20.22.2.1.1" extension="2014-06-09"/>
          <code code="10160-0" codeSystem="2.16.840.1.113883.6.1" codeSystemName="LOINC" displayName="History of Medication use Narrative"/>
          <title>MEDICATIONS</title>
          <text><table border="1" width="100%"><caption>HOME MEDICATIONS</caption><thead><tr><th>Status</th><th>RXNORM</th><th>Medication</th><th>Dose</th><th>Route</th><th>Frequency</th><th>Dates</th><th>Comments</th><th>Entered By</th><th>Reported By</th></tr></thead><tbody><tr><td>Active</td><td>310149</td><td>Erythromycin 5 MG/GM</td><td>1.0 EA</td><td>OU</td><td/><td>Last Dose: </td><td/><td>hms</td><td/></tr><tr><td>Active</td><td>310149</td><td>Erythromycin 5 MG/GM</td><td>1.0 EA</td><td>OU</td><td/><td>Last Dose: </td><td/><td>hms</td><td/></tr></tbody></table><br/><table border="1" width="100%"><caption>DISCHARGE MEDICATIONS</caption><thead><tr><th>Status</th><th>RXNORM</th><th>Medication</th><th>Dose</th><th>Route</th><th>Frequency</th><th>Dates</th><th>Comments</th><th>Physician</th><th>Entered By</th></tr></thead><tbody><tr><td>Continue</td><td>308867</td><td>CALCITRIOL 0.25 MCG 0.25 MCG</td><td>0.25 ug</td><td>ORAL</td><td>BEFORE MEALS</td><td>Prescribed: December 1, 2016 9:09:38 AM UTC</td><td/><td>USER2 MEDHOST</td><td>HMS</td></tr></tbody></table><br/><table border="1" width="100%"><caption>INPATIENT MEDICATIONS</caption><thead><tr><th>Status</th><th>RXNORM</th><th>Medication</th><th>Dose</th><th>Route</th><th>Frequency</th><th>Rate Quantity</th><th>Dates</th><th>Comments</th><th>Physician</th><th>Entered By</th></tr></thead><tbody><tr><td>Active</td><td>310149</td><td>ERYTHROMYCIN 5 MG/GM OINT</td><td>1.0 EA</td><td>OPHTHALMIC</td><td>TWO TIMES A DAY</td><td/><td>Start: December 1, 2016 3:00:00 PM UTC<br/>End: December 2, 2016 5:45:00 AM UTC</td><td/><td>USER2 MEDHOST</td><td>HMS</td></tr><tr><td>Active</td><td>855288</td><td>WARFARIN (Coumadin) 1 MG TABS</td><td>1.0 mg</td><td>ORAL</td><td>ONCE DAILY AT 1700</td><td/><td>Start: December 1, 2016 11:00:00 PM UTC<br/>End: December 2, 2016 5:45:00 AM UTC</td><td/><td>USER1 MEDHOST</td><td>EMRUSER</td></tr><tr><td>Active</td><td>1741570</td><td>ALBUMIN HUMAN 25 % SOLN</td><td>50.0 mL</td><td>ORAL</td><td>BEFORE MEALS</td><td/><td>Start: December 1, 2016 5:00:00 PM UTC<br/>End: December 2, 2016 5:45:00 AM UTC</td><td/><td>USER1 MEDHOST</td><td>EMRUSER</td></tr></tbody></table></text>
          <entry>
            <substanceAdministration classCode="SBADM" moodCode="EVN">
              <templateId root="2.16.840.1.113883.10.20.22.4.16" extension="2014-06-09"/>
              <templateId root="2.16.840.1.113883.10.20.22.4.16"/>
              <id root="HomeMed-81fbc4a7-74d6-4737-93f6-a4bf10f13ba8"/>
              <text>medication:Erythromycin 5 MG/GM|dose:EA EA|route:OU|frequency:</text>
              <statusCode code="completed"/>
              <effectiveTime xsi:type="IVL_TS">
                <low nullFlavor="UNK"/>
                <high nullFlavor="UNK"/>
              </effectiveTime>
              <routeCode nullFlavor="UNK"/>
              <doseQuantity value="1.0" unit="EA"/>
              <rateQuantity nullFlavor="UNK"/>
              <consumable>
                <manufacturedProduct classCode="MANU">
                  <templateId root="2.16.840.1.113883.10.20.22.4.23" extension="2014-06-09"/>
                  <templateId root="2.16.840.1.113883.10.20.22.4.23"/>
                  <manufacturedMaterial>
                    <code code="310149" codeSystem="2.16.840.1.113883.6.88" codeSystemName="RXNorm" displayName="Erythromycin 5 MG/GM">
                      <translation code="17478007035" codeSystem="2.16.840.1.113883.6.69" codeSystemName="NDC" displayName="Erythromycin 5 MG/GM"/>
                    </code>
                  </manufacturedMaterial>
                </manufacturedProduct>
              </consumable>
            </substanceAdministration>
          </entry>
          <entry>
            <substanceAdministration classCode="SBADM" moodCode="EVN">
              <templateId root="2.16.840.1.113883.10.20.22.4.16" extension="2014-06-09"/>
              <templateId root="2.16.840.1.113883.10.20.22.4.16"/>
              <id root="HomeMed-fa020b38-4f44-43cd-9271-69e5e6bd7595"/>
              <text>medication:Erythromycin 5 MG/GM|dose:EA EA|route:OU|frequency:</text>
              <statusCode code="completed"/>
              <effectiveTime xsi:type="IVL_TS">
                <low nullFlavor="UNK"/>
                <high nullFlavor="UNK"/>
              </effectiveTime>
              <routeCode nullFlavor="UNK"/>
              <doseQuantity value="1.0" unit="EA"/>
              <rateQuantity nullFlavor="UNK"/>
              <consumable>
                <manufacturedProduct classCode="MANU">
                  <templateId root="2.16.840.1.113883.10.20.22.4.23" extension="2014-06-09"/>
                  <templateId root="2.16.840.1.113883.10.20.22.4.23"/>
                  <manufacturedMaterial>
                    <code code="310149" codeSystem="2.16.840.1.113883.6.88" codeSystemName="RXNorm" displayName="Erythromycin 5 MG/GM">
                      <translation code="17478007035" codeSystem="2.16.840.1.113883.6.69" codeSystemName="NDC" displayName="Erythromycin 5 MG/GM"/>
                    </code>
                  </manufacturedMaterial>
                </manufacturedProduct>
              </consumable>
            </substanceAdministration>
          </entry>
          <entry>
            <substanceAdministration classCode="SBADM" moodCode="INT">
              <templateId root="2.16.840.1.113883.10.20.22.4.16" extension="2014-06-09"/>
              <templateId root="2.16.840.1.113883.10.20.22.4.16"/>
              <id root="DischargeMed-55e54322-a882-47c6-ba40-f352d1371a3a"/>
              <text>medication:CALCITRIOL 0.25 MCG 0.25 MCG|dose:MCG ug|route:ORAL|frequency:BEFORE MEALS</text>
              <statusCode code="completed"/>
              <effectiveTime xsi:type="IVL_TS">
                <low value="20161201"/>
                <high nullFlavor="UNK"/>
              </effectiveTime>
              <routeCode code="C38288" codeSystem="2.16.840.1.113883.3.26.1.1" codeSystemName="National Cancer Institute (NCI) Thesaurus" displayName="ORAL"/>
              <doseQuantity value="0.25" unit="ug"/>
              <rateQuantity nullFlavor="UNK"/>
              <consumable>
                <manufacturedProduct classCode="MANU">
                  <templateId root="2.16.840.1.113883.10.20.22.4.23" extension="2014-06-09"/>
                  <templateId root="2.16.840.1.113883.10.20.22.4.23"/>
                  <manufacturedMaterial>
                    <code code="308867" codeSystem="2.16.840.1.113883.6.88" codeSystemName="RXNorm" displayName="CALCITRIOL 0.25 MCG 0.25 MCG">
                      <translation code="00054000713" codeSystem="2.16.840.1.113883.6.69" codeSystemName="NDC" displayName="CALCITRIOL 0.25 MCG 0.25 MCG"/>
                    </code>
                  </manufacturedMaterial>
                </manufacturedProduct>
              </consumable>
              <performer>
                <assignedEntity>
                  <id root="2.16.840.1.113883.3.1579.7277837785.1.400" extension="1908" assigningAuthorityName="HMS PROVIDER NUMBER"/>
                  <addr><streetAddressLine>1100 SOUTHFIELD DR  STE 1220</streetAddressLine><city>PLAINFIELD</city><state>IN</state><postalCode>46168</postalCode></addr>
                  <telecom nullFlavor="NAV"/>
                  <assignedPerson>
                    <name><family>MEDHOST</family><given>USER2</given></name>
                  </assignedPerson>
                </assignedEntity>
              </performer>
            </substanceAdministration>
          </entry>
          <entry>
            <substanceAdministration classCode="SBADM" moodCode="EVN">
              <templateId root="2.16.840.1.113883.10.20.22.4.16" extension="2014-06-09"/>
              <templateId root="2.16.840.1.113883.10.20.22.4.16"/>
              <id root="AdminMedication-d703eef6-4c02-49e8-a916-10a16739367d"/>
              <text>medication:ERYTHROMYCIN 5 MG/GM OINT|dose:EA EA|route:OPHTHALMIC|frequency:TWO TIMES A DAY</text>
              <statusCode code="completed"/>
              <effectiveTime xsi:type="IVL_TS">
                <low value="20161201"/>
                <high value="20161202"/>
              </effectiveTime>
              <routeCode code="C38287" codeSystem="2.16.840.1.113883.3.26.1.1" codeSystemName="National Cancer Institute (NCI) Thesaurus" displayName="OPHTHALMIC"/>
              <doseQuantity value="1.0" unit="EA"/>
              <rateQuantity nullFlavor="UNK"/>
              <consumable>
                <manufacturedProduct classCode="MANU">
                  <templateId root="2.16.840.1.113883.10.20.22.4.23" extension="2014-06-09"/>
                  <templateId root="2.16.840.1.113883.10.20.22.4.23"/>
                  <manufacturedMaterial>
                    <code code="310149" codeSystem="2.16.840.1.113883.6.88" codeSystemName="RXNorm" displayName="ERYTHROMYCIN 5 MG/GM OINT">
                      <translation code="17478007035" codeSystem="2.16.840.1.113883.6.69" codeSystemName="NDC" displayName="ERYTHROMYCIN 5 MG/GM OINT"/>
                    </code>
                  </manufacturedMaterial>
                </manufacturedProduct>
              </consumable>
              <performer>
                <assignedEntity>
                  <id root="2.16.840.1.113883.3.1579.7277837785.1.400" extension="1908" assigningAuthorityName="HMS PROVIDER NUMBER"/>
                  <id root="2.16.840.1.113883.4.6" extension="1023091360"/>
                  <addr><streetAddressLine>1100 SOUTHFIELD DR  STE 1220</streetAddressLine><city>PLAINFIELD</city><state>IN</state><postalCode>46168</postalCode></addr>
                  <telecom nullFlavor="NAV"/>
                  <assignedPerson>
                    <name><family>MEDHOST</family><given>USER2</given></name>
                  </assignedPerson>
                </assignedEntity>
              </performer>
            </substanceAdministration>
          </entry>
          <entry>
            <substanceAdministration classCode="SBADM" moodCode="EVN">
              <templateId root="2.16.840.1.113883.10.20.22.4.16" extension="2014-06-09"/>
              <templateId root="2.16.840.1.113883.10.20.22.4.16"/>
              <id root="AdminMedication-6f9b81c4-19ac-450c-aabf-4f12f728cc66"/>
              <text>medication:WARFARIN (Coumadin) 1 MG TABS|dose:MG mg|route:ORAL|frequency:ONCE DAILY AT 1700</text>
              <statusCode code="completed"/>
              <effectiveTime xsi:type="IVL_TS">
                <low value="20161201"/>
                <high value="20161202"/>
              </effectiveTime>
              <routeCode code="C38288" codeSystem="2.16.840.1.113883.3.26.1.1" codeSystemName="National Cancer Institute (NCI) Thesaurus" displayName="ORAL"/>
              <doseQuantity value="1.0" unit="mg"/>
              <rateQuantity nullFlavor="UNK"/>
              <consumable>
                <manufacturedProduct classCode="MANU">
                  <templateId root="2.16.840.1.113883.10.20.22.4.23" extension="2014-06-09"/>
                  <templateId root="2.16.840.1.113883.10.20.22.4.23"/>
                  <manufacturedMaterial>
                    <code code="855288" codeSystem="2.16.840.1.113883.6.88" codeSystemName="RXNorm" displayName="WARFARIN (Coumadin) 1 MG TABS">
                      <translation code="00056016901" codeSystem="2.16.840.1.113883.6.69" codeSystemName="NDC" displayName="WARFARIN (Coumadin) 1 MG TABS"/>
                    </code>
                  </manufacturedMaterial>
                </manufacturedProduct>
              </consumable>
              <performer>
                <assignedEntity>
                  <id root="2.16.840.1.113883.3.1579.7277837785.1.400" extension="1301" assigningAuthorityName="HMS PROVIDER NUMBER"/>
                  <id root="2.16.840.1.113883.4.6" extension="1750346755"/>
                  <addr><streetAddressLine>1044 WEST WALNUT RM 202</streetAddressLine><city>INDIANAPOLIS</city><state>IN</state><postalCode>17102</postalCode></addr>
                  <telecom nullFlavor="NAV"/>
                  <assignedPerson>
                    <name><family>MEDHOST</family><given>USER1</given></name>
                  </assignedPerson>
                </assignedEntity>
              </performer>
            </substanceAdministration>
          </entry>
          <entry>
            <substanceAdministration classCode="SBADM" moodCode="EVN">
              <templateId root="2.16.840.1.113883.10.20.22.4.16" extension="2014-06-09"/>
              <templateId root="2.16.840.1.113883.10.20.22.4.16"/>
              <id root="AdminMedication-1f2af06a-03ed-4a3f-ab82-ea98be1a6443"/>
              <text>medication:ALBUMIN HUMAN 25 % SOLN|dose:ML mL|route:ORAL|frequency:BEFORE MEALS</text>
              <statusCode code="completed"/>
              <effectiveTime xsi:type="IVL_TS">
                <low value="20161201"/>
                <high value="20161202"/>
              </effectiveTime>
              <routeCode code="C38288" codeSystem="2.16.840.1.113883.3.26.1.1" codeSystemName="National Cancer Institute (NCI) Thesaurus" displayName="ORAL"/>
              <doseQuantity value="50.0" unit="mL"/>
              <rateQuantity nullFlavor="UNK"/>
              <consumable>
                <manufacturedProduct classCode="MANU">
                  <templateId root="2.16.840.1.113883.10.20.22.4.23" extension="2014-06-09"/>
                  <templateId root="2.16.840.1.113883.10.20.22.4.23"/>
                  <manufacturedMaterial>
                    <code code="1741570" codeSystem="2.16.840.1.113883.6.88" codeSystemName="RXNorm" displayName="ALBUMIN HUMAN 25 % SOLN">
                      <translation code="44206025110" codeSystem="2.16.840.1.113883.6.69" codeSystemName="NDC" displayName="ALBUMIN HUMAN 25 % SOLN"/>
                    </code>
                  </manufacturedMaterial>
                </manufacturedProduct>
              </consumable>
              <performer>
                <assignedEntity>
                  <id root="2.16.840.1.113883.3.1579.7277837785.1.400" extension="1301" assigningAuthorityName="HMS PROVIDER NUMBER"/>
                  <id root="2.16.840.1.113883.4.6" extension="1750346755"/>
                  <addr><streetAddressLine>1044 WEST WALNUT RM 202</streetAddressLine><city>INDIANAPOLIS</city><state>IN</state><postalCode>17102</postalCode></addr>
                  <telecom nullFlavor="NAV"/>
                  <assignedPerson>
                    <name><family>MEDHOST</family><given>USER1</given></name>
                  </assignedPerson>
                </assignedEntity>
              </performer>
            </substanceAdministration>
          </entry>
        </section>
      </component>
      <component>
        <section>
          <templateId root="2.16.840.1.113883.10.20.22.2.17" extension="2015-08-01"/>
          <code code="29762-2" codeSystem="2.16.840.1.113883.6.1" codeSystemName="LOINC" displayName="SOCIAL HISTORY"/>
          <title>SOCIAL HISTORY</title>
          <text><table border="1" width="100%"><caption>SOCIAL HISTORY</caption><thead><tr><th>SNOMED-CT</th><th>Social History Element</th><th>Description</th><th>Effective Dates</th><th>Observation Date</th><th>Offered Cessation</th><th>Entered By</th><th>Comment</th></tr></thead><tbody><tr><td>266927001</td><td>Current Tobacco use and exposure Status</td><td>Unknown If Ever Smoked</td><td/><td/><td/><td/><td/></tr></tbody></table><br/><br/><table border="1" width="100%"><caption>SOCIAL HISTORY - Birth Gender</caption><tbody><tr><td>Birth Sex: Female</td></tr></tbody></table></text>
          <entry typeCode="DRIV">
            <observation classCode="OBS" moodCode="EVN">
              <templateId root="2.16.840.1.113883.10.20.22.4.78" extension="2015-08-01"/>
              <id root="c2cf6972-d10e-4fb7-9458-c7943d51d909"/>
              <code code="72166-2" codeSystem="2.16.840.1.113883.6.1" codeSystemName="LOINC" displayName="Tobacco use and exposure"/>
              <statusCode code="completed"/>
              <effectiveTime nullFlavor="NA"/>
              <value xsi:type="CD" code="266927001" codeSystem="2.16.840.1.113883.6.96" codeSystemName="SNOMED CT" displayName="Unknown If Ever Smoked"/>
            </observation>
          </entry>
          <entry typeCode="DRIV">
            <observation classCode="OBS" moodCode="EVN">
              <templateId root="2.16.840.1.113883.10.20.22.4.200" extension="2016-06-01"/>
              <code code="76689-9" codeSystem="2.16.840.1.113883.6.1" codeSystemName="LOINC" displayName="Sex Assigned At Birth"/>
              <statusCode code="completed"/>
              <effectiveTime nullFlavor="NA"/>
              <value xsi:type="CD" code="F" codeSystem="2.16.840.1.113883.5.1" codeSystemName="Administrative Gender" displayName="Female"/>
            </observation>
          </entry>
        </section>
      </component>
      <component>
        <section nullFlavor="NI">
          <templateId root="2.16.840.1.113883.10.20.22.2.4.1" extension="2015-08-01"/>
          <code code="8716-3" codeSystem="2.16.840.1.113883.6.1" codeSystemName="LOINC" displayName="Vital Signs"/>
          <title>VITAL SIGNS</title>
          <text><table border="1" width="100%"><caption>PATIENT VITAL SIGNS</caption><thead><tr><td colspan="4">This section displays the most recent value for each vital sign as of December 2, 2016 5:45:23 AM UTC</td></tr><tr><th scope="col">Vital Sign</th><th scope="col">Date</th><th scope="col">Result</th></tr></thead><tbody><tr><td colspan="9">No Vital Information Available.</td></tr></tbody></table></text>
        </section>
      </component>
      <component>
        <section nullFlavor="NI">
          <templateId root="2.16.840.1.113883.10.20.22.2.7.1" extension="2014-06-09"/>
          <code code="47519-4" codeSystem="2.16.840.1.113883.6.1" codeSystemName="LOINC" displayName="History of Procedures Document"/>
          <title>PROCEDURES</title>
          <text><table border="1" width="100%"><caption>PATIENT PROCEDURES</caption><thead><tr><th>CODE</th><th>SYSTEM</th><th>DESCRIPTION</th></tr></thead><tbody><tr><td colspan="3">Procedure information is not available.</td></tr></tbody></table></text>
        </section>
      </component>
      <component>
        <section nullFlavor="NI">
          <templateId root="2.16.840.1.113883.10.20.22.2.60"/>
          <code code="61146-7" codeSystem="2.16.840.1.113883.6.1" codeSystemName="LOINC" displayName="Goals"/>
          <title>GOALS</title>
          <text><table border="1" width="100%"><caption>PATIENT GOALS</caption><thead><tr><th>Goal</th><th>Date</th></tr></thead><tbody><tr><td colspan="2">Goal information is not available.</td></tr></tbody></table></text>
        </section>
      </component>
      <component>
        <section>
          <templateId root="2.16.840.1.113883.10.20.22.2.58"/>
          <code code="75310-3" codeSystem="2.16.840.1.113883.6.1" codeSystemName="LOINC" displayName="Health Concerns Document"/>
          <title>HEALTH CONCERNS</title>
          <text><table border="1" width="100%"><caption>Problems</caption><thead><tr><th>Concern</th><th>Status</th><th>Date</th></tr></thead><tbody><tr><td colspan="3">Health Concern problem information not available.</td></tr></tbody></table><br/><table border="1" width="100%"><caption>Smoking Status</caption><thead><tr><th>Concern</th><th>Status</th><th>Date</th></tr></thead><tbody><tr><td colspan="3">Health Concern social history information not available.</td></tr></tbody></table><br/><table border="1" width="100%"><caption>Family History</caption><thead><tr><th>Concern</th><th>Status</th><th>Date</th></tr></thead><tbody><tr><td colspan="3">Health Concern family history information not available.</td></tr></tbody></table></text>
        </section>
      </component>
      <component>
        <section nullFlavor="NI">
          <templateId root="2.16.840.1.113883.10.20.22.2.23" extension="2014-06-09"/>
          <code code="46264-8" codeSystem="2.16.840.1.113883.6.1" codeSystemName="LOINC" displayName="Medical Equipment"/>
          <title>MEDICAL EQUIPMENT</title>
          <text><table border="1" width="100%"><caption>MEDICAL EQUIPMENT</caption><thead><tr><th>Device</th><th>Status</th><th>Quantity</th><th>Dates</th><th>Procedure</th><th>Comments</th></tr></thead><tbody><tr><td colspan="6">Information not available.</td></tr></tbody></table></text>
        </section>
      </component>
      <component>
        <section>
          <templateId root="2.16.840.1.113883.10.20.22.2.22.1" extension="2015-08-01"/>
          <code code="46240-8" codeSystem="2.16.840.1.113883.6.1" codeSystemName="LOINC" displayName="History of hospitalizations+History of outpatient visits Narrative"/>
          <title>ENCOUNTERS</title>
          <text><table border="1" width="100%"><caption>ENCOUNTER INFORMATION</caption><tbody><tr><th scope="row">Reason for Visit</th><td colspan="2">Not Specified</td></tr><tr><th scope="row">Admission</th><td>November 28, 2016 8:25:00 AM UTC</td><td>MU CERTIFY HOSPITAL<br/>6550 CAROTHERS PKWY<br/>FRANKLIN TN 37067</td></tr><tr><th scope="row">Discharge</th><td>December 2, 2016 5:45:00 AM UTC</td><td>TO SHORT-TERM HOSPITAL FOR IP CARE</td></tr></tbody></table><br/><br/><table border="1" width="100%"><caption>CARE TEAM</caption><thead><tr><th>Care Team Member</th><th>Role</th></tr></thead><tbody><tr><td>AARON ADMIT</td><td>Admitting</td></tr><tr><td>AARON ADMIT</td><td>Primary Attending</td></tr></tbody></table><br/><br/><table border="1" width="100%"><caption>ENCOUNTER DIAGNOSES</caption><thead><tr><th>Code</th><th>System</th><th>Diagnosis</th><th>Onset Date</th></tr></thead><tbody><tr><td colspan="4">Diagnosis information is not available.</td></tr></tbody></table></text>
          <entry typeCode="DRIV">
            <encounter classCode="ENC" moodCode="EVN">
              <templateId root="2.16.840.1.113883.10.20.22.4.49" extension="2015-08-01"/>
              <id root="2.16.840.1.113883.3.1579.7277837785.1.300" extension="4005281" assigningAuthorityName="HMS PATIENT ACCOUNT NUMBER"/>
              <code code="32485007" codeSystem="2.16.840.1.113883.6.96" codeSystemName="SNOMED CT" displayName="Hospital Admission"/>
              <effectiveTime>
                <low value="20161128082500+0000"/>
                <high value="20161202054500+0000"/>
              </effectiveTime>
              <performer>
                <assignedEntity>
                  <id root="2.16.840.1.113883.4.6" extension="4567894345"/>
                  <addr><streetAddressLine>1006 HEALTHCARE DRIVE4</streetAddressLine><city>PORTLAND</city><state>TX</state><postalCode>77501</postalCode></addr>
                  <telecom value="tel:(615)985-6658" use="WP"/>
                  <assignedPerson>
                    <name><family>ADMIT</family><given>AARON</given></name>
                  </assignedPerson>
                </assignedEntity>
              </performer>
              <performer>
                <assignedEntity>
                  <id root="2.16.840.1.113883.4.6" extension="4567894345"/>
                  <addr><streetAddressLine>1006 HEALTHCARE DRIVE4</streetAddressLine><city>PORTLAND</city><state>TX</state><postalCode>77501</postalCode></addr>
                  <telecom value="tel:(615)985-6658" use="WP"/>
                  <assignedPerson>
                    <name><family>ADMIT</family><given>AARON</given></name>
                  </assignedPerson>
                </assignedEntity>
              </performer>
              <participant typeCode="LOC">
                <participantRole classCode="SDLOC">
                  <playingEntity>
                    <name>MU CERTIFY HOSPITAL</name>
                  </playingEntity>
                </participantRole>
              </participant>
            </encounter>
          </entry>
        </section>
      </component>
      <component>
        <section nullFlavor="NI">
          <templateId root="2.16.840.1.113883.10.20.22.2.41"/>
          <code code="8653-8" codeSystem="2.16.840.1.113883.6.1" codeSystemName="LOINC" displayName="Hospital Discharge Instructions"/>
          <title>HOSPITAL DISCHARGE INSTRUCTION</title>
          <text><table border="1" width="100%"><caption>DISCHARGE INSTRUCTION</caption><tbody><tr><td colspan="5">Discharge instruction information is not available</td></tr></tbody></table></text>
        </section>
      </component>
    </structuredBody>
  </component>
</ClinicalDocument>