<?xml version="1.0" encoding="UTF-8"?>
<ClinicalDocument xmlns:xsi="http://www.w3.org/2001/XMLSchema-instance" xmlns="urn:hl7-org:v3" xmlns:sdtc="urn:hl7-org:sdtc" xmlns:voc="urn:hl7-org:v3/voc" xsi:schemaLocation="urn:hl7-org:v3 CDA.xsd">
  <realmCode code="US"/>
  <typeId root="2.16.840.1.113883.1.3" extension="POCD_HD000040"/>
  <templateId root="2.16.840.1.113883.10.20.22.1.1" extension="2015-08-01"/>
  <templateId root="2.16.840.1.113883.10.20.22.1.2" extension="2015-08-01"/>
  <id root="2.16.840.1.113883.3.1579.7277837785.1.100" extension="cf85b762-01ff-400e-9e55-aefda678521f" assigningAuthorityName="HMS DOCUMENT ID"/>
  <code code="34133-9" codeSystem="2.16.840.1.113883.6.1" codeSystemName="LOINC" displayName="Summarization of Episode Note"/>
  <title>Continuity of Care Document</title>
  <effectiveTime value="20161202200816+0000"/>
  <confidentialityCode code="N" codeSystem="2.16.840.1.113883.5.25"/>
  <languageCode code="en-US"/>
  <setId root="2.16.840.1.113883.3.1579.7277837785.1.101" extension="001.81501.5261107.00010101060000.00010101060000.2" assigningAuthorityName="HMS SET ID"/>
  <versionNumber value="1"/>
  <recordTarget>
    <patientRole>
      <id root="2.16.840.1.113883.3.1579.7277837785.1.200" extension="81501" assigningAuthorityName="HMS MRN"/>
      <id root="2.16.840.1.113883.3.1579.7277837785.1.300" extension="5261107" assigningAuthorityName="HMS PATIENT ACCOUNT NUMBER"/>
      <addr use="HP"><streetAddressLine>LINE2</streetAddressLine><city>OKLAHOMA CITY</city><state>OK</state><postalCode>73115</postalCode></addr>
      <telecom nullFlavor="NAV"/>
      <patient>
        <name use="L"><given>SS3</given><family>TEST</family></name>
        <administrativeGenderCode code="M" codeSystem="2.16.840.1.113883.5.1" codeSystemName="Administrative Gender" displayName="Male"/>
        <birthTime value="19460101"/>
        <raceCode code="2106-3" codeSystem="2.16.840.1.113883.6.238" codeSystemName="Race and Ethnicity - CDC" displayName="White"/>
        <sdtc:raceCode code="1002-5" codeSystem="2.16.840.1.113883.6.238" codeSystemName="Race and Ethnicity - CDC" displayName="American Indian or Alaska Native"/>
        <sdtc:raceCode nullFlavor="OTH"/>
        <ethnicGroupCode code="2186-5" codeSystem="2.16.840.1.113883.6.238" codeSystemName="Race and Ethnicity - CDC" displayName="Not Hispanic or Latino"/>
        <languageCommunication>
          <languageCode nullFlavor="NA"/>
        </languageCommunication>
      </patient>
    </patientRole>
  </recordTarget>
  <author>
    <time value="20161202200816+0000"/>
    <assignedAuthor>
      <id root="2.16.840.1.113883.4.6" extension="1679502322" assigningAuthorityName="National Provider ID (NPI)"/>
      <code code="261QE0002X" codeSystem="2.16.840.1.113883.6.101" codeSystemName="NUCC Health Care Provider Taxonomy" displayName="Emergency Care"/>
      <addr use="WP"><streetAddressLine>6550 CAROTHERS PKWY</streetAddressLine><city>FRANKLIN</city><state>TN</state><postalCode>370670000</postalCode></addr>
      <telecom value="tel:(217)465-4141" use="WP"/>
      <assignedPerson>
        <name>MU CERTIFY HOSPITAL</name>
      </assignedPerson>
    </assignedAuthor>
  </author>
  <custodian>
    <assignedCustodian>
      <representedCustodianOrganization>
        <id root="2.16.840.1.113883.3.1579.7277837785.1.500" extension="001" assigningAuthorityName="HMS HOSPITAL NUMBER"/>
        <name>MU CERTIFY HOSPITAL</name>
        <telecom value="tel:(217)465-4141" use="WP"/>
        <addr use="WP"><streetAddressLine>6550 CAROTHERS PKWY</streetAddressLine><city>FRANKLIN</city><state>TN</state><postalCode>370670000</postalCode></addr>
      </representedCustodianOrganization>
    </assignedCustodian>
  </custodian>
  <documentationOf>
    <serviceEvent classCode="PCPR">
      <code displayName="A HEADACHE, NAUSEA, AND DIZZINESS"/>
      <effectiveTime>
        <low value="20161124065400+0000"/>
        <high value="20161202200816+0000"/>
      </effectiveTime>
      <performer typeCode="PRF">
        <functionCode code="ADMPHYS" codeSystem="2.16.840.1.113883.5.88" codeSystemName="ParticipationFunction" displayName="Admitting"/>
        <assignedEntity classCode="ASSIGNED">
          <id root="2.16.840.1.113883.4.6" extension="OTH000"/>
          <code code="208D00000X" codeSystem="2.16.840.1.113883.6.101" codeSystemName="NUCC Health Care Provider Taxonomy" displayName="General Practice"/>
          <addr><streetAddressLine>1413 N 6 1/2 ST</streetAddressLine><city>TERRE HAUTE</city><state>IN</state><postalCode>47807</postalCode></addr>
          <telecom value="tel:(812)238-7631" use="WP"/>
          <assignedPerson>
            <name><given>JOSEPH</given><family>ABDAYEM</family><given>A</given></name>
          </assignedPerson>
        </assignedEntity>
      </performer>
      <performer typeCode="PRF">
        <functionCode code="ATTPHYS" codeSystem="2.16.840.1.113883.5.88" codeSystemName="ParticipationFunction" displayName="Primary Attending"/>
        <assignedEntity classCode="ASSIGNED">
          <id root="2.16.840.1.113883.4.6" extension="OTH000"/>
          <code code="208D00000X" codeSystem="2.16.840.1.113883.6.101" codeSystemName="NUCC Health Care Provider Taxonomy" displayName="General Practice"/>
          <addr><streetAddressLine>1413 N 6 1/2 ST</streetAddressLine><city>TERRE HAUTE</city><state>IN</state><postalCode>47807</postalCode></addr>
          <telecom value="tel:(812)238-7631" use="WP"/>
          <assignedPerson>
            <name><given>JOSEPH</given><family>ABDAYEM</family><given>A</given></name>
          </assignedPerson>
        </assignedEntity>
      </performer>
    </serviceEvent>
  </documentationOf>
  <componentOf>
    <encompassingEncounter>
      <id root="2.16.840.1.113883.3.1579.7277837785.1.300" extension="5261107" assigningAuthorityName="HMS PATIENT ACCOUNT NUMBER"/>
      <code code="4525004" codeSystem="2.16.840.1.113883.6.96" codeSystemName="SNOMED CT" displayName="Emergency Department Patient Visit"/>
      <effectiveTime>
        <low value="20161124065400+0000"/>
        <high value="20161202200700+0000"/>
      </effectiveTime>
      <dischargeDispositionCode code="9" codeSystem="2.16.840.1.113883.12.112" codeSystemName="HL7 Discharge Disposition" displayName="ADMITTED AS AN IP TO THIS HOSPITAL"/>
    </encompassingEncounter>
  </componentOf>
  <component>
    <structuredBody>
      <component>
        <section nullFlavor="NI">
          <templateId root="2.16.840.1.113883.10.20.22.2.6.1" extension="2015-08-01"/>
          <templateId root="2.16.840.1.113883.10.20.22.2.6.1"/>
          <code code="48765-2" codeSystem="2.16.840.1.113883.6.1" codeSystemName="LOINC" displayName="Allergies and adverse reactions Document"/>
          <title>ALLERGIES AND ADVERSE REACTIONS</title>
          <text><table border="1" width="100%"><caption>ALLERGIES AND ADVERSE REACTIONS</caption><thead><tr><th>Code</th><th>System</th><th>Allergy Substance</th><th>Adverse Reaction Date</th><th>Reaction (Severity)</th><th>Comment</th><th>Status</th><th>Reported By</th><th>Entered By</th></tr></thead><tbody><tr><td colspan="9">Information not available.</td></tr></tbody></table></text>
        </section>
      </component>
      <component>
        <section nullFlavor="NI">
          <templateId root="2.16.840.1.113883.10.20.22.2.8"/>
          <code code="51848-0" codeSystem="2.16.840.1.113883.6.1" codeSystemName="LOINC" displayName="ASSESSMENTS"/>
          <title>ASSESSMENTS</title>
          <text><content styleCode="Bold">No Information Available</content></text>
        </section>
      </component>
      <component>
        <section nullFlavor="NI">
          <templateId root="2.16.840.1.113883.10.20.22.2.15" extension="2015-08-01"/>
          <templateId root="2.16.840.1.113883.10.20.22.2.15"/>
          <code code="10157-6" codeSystem="2.16.840.1.113883.6.1" codeSystemName="LOINC" displayName="FAMILY HISTORY"/>
          <title>FAMILY HISTORY</title>
          <text><table border="1" width="100%"><caption>FAMILY HISTORY</caption><tbody><tr><td colspan="3">No Family History Information Available</td></tr></tbody></table></text>
        </section>
      </component>
      <component>
        <section nullFlavor="NI">
          <templateId root="2.16.840.1.113883.10.20.22.2.14" extension="2014-06-09"/>
          <code code="47420-5" codeSystem="2.16.840.1.113883.6.1" codeSystemName="LOINC" displayName="FUNCTIONAL STATUS"/>
          <title>FUNCTIONAL STATUS</title>
          <text><table border="1" width="100%"><caption>FUNCTIONAL STATUS</caption><tbody><tr><td colspan="5">Functional Status information is not available.</td></tr></tbody></table></text>
        </section>
      </component>
      <component>
        <section nullFlavor="NI">
          <templateId root="2.16.840.1.113883.10.20.22.2.56" extension="2015-08-01"/>
          <code code="10190-7" codeSystem="2.16.840.1.113883.6.1" codeSystemName="LOINC" displayName="Mental Status"/>
          <title>MENTAL STATUS</title>
          <text><table border="1" width="100%"><caption>MENTAL STATUS</caption><tbody><tr><td colspan="5">Mental Status information is not available.</td></tr></tbody></table></text>
        </section>
      </component>
      <component>
        <section>
          <templateId root="2.16.840.1.113883.10.20.22.2.5.1" extension="2015-08-01"/>
          <templateId root="2.16.840.1.113883.10.20.22.2.5.1"/>
          <code code="11450-4" codeSystem="2.16.840.1.113883.6.1" codeSystemName="LOINC" displayName="Problem List"/>
          <title>PROBLEMS</title>
          <text><table border="1" width="100%"><caption>PATIENT PROBLEMS</caption><thead><tr><th>Code</th><th>Description/Comments</th><th>Status</th><th>Date</th><th>Entered By</th></tr></thead><tbody><tr><td>420057003</td><td>Accidental poisoning by carbon monoxide</td><td>completed</td><td>December 2, 2016 8:02:45 PM UTC</td><td>HMS</td></tr></tbody></table></text>
          <entry typeCode="DRIV">
            <act classCode="ACT" moodCode="EVN">
              <templateId root="2.16.840.1.113883.10.20.22.4.3" extension="2015-08-01"/>
              <templateId root="2.16.840.1.113883.10.20.22.4.3"/>
              <id root="82dabd24-aba9-4443-ad99-10e6fff99979"/>
              <code code="CONC" codeSystem="2.16.840.1.113883.5.6" codeSystemName="HL7 Act Class" displayName="Concern"/>
              <statusCode code="completed"/>
              <effectiveTime>
                <low nullFlavor="UNK"/>
                <high value="20161202"/>
              </effectiveTime>
              <entryRelationship typeCode="SUBJ">
                <observation classCode="OBS" moodCode="EVN">
                  <templateId root="2.16.840.1.113883.10.20.22.4.4" extension="2015-08-01"/>
                  <templateId root="2.16.840.1.113883.10.20.22.4.4"/>
                  <id root="27a025c5-d745-4395-99a1-d2b227f7f381"/>
                  <code code="55607006" codeSystem="2.16.840.1.113883.6.96" codeSystemName="SNOMED CT" displayName="Problem">
                    <translation code="75326-9" codeSystem="2.16.840.1.113883.6.1" codeSystemName="LOINC" displayName="Problem"/>
                  </code>
                  <statusCode code="completed"/>
                  <effectiveTime>
                    <low nullFlavor="UNK"/>
                    <high value="20161202"/>
                  </effectiveTime>
                  <value xsi:type="CD" code="420057003" codeSystem="2.16.840.1.113883.6.96" codeSystemName="SNOMED CT" displayName="Accidental poisoning by carbon monoxide"/>
                  <entryRelationship typeCode="SUBJ" inversionInd="true">
                    <observation classCode="OBS" moodCode="EVN">
                      <templateId root="2.16.840.1.113883.10.20.22.4.31"/>
                      <code code="445518008" codeSystem="2.16.840.1.113883.6.96" codeSystemName="SNOMED CT" displayName="Age at Onset"/>
                      <statusCode code="completed"/>
                      <value xsi:type="PQ" nullFlavor="UNK"/>
                    </observation>
                  </entryRelationship>
                </observation>
              </entryRelationship>
            </act>
          </entry>
        </section>
      </component>
      <component>
        <section nullFlavor="NI">
          <templateId root="2.16.840.1.113883.10.20.22.2.3.1" extension="2015-08-01"/>
          <code code="30954-2" codeSystem="2.16.840.1.113883.6.1" codeSystemName="LOINC" displayName="Relevant diagnostic tests/laboratory data Narrative"/>
          <title>RESULTS</title>
          <text><table border="1" width="100%"><thead><tr><th colspan="5">LABORATORY RESULTS</th></tr></thead><tbody><tr><td>LOINC</td><td>TEST</td><td>FLAG</td><td>RESULT</td><td>REFERENCE RANGE</td></tr><tr><td colspan="10">Information is not available</td></tr></tbody></table><table border="1" width="100%"><thead><tr><th colspan="5">MICROBIOLOGY RESULTS</th></tr></thead><tbody><tr><td>LOINC</td><td>ANTIBIOTIC</td><td>MIC</td><td>TYPE</td><td>VALUE</td></tr><tr><td colspan="10">Information is not available</td></tr></tbody></table></text>
        </section>
      </component>
      <component>
        <section nullFlavor="NI">
          <templateId root="2.16.840.1.113883.10.20.22.2.10" extension="2014-06-09"/>
          <code code="18776-5" codeSystem="2.16.840.1.113883.6.1" codeSystemName="LOINC" displayName="Plan of Treatment"/>
          <title>TREATMENT PLAN</title>
          <text><table border="1" width="100%"><thead><tr><th>PATIENT TREATMENT PLAN</th></tr></thead><tbody><tr><td>Treatment plan information not available</td></tr></tbody></table></text>
        </section>
      </component>
      <component>
        <section nullFlavor="NI">
          <templateId root="1.3.6.1.4.1.19376.1.5.3.1.3.5"/>
          <code code="8648-8" codeSystem="2.16.840.1.113883.6.1" codeSystemName="LOINC" displayName="HOSPITAL COURSE"/>
          <title>HOSPITAL COURSE</title>
          <text><table border="1" width="100%"><caption>HOSPITAL COURSE</caption><tbody><tr><td colspan="2">Information is not available</td></tr></tbody></table></text>
        </section>
      </component>
      <component>
        <section nullFlavor="NI">
          <templateId root="2.16.840.1.113883.10.20.22.2.2.1" extension="2015-08-01"/>
          <code code="11369-6" codeSystem="2.16.840.1.113883.6.1" codeSystemName="LOINC" displayName="History of Immunization Narrative"/>
          <title>IMMUNIZATIONS</title>
          <text><table border="1" width="100%"><caption>PATIENT IMMUNIZATIONS</caption><thead><tr><th>Code</th><th>System</th><th>Vaccine Name</th><th>Consent</th><th>Reactions</th><th>Comments</th><th>Administered By</th><th>Route</th><th>Site</th><th>Entered By</th></tr></thead><tbody><tr><td colspan="10">Information is not available</td></tr></tbody></table></text>
        </section>
      </component>
      <component>
        <section>
          <templateId root="2.16.840.1.113883.10.20.22.2.1.1" extension="2014-06-09"/>
          <code code="10160-0" codeSystem="2.16.840.1.113883.6.1" codeSystemName="LOINC" displayName="History of Medication use Narrative"/>
          <title>MEDICATIONS</title>
          <text><table border="1" width="100%"><caption>HOME MEDICATIONS</caption><thead><tr><th>Status</th><th>RXNORM</th><th>Medication</th><th>Dose</th><th>Route</th><th>Frequency</th><th>Dates</th><th>Comments</th><th>Entered By</th><th>Reported By</th></tr></thead><tbody><tr><td colspan="10">Drug Treatment Unknown</td></tr></tbody></table><br/><table border="1" width="100%"><caption>DISCHARGE MEDICATIONS</caption><thead><tr><th>Status</th><th>RXNORM</th><th>Medication</th><th>Dose</th><th>Route</th><th>Frequency</th><th>Dates</th><th>Comments</th><th>Physician</th><th>Entered By</th></tr></thead><tbody><tr><td colspan="10">No Discharge Medication Information Available</td></tr></tbody></table><br/><table border="1" width="100%"><caption>INPATIENT MEDICATIONS</caption><thead><tr><th>Status</th><th>RXNORM</th><th>Medication</th><th>Dose</th><th>Route</th><th>Frequency</th><th>Rate Quantity</th><th>Dates</th><th>Comments</th><th>Physician</th><th>Entered By</th></tr></thead><tbody><tr><td colspan="11">No Inpatient Medication Information Available</td></tr></tbody></table></text>
          <entry>
            <substanceAdministration classCode="SBADM" moodCode="EVN">
              <templateId root="2.16.840.1.113883.10.20.22.4.16" extension="2014-06-09"/>
              <templateId root="2.16.840.1.113883.10.20.22.4.16"/>
              <id root="bfdccb2f-abad-4eb9-b961-c78d2e959177"/>
              <code code="182904002" codeSystem="2.16.840.1.113883.6.96" codeSystemName="SNOMED CT" displayName="Drug Treatment Unknown"/>
              <statusCode code="completed"/>
              <effectiveTime xsi:type="IVL_TS">
                <low nullFlavor="UNK"/>
                <high nullFlavor="UNK"/>
              </effectiveTime>
              <doseQuantity nullFlavor="UNK"/>
              <consumable>
                <manufacturedProduct classCode="MANU">
                  <templateId root="2.16.840.1.113883.10.20.22.4.23" extension="2014-06-09"/>
                  <templateId root="2.16.840.1.113883.10.20.22.4.23"/>
                  <manufacturedMaterial>
                    <code nullFlavor="NI">
                      <originalText>#nomeds</originalText>
                    </code>
                  </manufacturedMaterial>
                </manufacturedProduct>
              </consumable>
            </substanceAdministration>
          </entry>
        </section>
      </component>
      <component>
        <section>
          <templateId root="2.16.840.1.113883.10.20.22.2.17" extension="2015-08-01"/>
          <code code="29762-2" codeSystem="2.16.840.1.113883.6.1" codeSystemName="LOINC" displayName="SOCIAL HISTORY"/>
          <title>SOCIAL HISTORY</title>
          <text><table border="1" width="100%"><caption>SOCIAL HISTORY</caption><thead><tr><th>SNOMED-CT</th><th>Social History Element</th><th>Description</th><th>Effective Dates</th><th>Observation Date</th><th>Offered Cessation</th><th>Entered By</th><th>Comment</th></tr></thead><tbody><tr><td>428061000124105</td><td>Current Tobacco use and exposure Status</td><td>Light Tobacco Smoker</td><td/><td>November 24, 2016 7:15:53 AM UTC</td><td/><td>HMS</td><td/></tr></tbody></table><br/><br/><table border="1" width="100%"><caption>SOCIAL HISTORY - Birth Gender</caption><tbody><tr><td>Birth Sex: Male</td></tr></tbody></table></text>
          <entry typeCode="DRIV">
            <observation classCode="OBS" moodCode="EVN">
              <templateId root="2.16.840.1.113883.10.20.22.4.78" extension="2015-08-01"/>
              <id root="1b85b267-59a2-4124-a79e-587d73be92b9"/>
              <code code="72166-2" codeSystem="2.16.840.1.113883.6.1" codeSystemName="LOINC" displayName="Tobacco use and exposure"/>
              <statusCode code="completed"/>
              <effectiveTime value="20161124071553+0000"/>
              <value xsi:type="CD" code="428061000124105" codeSystem="2.16.840.1.113883.6.96" codeSystemName="SNOMED CT" displayName="Light Tobacco Smoker"/>
            </observation>
          </entry>
          <entry typeCode="DRIV">
            <observation classCode="OBS" moodCode="EVN">
              <templateId root="2.16.840.1.113883.10.20.22.4.200" extension="2016-06-01"/>
              <code code="76689-9" codeSystem="2.16.840.1.113883.6.1" codeSystemName="LOINC" displayName="Sex Assigned At Birth"/>
              <statusCode code="completed"/>
              <effectiveTime nullFlavor="NA"/>
              <value xsi:type="CD" code="M" codeSystem="2.16.840.1.113883.5.1" codeSystemName="Administrative Gender" displayName="Male"/>
            </observation>
          </entry>
        </section>
      </component>
      <component>
        <section>
          <templateId root="2.16.840.1.113883.10.20.22.2.4.1" extension="2015-08-01"/>
          <code code="8716-3" codeSystem="2.16.840.1.113883.6.1" codeSystemName="LOINC" displayName="Vital Signs"/>
          <title>VITAL SIGNS</title>
          <text><table border="1" width="100%"><caption>PATIENT VITAL SIGNS</caption><thead><tr><td colspan="4">This section displays the most recent value for each vital sign as of December 2, 2016 8:08:17 PM UTC</td></tr><tr><th scope="col">Vital Sign</th><th scope="col">Date</th><th scope="col">Result</th></tr></thead><tbody><tr><td align="left" scope="row">Body Surface Area Derived From Formula</td><td>November 24, 2016 7:10:31 AM UTC</td><td>1.8461 m2</td></tr><tr><td align="left" scope="row">Body mass index (BMI) [Ratio]</td><td>November 24, 2016 7:10:31 AM UTC</td><td>28.286 kg/m2</td></tr><tr><td align="left" scope="row">Body height</td><td>November 24, 2016 7:10:31 AM UTC</td><td>165.1 cm (65.0 in) </td></tr><tr><td align="left" scope="row">Body weight Measured</td><td>November 24, 2016 7:10:31 AM UTC</td><td>77.111 kg (170.0 lb) </td></tr></tbody></table></text>
          <entry typeCode="DRIV">
            <organizer classCode="CLUSTER" moodCode="EVN">
              <templateId root="2.16.840.1.113883.10.20.22.4.26" extension="2015-08-01"/>
              <id root="1acead81-6993-4526-a7dc-0fc2b9f23d0f"/>
              <code code="46680005" codeSystem="2.16.840.1.113883.6.96" codeSystemName="SNOMED CT" displayName="VITAL SIGNS">
                <translation code="74728-7" codeSystem="2.16.840.1.113883.6.1" codeSystemName="SNOMED CT" displayName="Vital signs, weight, height, head circumference, oximetry, BMI, and BSA panel"/>
              </code>
              <statusCode code="completed"/>
              <effectiveTime>
                <low value="20161124065400+0000"/>
                <high value="20161202200700+0000"/>
              </effectiveTime>
              <component>
                <observation classCode="OBS" moodCode="EVN">
                  <templateId root="2.16.840.1.113883.10.20.22.4.27" extension="2014-06-09"/>
                  <templateId root="2.16.840.1.113883.10.20.22.4.27"/>
                  <id root="17a43002-3303-48cd-ac11-2f91479cff72"/>
                  <code code="3140-1" codeSystem="2.16.840.1.113883.6.1" codeSystemName="LOINC" displayName="Body Surface Area Derived From Formula"/>
                  <statusCode code="completed"/>
                  <effectiveTime value="20161124071031+0000"/>
                  <value xsi:type="PQ" value="1.8461" unit="m2"/>
                </observation>
              </component>
              <component>
                <observation classCode="OBS" moodCode="EVN">
                  <templateId root="2.16.840.1.113883.10.20.22.4.27" extension="2014-06-09"/>
                  <templateId root="2.16.840.1.113883.10.20.22.4.27"/>
                  <id root="f4592c06-f463-4a6f-918f-a08b29b96e50"/>
                  <code code="39156-5" codeSystem="2.16.840.1.113883.6.1" codeSystemName="LOINC" displayName="Body mass index (BMI) [Ratio]"/>
                  <statusCode code="completed"/>
                  <effectiveTime value="20161124071031+0000"/>
                  <value xsi:type="PQ" value="28.286" unit="kg/m2"/>
                </observation>
              </component>
              <component>
                <observation classCode="OBS" moodCode="EVN">
                  <templateId root="2.16.840.1.113883.10.20.22.4.27" extension="2014-06-09"/>
                  <templateId root="2.16.840.1.113883.10.20.22.4.27"/>
                  <id root="7226ad62-c4a5-43dc-908f-9bf2b6167a58"/>
                  <code code="8302-2" codeSystem="2.16.840.1.113883.6.1" codeSystemName="LOINC" displayName="Body height"/>
                  <statusCode code="completed"/>
                  <effectiveTime value="20161124071031+0000"/>
                  <value xsi:type="PQ" value="165.1" unit="cm"/>
                </observation>
              </component>
              <component>
                <observation classCode="OBS" moodCode="EVN">
                  <templateId root="2.16.840.1.113883.10.20.22.4.27" extension="2014-06-09"/>
                  <templateId root="2.16.840.1.113883.10.20.22.4.27"/>
                  <id root="ef3c55fd-b73d-4e22-ab3c-4790c6929a30"/>
                  <code code="3141-9" codeSystem="2.16.840.1.113883.6.1" codeSystemName="LOINC" displayName="Body weight Measured"/>
                  <statusCode code="completed"/>
                  <effectiveTime value="20161124071031+0000"/>
                  <value xsi:type="PQ" value="77.111" unit="kg"/>
                </observation>
              </component>
            </organizer>
          </entry>
        </section>
      </component>
      <component>
        <section nullFlavor="NI">
          <templateId root="2.16.840.1.113883.10.20.22.2.7.1" extension="2014-06-09"/>
          <code code="47519-4" codeSystem="2.16.840.1.113883.6.1" codeSystemName="LOINC" displayName="History of Procedures Document"/>
          <title>PROCEDURES</title>
          <text><table border="1" width="100%"><caption>PATIENT PROCEDURES</caption><thead><tr><th>CODE</th><th>SYSTEM</th><th>DESCRIPTION</th></tr></thead><tbody><tr><td colspan="3">Procedure information is not available.</td></tr></tbody></table></text>
        </section>
      </component>
      <component>
        <section nullFlavor="NI">
          <templateId root="2.16.840.1.113883.10.20.22.2.60"/>
          <code code="61146-7" codeSystem="2.16.840.1.113883.6.1" codeSystemName="LOINC" displayName="Goals"/>
          <title>GOALS</title>
          <text><table border="1" width="100%"><caption>PATIENT GOALS</caption><thead><tr><th>Goal</th><th>Date</th></tr></thead><tbody><tr><td colspan="2">Goal information is not available.</td></tr></tbody></table></text>
        </section>
      </component>
      <component>
        <section>
          <templateId root="2.16.840.1.113883.10.20.22.2.58"/>
          <code code="75310-3" codeSystem="2.16.840.1.113883.6.1" codeSystemName="LOINC" displayName="Health Concerns Document"/>
          <title>HEALTH CONCERNS</title>
          <text><table border="1" width="100%"><caption>Problems</caption><thead><tr><th>Concern</th><th>Status</th><th>Date</th></tr></thead><tbody><tr><td colspan="3">Health Concern problem information not available.</td></tr></tbody></table><br/><table border="1" width="100%"><caption>Smoking Status</caption><thead><tr><th>Concern</th><th>Status</th><th>Date</th></tr></thead><tbody><tr><td colspan="3">Health Concern social history information not available.</td></tr></tbody></table><br/><table border="1" width="100%"><caption>Family History</caption><thead><tr><th>Concern</th><th>Status</th><th>Date</th></tr></thead><tbody><tr><td colspan="3">Health Concern family history information not available.</td></tr></tbody></table></text>
        </section>
      </component>
      <component>
        <section nullFlavor="NI">
          <templateId root="2.16.840.1.113883.10.20.22.2.23" extension="2014-06-09"/>
          <code code="46264-8" codeSystem="2.16.840.1.113883.6.1" codeSystemName="LOINC" displayName="Medical Equipment"/>
          <title>MEDICAL EQUIPMENT</title>
          <text><table border="1" width="100%"><caption>MEDICAL EQUIPMENT</caption><thead><tr><th>Device</th><th>Status</th><th>Quantity</th><th>Dates</th><th>Procedure</th><th>Comments</th></tr></thead><tbody><tr><td colspan="6">Information not available.</td></tr></tbody></table></text>
        </section>
      </component>
      <component>
        <section>
          <templateId root="2.16.840.1.113883.10.20.22.2.22.1" extension="2015-08-01"/>
          <code code="46240-8" codeSystem="2.16.840.1.113883.6.1" codeSystemName="LOINC" displayName="History of hospitalizations+History of outpatient visits Narrative"/>
          <title>ENCOUNTERS</title>
          <text><table border="1" width="100%"><caption>ENCOUNTER INFORMATION</caption><tbody><tr><th scope="row">Reason for Visit</th><td colspan="2">A HEADACHE, NAUSEA, AND DIZZINESS</td></tr><tr><th scope="row">Admission</th><td>November 24, 2016 6:54:00 AM UTC</td><td>MU CERTIFY HOSPITAL<br/>6550 CAROTHERS PKWY<br/>FRANKLIN TN 37067</td></tr><tr><th scope="row">Discharge</th><td>December 2, 2016 8:07:00 PM UTC</td><td>ADMITTED AS AN IP TO THIS HOSPITAL</td></tr></tbody></table><br/><br/><table border="1" width="100%"><caption>CARE TEAM</caption><thead><tr><th>Care Team Member</th><th>Role</th></tr></thead><tbody><tr><td>JOSEPH ABDAYEM</td><td>Admitting</td></tr><tr><td>JOSEPH ABDAYEM</td><td>Primary Attending</td></tr></tbody></table><br/><br/><table border="1" width="100%"><caption>ENCOUNTER DIAGNOSES</caption><thead><tr><th>Code</th><th>System</th><th>Diagnosis</th><th>Onset Date</th></tr></thead><tbody><tr><td>420057003</td><td>SNOMED-CT</td><td>Accidental poisoning by carbon monoxide</td><td/></tr></tbody></table></text>
          <entry typeCode="DRIV">
            <encounter classCode="ENC" moodCode="EVN">
              <templateId root="2.16.840.1.113883.10.20.22.4.49" extension="2015-08-01"/>
              <id root="2.16.840.1.113883.3.1579.7277837785.1.300" extension="5261107" assigningAuthorityName="HMS PATIENT ACCOUNT NUMBER"/>
              <code code="373864002" codeSystem="2.16.840.1.113883.6.96" codeSystemName="SNOMED CT" displayName="Outpatient Encounter"/>
              <effectiveTime>
                <low value="20161124065400+0000"/>
                <high value="20161202200700+0000"/>
              </effectiveTime>
              <performer>
                <assignedEntity>
                  <id root="2.16.840.1.113883.4.6" extension="OTH000"/>
                  <addr><streetAddressLine>1413 N 6 1/2 ST</streetAddressLine><city>TERRE HAUTE</city><state>IN</state><postalCode>47807</postalCode></addr>
                  <telecom value="tel:(812)238-7631" use="WP"/>
                  <assignedPerson>
                    <name><family>ABDAYEM</family><given>JOSEPH</given></name>
                  </assignedPerson>
                </assignedEntity>
              </performer>
              <performer>
                <assignedEntity>
                  <id root="2.16.840.1.113883.4.6" extension="OTH000"/>
                  <addr><streetAddressLine>1413 N 6 1/2 ST</streetAddressLine><city>TERRE HAUTE</city><state>IN</state><postalCode>47807</postalCode></addr>
                  <telecom value="tel:(812)238-7631" use="WP"/>
                  <assignedPerson>
                    <name><family>ABDAYEM</family><given>JOSEPH</given></name>
                  </assignedPerson>
                </assignedEntity>
              </performer>
              <participant typeCode="LOC">
                <participantRole classCode="SDLOC">
                  <playingEntity>
                    <name>MU CERTIFY HOSPITAL</name>
                  </playingEntity>
                </participantRole>
              </participant>
              <entryRelationship typeCode="RSON">
                <act classCode="ACT" moodCode="EVN">
                  <templateId root="2.16.840.1.113883.10.20.22.4.80" extension="2015-08-01"/>
                  <id root="bf07eca0-4745-4e20-a0af-5143d5b50468"/>
                  <code code="29308-4" codeSystem="2.16.840.1.113883.6.1" codeSystemName="LOINC" displayName="DIAGNOSIS"/>
                  <statusCode code="completed"/>
                  <effectiveTime>
                    <low value="20161124065400+0000"/>
                    <high value="20161124065400+0000"/>
                  </effectiveTime>
                  <entryRelationship typeCode="SUBJ" inversionInd="false">
                    <observation classCode="OBS" moodCode="EVN" negationInd="false">
                      <templateId root="2.16.840.1.113883.10.20.22.4.4" extension="2015-08-01"/>
                      <templateId root="2.16.840.1.113883.10.20.22.4.4"/>
                      <id root="d2d0e1cd-5e07-4407-b2e6-8c97a2be1569"/>
                      <code code="55607006" codeSystem="2.16.840.1.113883.6.96" codeSystemName="SNOMEDCT" displayName="Problem">
                        <translation code="75326-9" codeSystem="2.16.840.1.113883.6.1" codeSystemName="LOINC" displayName="Problem"/>
                      </code>
                      <statusCode code="completed"/>
                      <effectiveTime>
                        <low value="20161202200722+0000"/>
                        <high value="20161202200730+0000"/>
                      </effectiveTime>
                      <value xsi:type="CD" code="420057003" codeSystem="2.16.840.1.113883.6.96" codeSystemName="SNOMEDCT" displayName="Accidental poisoning by carbon monoxide"/>
                    </observation>
                  </entryRelationship>
                </act>
              </entryRelationship>
            </encounter>
          </entry>
        </section>
      </component>
      <component>
        <section nullFlavor="NI">
          <templateId root="2.16.840.1.113883.10.20.22.2.41"/>
          <code code="8653-8" codeSystem="2.16.840.1.113883.6.1" codeSystemName="LOINC" displayName="Hospital Discharge Instructions"/>
          <title>HOSPITAL DISCHARGE INSTRUCTION</title>
          <text><table border="1" width="100%"><caption>DISCHARGE INSTRUCTION</caption><tbody><tr><td colspan="5">Discharge instruction information is not available</td></tr></tbody></table></text>
        </section>
      </component>
    </structuredBody>
  </component>
</ClinicalDocument>