<?xml version="1.0" encoding="UTF-8"?>
<ClinicalDocument xmlns:xsi="http://www.w3.org/2001/XMLSchema-instance" xmlns="urn:hl7-org:v3" xmlns:sdtc="urn:hl7-org:sdtc" xmlns:voc="urn:hl7-org:v3/voc" xsi:schemaLocation="urn:hl7-org:v3 CDA.xsd">
  <realmCode code="US"/>
  <typeId root="2.16.840.1.113883.1.3" extension="POCD_HD000040"/>
  <templateId root="2.16.840.1.113883.10.20.22.1.1" extension="2015-08-01"/>
  <templateId root="2.16.840.1.113883.10.20.22.1.2" extension="2015-08-01"/>
  <id root="2.16.840.1.113883.3.1579.7277837785.1.100" extension="8314a14b-de09-4f6e-80bb-920d829bf06c" assigningAuthorityName="HMS DOCUMENT ID"/>
  <code code="34133-9" codeSystem="2.16.840.1.113883.6.1" codeSystemName="LOINC" displayName="Summarization of Episode Note"/>
  <title>Continuity of Care Document</title>
  <effectiveTime value="20161216014419+0000"/>
  <confidentialityCode code="N" codeSystem="2.16.840.1.113883.5.25"/>
  <languageCode code="en-US"/>
  <setId root="2.16.840.1.113883.3.1579.7277837785.1.101" extension="001.38832.247896.00010101.20161212.CCD" assigningAuthorityName="HMS SET ID"/>
  <versionNumber value="1"/>
  <recordTarget>
    <patientRole>
      <id root="2.16.840.1.113883.3.1579.7277837785.1.200" extension="38832" assigningAuthorityName="HMS MRN"/>
      <id root="2.16.840.1.113883.3.1579.7277837785.1.300" extension="247896" assigningAuthorityName="HMS PATIENT ACCOUNT NUMBER"/>
      <addr use="HP"><streetAddressLine>299 CAROTHERS</streetAddressLine><city>FRANKLIN</city><state>AR</state><postalCode>72512</postalCode></addr>
      <patient>
        <name use="L"><given>CMS172V5</given><family>DRY</family></name>
        <administrativeGenderCode code="M" codeSystem="2.16.840.1.113883.5.1" codeSystemName="Administrative Gender" displayName="Male"/>
        <birthTime value="19850707"/>
        <raceCode code="2106-3" codeSystem="2.16.840.1.113883.6.238" codeSystemName="Race and Ethnicity - CDC" displayName="White"/>
        <sdtc:raceCode code="2108-9" codeSystem="2.16.840.1.113883.6.238" codeSystemName="Race and Ethnicity - CDC" displayName="European"/>
        <ethnicGroupCode code="2135-2" codeSystem="2.16.840.1.113883.6.238" codeSystemName="Race and Ethnicity - CDC" displayName="Hispanic or Latino"/>
        <languageCommunication>
          <languageCode code="fr"/>
          <preferenceInd value="true"/>
        </languageCommunication>
      </patient>
    </patientRole>
  </recordTarget>
  <author>
    <time value="20161216014419+0000"/>
    <assignedAuthor>
      <id root="2.16.840.1.113883.4.6" extension="9434678589" assigningAuthorityName="National Provider ID (NPI)"/>
      <code code="261QE0002X" codeSystem="2.16.840.1.113883.6.101" codeSystemName="NUCC Health Care Provider Taxonomy" displayName="Emergency Care"/>
      <addr use="WP"><streetAddressLine>6550 CAROTHERS PKWY</streetAddressLine><city>FRANKLIN</city><state>TN</state><postalCode>370670000</postalCode></addr>
      <telecom value="tel:(217)465-4141" use="WP"/>
      <assignedPerson>
        <name>MU CERTIFY HOSPITAL</name>
      </assignedPerson>
    </assignedAuthor>
  </author>
  <custodian>
    <assignedCustodian>
      <representedCustodianOrganization>
        <id root="2.16.840.1.113883.3.1579.7277837785.1.500" extension="001" assigningAuthorityName="HMS HOSPITAL NUMBER"/>
        <name>MU CERTIFY HOSPITAL</name>
        <telecom value="tel:(217)465-4141" use="WP"/>
        <addr use="WP"><streetAddressLine>6550 CAROTHERS PKWY</streetAddressLine><city>FRANKLIN</city><state>TN</state><postalCode>370670000</postalCode></addr>
      </representedCustodianOrganization>
    </assignedCustodian>
  </custodian>
  <documentationOf>
    <serviceEvent classCode="PCPR">
      <effectiveTime>
        <low value="20161212212500+0000"/>
        <high value="20161216014419+0000"/>
      </effectiveTime>
      <performer typeCode="PRF">
        <functionCode code="ADMPHYS" codeSystem="2.16.840.1.113883.5.88" codeSystemName="ParticipationFunction" displayName="Admitting"/>
        <assignedEntity classCode="ASSIGNED">
          <id root="2.16.840.1.113883.4.6"/>
          <code code="208D00000X" codeSystem="2.16.840.1.113883.6.101" codeSystemName="NUCC Health Care Provider Taxonomy" displayName="General Practice"/>
          <addr><streetAddressLine>CHRISTIE CLINIC</streetAddressLine><city>CHAMPAIGN</city><state>IL</state><postalCode>999999999</postalCode></addr>
          <telecom nullFlavor="NAV"/>
          <assignedPerson>
            <name><given>JAY</given><family>ANDERS</family></name>
          </assignedPerson>
        </assignedEntity>
      </performer>
      <performer typeCode="PRF">
        <functionCode code="ATTPHYS" codeSystem="2.16.840.1.113883.5.88" codeSystemName="ParticipationFunction" displayName="Primary Attending"/>
        <assignedEntity classCode="ASSIGNED">
          <id root="2.16.840.1.113883.4.6"/>
          <code code="208D00000X" codeSystem="2.16.840.1.113883.6.101" codeSystemName="NUCC Health Care Provider Taxonomy" displayName="General Practice"/>
          <addr><streetAddressLine>CHRISTIE CLINIC</streetAddressLine><city>CHAMPAIGN</city><state>IL</state><postalCode>999999999</postalCode></addr>
          <telecom nullFlavor="NAV"/>
          <assignedPerson>
            <name><given>JAY</given><family>ANDERS</family></name>
          </assignedPerson>
        </assignedEntity>
      </performer>
    </serviceEvent>
  </documentationOf>
  <componentOf>
    <encompassingEncounter>
      <id root="2.16.840.1.113883.3.1579.7277837785.1.300" extension="247896" assigningAuthorityName="HMS PATIENT ACCOUNT NUMBER"/>
      <code code="32485007" codeSystem="2.16.840.1.113883.6.96" codeSystemName="SNOMED CT" displayName="Hospital Admission"/>
      <effectiveTime>
        <low value="20161212212500+0000"/>
        <high value="20161213004300+0000"/>
      </effectiveTime>
      <dischargeDispositionCode code="2" codeSystem="2.16.840.1.113883.12.112" codeSystemName="HL7 Discharge Disposition" displayName="TO SHORT-TERM HOSPITAL FOR IP CARE"/>
    </encompassingEncounter>
  </componentOf>
  <component>
    <structuredBody>
      <component>
        <section>
          <templateId root="2.16.840.1.113883.10.20.22.2.6.1" extension="2015-08-01"/>
          <templateId root="2.16.840.1.113883.10.20.22.2.6.1"/>
          <code code="48765-2" codeSystem="2.16.840.1.113883.6.1" codeSystemName="LOINC" displayName="Allergies and adverse reactions Document"/>
          <title>ALLERGIES AND ADVERSE REACTIONS</title>
          <text><table border="1" width="100%"><caption>ALLERGIES AND ADVERSE REACTIONS</caption><thead><tr><th>Code</th><th>System</th><th>Allergy Substance</th><th>Adverse Reaction Date</th><th>Reaction (Severity)</th><th>Comment</th><th>Status</th><th>Reported By</th><th>Entered By</th></tr></thead><tbody><tr><td colspan="9">No Known Allergies.</td></tr></tbody></table></text>
          <entry typeCode="DRIV">
            <act classCode="ACT" moodCode="EVN">
              <templateId root="2.16.840.1.113883.10.20.22.4.30" extension="2015-08-01"/>
              <templateId root="2.16.840.1.113883.10.20.22.4.30"/>
              <id root="c39903cd-b877-4622-b699-570db49d4aa8"/>
              <code code="CONC" codeSystem="2.16.840.1.113883.5.6" codeSystemName="HL7 Act Class" displayName="Problem Concern"/>
              <statusCode code="active"/>
              <effectiveTime>
                <low nullFlavor="UNK"/>
                <high nullFlavor="UNK"/>
              </effectiveTime>
              <entryRelationship typeCode="SUBJ" negationInd="true">
                <observation classCode="OBS" moodCode="EVN">
                  <templateId root="2.16.840.1.113883.10.20.22.4.7" extension="2014-06-09"/>
                  <templateId root="2.16.840.1.113883.10.20.22.4.7"/>
                  <id root="83d5c3eb-46b0-43b0-bfd4-2b97914fc598"/>
                  <code code="ASSERTION" codeSystem="2.16.840.1.113883.5.4" codeSystemName="ActCode" displayName="Alert Observation"/>
                  <statusCode code="completed"/>
                  <effectiveTime nullFlavor="NA"/>
                  <value xsi:type="CD" code="419199007" codeSystem="2.16.840.1.113883.6.96" codeSystemName="SNOMED CT" displayName="Allergy to substance"/>
                  <participant typeCode="CSM">
                    <participantRole classCode="MANU">
                      <playingEntity classCode="MMAT">
                        <code nullFlavor="NA"/>
                      </playingEntity>
                    </participantRole>
                  </participant>
                </observation>
              </entryRelationship>
            </act>
          </entry>
        </section>
      </component>
      <component>
        <section nullFlavor="NI">
          <templateId root="2.16.840.1.113883.10.20.22.2.8"/>
          <code code="51848-0" codeSystem="2.16.840.1.113883.6.1" codeSystemName="LOINC" displayName="ASSESSMENTS"/>
          <title>ASSESSMENTS</title>
          <text><content styleCode="Bold">No Information Available</content></text>
        </section>
      </component>
      <component>
        <section nullFlavor="NI">
          <templateId root="2.16.840.1.113883.10.20.22.2.15" extension="2015-08-01"/>
          <templateId root="2.16.840.1.113883.10.20.22.2.15"/>
          <code code="10157-6" codeSystem="2.16.840.1.113883.6.1" codeSystemName="LOINC" displayName="FAMILY HISTORY"/>
          <title>FAMILY HISTORY</title>
          <text><table border="1" width="100%"><caption>FAMILY HISTORY</caption><tbody><tr><td colspan="3">No Family History Information Available</td></tr></tbody></table></text>
        </section>
      </component>
      <component>
        <section nullFlavor="NI">
          <templateId root="2.16.840.1.113883.10.20.22.2.14" extension="2014-06-09"/>
          <code code="47420-5" codeSystem="2.16.840.1.113883.6.1" codeSystemName="LOINC" displayName="FUNCTIONAL STATUS"/>
          <title>FUNCTIONAL STATUS</title>
          <text><table border="1" width="100%"><caption>FUNCTIONAL STATUS</caption><tbody><tr><td colspan="5">Functional Status information is not available.</td></tr></tbody></table></text>
        </section>
      </component>
      <component>
        <section nullFlavor="NI">
          <templateId root="2.16.840.1.113883.10.20.22.2.56" extension="2015-08-01"/>
          <code code="10190-7" codeSystem="2.16.840.1.113883.6.1" codeSystemName="LOINC" displayName="Mental Status"/>
          <title>MENTAL STATUS</title>
          <text><table border="1" width="100%"><caption>MENTAL STATUS</caption><tbody><tr><td colspan="5">Mental Status information is not available.</td></tr></tbody></table></text>
        </section>
      </component>
      <component>
        <section nullFlavor="NI">
          <templateId root="2.16.840.1.113883.10.20.22.2.5.1" extension="2015-08-01"/>
          <templateId root="2.16.840.1.113883.10.20.22.2.5.1"/>
          <code code="11450-4" codeSystem="2.16.840.1.113883.6.1" codeSystemName="LOINC" displayName="Problem List"/>
          <title>PROBLEMS</title>
          <text><table border="1" width="100%"><caption>PATIENT PROBLEMS</caption><thead><tr><th>Code</th><th>Description/Comments</th><th>Status</th><th>Date</th><th>Entered By</th></tr></thead><tbody><tr><td colspan="5">Information is not available.</td></tr></tbody></table></text>
        </section>
      </component>
      <component>
        <section nullFlavor="NI">
          <templateId root="2.16.840.1.113883.10.20.22.2.3.1" extension="2015-08-01"/>
          <code code="30954-2" codeSystem="2.16.840.1.113883.6.1" codeSystemName="LOINC" displayName="Relevant diagnostic tests/laboratory data Narrative"/>
          <title>RESULTS</title>
          <text><table border="1" width="100%"><thead><tr><th colspan="5">LABORATORY RESULTS</th></tr></thead><tbody><tr><td>LOINC</td><td>TEST</td><td>FLAG</td><td>RESULT</td><td>REFERENCE RANGE</td></tr><tr><td colspan="10">Information is not available</td></tr></tbody></table><table border="1" width="100%"><thead><tr><th colspan="5">MICROBIOLOGY RESULTS</th></tr></thead><tbody><tr><td>LOINC</td><td>ANTIBIOTIC</td><td>MIC</td><td>TYPE</td><td>VALUE</td></tr><tr><td colspan="10">Information is not available</td></tr></tbody></table></text>
        </section>
      </component>
      <component>
        <section nullFlavor="NI">
          <templateId root="2.16.840.1.113883.10.20.22.2.10" extension="2014-06-09"/>
          <code code="18776-5" codeSystem="2.16.840.1.113883.6.1" codeSystemName="LOINC" displayName="Plan of Treatment"/>
          <title>TREATMENT PLAN</title>
          <text><table border="1" width="100%"><thead><tr><th>PATIENT TREATMENT PLAN</th></tr></thead><tbody><tr><td>Treatment plan information not available</td></tr></tbody></table></text>
        </section>
      </component>
      <component>
        <section nullFlavor="NI">
          <templateId root="1.3.6.1.4.1.19376.1.5.3.1.3.5"/>
          <code code="8648-8" codeSystem="2.16.840.1.113883.6.1" codeSystemName="LOINC" displayName="HOSPITAL COURSE"/>
          <title>HOSPITAL COURSE</title>
          <text><table border="1" width="100%"><caption>HOSPITAL COURSE</caption><tbody><tr><td colspan="2">Information is not available</td></tr></tbody></table></text>
        </section>
      </component>
      <component>
        <section nullFlavor="NI">
          <templateId root="2.16.840.1.113883.10.20.22.2.2.1" extension="2015-08-01"/>
          <code code="11369-6" codeSystem="2.16.840.1.113883.6.1" codeSystemName="LOINC" displayName="History of Immunization Narrative"/>
          <title>IMMUNIZATIONS</title>
          <text><table border="1" width="100%"><caption>PATIENT IMMUNIZATIONS</caption><thead><tr><th>Code</th><th>System</th><th>Vaccine Name</th><th>Consent</th><th>Reactions</th><th>Comments</th><th>Administered By</th><th>Route</th><th>Site</th><th>Entered By</th></tr></thead><tbody><tr><td colspan="10">Information is not available</td></tr></tbody></table></text>
        </section>
      </component>
      <component>
        <section>
          <templateId root="2.16.840.1.113883.10.20.22.2.1.1" extension="2014-06-09"/>
          <code code="10160-0" codeSystem="2.16.840.1.113883.6.1" codeSystemName="LOINC" displayName="History of Medication use Narrative"/>
          <title>MEDICATIONS</title>
          <text><table border="1" width="100%"><caption>HOME MEDICATIONS</caption><thead><tr><th>Status</th><th>RXNORM</th><th>Medication</th><th>Dose</th><th>Route</th><th>Frequency</th><th>Dates</th><th>Comments</th><th>Entered By</th><th>Reported By</th></tr></thead><tbody><tr><td colspan="10">Drug Treatment Unknown</td></tr></tbody></table><br/><table border="1" width="100%"><caption>DISCHARGE MEDICATIONS</caption><thead><tr><th>Status</th><th>RXNORM</th><th>Medication</th><th>Dose</th><th>Route</th><th>Frequency</th><th>Dates</th><th>Comments</th><th>Physician</th><th>Entered By</th></tr></thead><tbody><tr><td colspan="10">No Discharge Medication Information Available</td></tr></tbody></table><br/><table border="1" width="100%"><caption>INPATIENT MEDICATIONS</caption><thead><tr><th>Status</th><th>RXNORM</th><th>Medication</th><th>Dose</th><th>Route</th><th>Frequency</th><th>Rate Quantity</th><th>Dates</th><th>Comments</th><th>Physician</th><th>Entered By</th></tr></thead><tbody><tr><td>Discontinued</td><td/><td>VANCOMYCIN 500MG 30ML SOLN</td><td>500.0 mg</td><td>ORAL</td><td>1</td><td/><td>Start: December 16, 2016 4:00:00 PM UTC<br/>End: December 13, 2016 12:43:00 AM UTC</td><td/><td>USER2 MEDHOST</td><td>HMS</td></tr><tr><td>Active</td><td>1807513</td><td>VANCOMYCIN HCL 1000 MG SOLR</td><td>100.0 mg</td><td>INTRAVENOUS</td><td>EVERY TWELVE HOURS</td><td>250.0 ML/HR</td><td>Start: December 16, 2016 1:39:00 AM UTC<br/>End: December 13, 2016 12:43:00 AM UTC</td><td/><td>USER1 MEDHOST</td><td>EMRUSER</td></tr><tr><td>Active</td><td>1807639</td><td>NS 0.9 % SOLN</td><td>250.0 mL</td><td>INTRAVENOUS</td><td>EVERY TWELVE HOURS</td><td>250.0 ML/HR</td><td>Start: December 16, 2016 1:39:00 AM UTC<br/>End: December 13, 2016 12:43:00 AM UTC</td><td/><td>USER1 MEDHOST</td><td>EMRUSER</td></tr></tbody></table></text>
          <entry>
            <substanceAdministration classCode="SBADM" moodCode="EVN">
              <templateId root="2.16.840.1.113883.10.20.22.4.16" extension="2014-06-09"/>
              <templateId root="2.16.840.1.113883.10.20.22.4.16"/>
              <id root="AdminMedication-99416287-9559-4940-bf6f-1dd9add1f0c7"/>
              <text>medication:|dose:MG mg|route:ORAL|frequency:1</text>
              <statusCode code="completed"/>
              <effectiveTime xsi:type="IVL_TS">
                <low value="20161216"/>
                <high value="20161213"/>
              </effectiveTime>
              <routeCode code="C38288" codeSystem="2.16.840.1.113883.3.26.1.1" codeSystemName="National Cancer Institute (NCI) Thesaurus" displayName="ORAL"/>
              <doseQuantity value="500.0" unit="mg"/>
              <rateQuantity nullFlavor="UNK"/>
              <consumable>
                <manufacturedProduct classCode="MANU">
                  <templateId root="2.16.840.1.113883.10.20.22.4.23" extension="2014-06-09"/>
                  <templateId root="2.16.840.1.113883.10.20.22.4.23"/>
                  <manufacturedMaterial>
                    <code nullFlavor="UNK">
                      <translation code="XXXXXXX0035" codeSystem="2.16.840.1.113883.6.69" codeSystemName="NDC" displayName="VANCOMYCIN 500MG 30ML SOLN"/>
                    </code>
                  </manufacturedMaterial>
                </manufacturedProduct>
              </consumable>
              <performer>
                <assignedEntity>
                  <id root="2.16.840.1.113883.3.1579.7277837785.1.400" extension="1908" assigningAuthorityName="HMS PROVIDER NUMBER"/>
                  <id root="2.16.840.1.113883.4.6" extension="1023091360"/>
                  <addr><streetAddressLine>1100 SOUTHFIELD DR  STE 1220</streetAddressLine><city>PLAINFIELD</city><state>IN</state><postalCode>46168</postalCode></addr>
                  <telecom nullFlavor="NAV"/>
                  <assignedPerson>
                    <name><family>MEDHOST</family><given>USER2</given></name>
                  </assignedPerson>
                </assignedEntity>
              </performer>
            </substanceAdministration>
          </entry>
          <entry>
            <substanceAdministration classCode="SBADM" moodCode="EVN">
              <templateId root="2.16.840.1.113883.10.20.22.4.16" extension="2014-06-09"/>
              <templateId root="2.16.840.1.113883.10.20.22.4.16"/>
              <id root="AdminMedication-81ebe8b1-39f4-4d4e-ada2-ae11c7efc2c8"/>
              <text>medication:VANCOMYCIN HCL 1000 MG SOLR|dose:MG mg|route:INTRAVENOUS|frequency:EVERY TWELVE HOURS</text>
              <statusCode code="completed"/>
              <effectiveTime xsi:type="IVL_TS">
                <low value="20161216"/>
                <high value="20161213"/>
              </effectiveTime>
              <routeCode code="C38276" codeSystem="2.16.840.1.113883.3.26.1.1" codeSystemName="National Cancer Institute (NCI) Thesaurus" displayName="INTRAVENOUS"/>
              <doseQuantity value="100.0" unit="mg"/>
              <rateQuantity value="250.0" unit="ML/HR"/>
              <consumable>
                <manufacturedProduct classCode="MANU">
                  <templateId root="2.16.840.1.113883.10.20.22.4.23" extension="2014-06-09"/>
                  <templateId root="2.16.840.1.113883.10.20.22.4.23"/>
                  <manufacturedMaterial>
                    <code code="1807513" codeSystem="2.16.840.1.113883.6.88" codeSystemName="RXNorm" displayName="VANCOMYCIN HCL 1000 MG SOLR">
                      <translation code="00069258903" codeSystem="2.16.840.1.113883.6.69" codeSystemName="NDC" displayName="VANCOMYCIN HCL 1000 MG SOLR"/>
                    </code>
                  </manufacturedMaterial>
                </manufacturedProduct>
              </consumable>
              <performer>
                <assignedEntity>
                  <id root="2.16.840.1.113883.3.1579.7277837785.1.400" extension="1301" assigningAuthorityName="HMS PROVIDER NUMBER"/>
                  <id root="2.16.840.1.113883.4.6" extension="1750346755"/>
                  <addr><streetAddressLine>1044 WEST WALNUT RM 202</streetAddressLine><city>INDIANAPOLIS</city><state>IN</state><postalCode>17102</postalCode></addr>
                  <telecom nullFlavor="NAV"/>
                  <assignedPerson>
                    <name><family>MEDHOST</family><given>USER1</given></name>
                  </assignedPerson>
                </assignedEntity>
              </performer>
            </substanceAdministration>
          </entry>
          <entry>
            <substanceAdministration classCode="SBADM" moodCode="EVN">
              <templateId root="2.16.840.1.113883.10.20.22.4.16" extension="2014-06-09"/>
              <templateId root="2.16.840.1.113883.10.20.22.4.16"/>
              <id root="AdminMedication-1d4d0eb5-f074-46e7-80ac-9e6e6b19103b"/>
              <text>medication:NS 0.9 % SOLN|dose:ML mL|route:INTRAVENOUS|frequency:EVERY TWELVE HOURS</text>
              <statusCode code="completed"/>
              <effectiveTime xsi:type="IVL_TS">
                <low value="20161216"/>
                <high value="20161213"/>
              </effectiveTime>
              <routeCode code="C38276" codeSystem="2.16.840.1.113883.3.26.1.1" codeSystemName="National Cancer Institute (NCI) Thesaurus" displayName="INTRAVENOUS"/>
              <doseQuantity value="250.0" unit="mL"/>
              <rateQuantity value="250.0" unit="ML/HR"/>
              <consumable>
                <manufacturedProduct classCode="MANU">
                  <templateId root="2.16.840.1.113883.10.20.22.4.23" extension="2014-06-09"/>
                  <templateId root="2.16.840.1.113883.10.20.22.4.23"/>
                  <manufacturedMaterial>
                    <code code="1807639" codeSystem="2.16.840.1.113883.6.88" codeSystemName="RXNorm" displayName="NS 0.9 % SOLN">
                      <translation code="00338004902" codeSystem="2.16.840.1.113883.6.69" codeSystemName="NDC" displayName="NS 0.9 % SOLN"/>
                    </code>
                  </manufacturedMaterial>
                </manufacturedProduct>
              </consumable>
              <performer>
                <assignedEntity>
                  <id root="2.16.840.1.113883.3.1579.7277837785.1.400" extension="1301" assigningAuthorityName="HMS PROVIDER NUMBER"/>
                  <id root="2.16.840.1.113883.4.6" extension="1750346755"/>
                  <addr><streetAddressLine>1044 WEST WALNUT RM 202</streetAddressLine><city>INDIANAPOLIS</city><state>IN</state><postalCode>17102</postalCode></addr>
                  <telecom nullFlavor="NAV"/>
                  <assignedPerson>
                    <name><family>MEDHOST</family><given>USER1</given></name>
                  </assignedPerson>
                </assignedEntity>
              </performer>
            </substanceAdministration>
          </entry>
        </section>
      </component>
      <component>
        <section>
          <templateId root="2.16.840.1.113883.10.20.22.2.17" extension="2015-08-01"/>
          <code code="29762-2" codeSystem="2.16.840.1.113883.6.1" codeSystemName="LOINC" displayName="SOCIAL HISTORY"/>
          <title>SOCIAL HISTORY</title>
          <text><table border="1" width="100%"><caption>SOCIAL HISTORY</caption><thead><tr><th>SNOMED-CT</th><th>Social History Element</th><th>Description</th><th>Effective Dates</th><th>Observation Date</th><th>Offered Cessation</th><th>Entered By</th><th>Comment</th></tr></thead><tbody><tr><td>266927001</td><td>Smoking Status</td><td>Unknown If Ever Smoked</td><td/><td/><td/><td/><td/></tr></tbody></table><br/><br/><table border="1" width="100%"><caption>SOCIAL HISTORY - Birth Gender</caption><tbody><tr><td>Birth Sex: Male</td></tr></tbody></table></text>
          <entry typeCode="DRIV">
            <observation classCode="OBS" moodCode="EVN">
              <templateId root="2.16.840.1.113883.10.20.22.4.78" extension="2015-08-01"/>
              <id root="38cd5706-8464-4364-bcc8-1b9e6e470813"/>
              <code code="72166-2" codeSystem="2.16.840.1.113883.6.1" codeSystemName="LOINC" displayName="Tobacco use and exposure"/>
              <statusCode code="completed"/>
              <effectiveTime nullFlavor="NA"/>
              <value xsi:type="CD" code="266927001" codeSystem="2.16.840.1.113883.6.96" codeSystemName="SNOMED CT" displayName="Unknown If Ever Smoked"/>
            </observation>
          </entry>
          <entry typeCode="DRIV">
            <observation classCode="OBS" moodCode="EVN">
              <templateId root="2.16.840.1.113883.10.20.22.4.200" extension="2016-06-01"/>
              <code code="76689-9" codeSystem="2.16.840.1.113883.6.1" codeSystemName="LOINC" displayName="Sex Assigned At Birth"/>
              <statusCode code="completed"/>
              <effectiveTime nullFlavor="NA"/>
              <value xsi:type="CD" code="M" codeSystem="2.16.840.1.113883.5.1" codeSystemName="Administrative Gender" displayName="Male"/>
            </observation>
          </entry>
        </section>
      </component>
      <component>
        <section nullFlavor="NI">
          <templateId root="2.16.840.1.113883.10.20.22.2.4.1" extension="2015-08-01"/>
          <code code="8716-3" codeSystem="2.16.840.1.113883.6.1" codeSystemName="LOINC" displayName="Vital Signs"/>
          <title>VITAL SIGNS</title>
          <text><table border="1" width="100%"><caption>PATIENT VITAL SIGNS</caption><thead><tr><td colspan="4">This section displays the most recent value for each vital sign as of December 16, 2016 1:44:19 AM UTC</td></tr><tr><th scope="col">Vital Sign</th><th scope="col">Date</th><th scope="col">Result</th></tr></thead><tbody><tr><td colspan="9">No Vital Information Available.</td></tr></tbody></table></text>
        </section>
      </component>
      <component>
        <section nullFlavor="NI">
          <templateId root="2.16.840.1.113883.10.20.22.2.7.1" extension="2014-06-09"/>
          <code code="47519-4" codeSystem="2.16.840.1.113883.6.1" codeSystemName="LOINC" displayName="History of Procedures Document"/>
          <title>PROCEDURES</title>
          <text><table border="1" width="100%"><caption>PATIENT PROCEDURES</caption><thead><tr><th>CODE</th><th>SYSTEM</th><th>DESCRIPTION</th></tr></thead><tbody><tr><td colspan="3">Procedure information is not available.</td></tr></tbody></table></text>
        </section>
      </component>
      <component>
        <section nullFlavor="NI">
          <templateId root="2.16.840.1.113883.10.20.22.2.60"/>
          <code code="61146-7" codeSystem="2.16.840.1.113883.6.1" codeSystemName="LOINC" displayName="Goals"/>
          <title>GOALS</title>
          <text><table border="1" width="100%"><caption>PATIENT GOALS</caption><thead><tr><th>Goal</th><th>Date</th></tr></thead><tbody><tr><td colspan="2">Goal information is not available.</td></tr></tbody></table></text>
        </section>
      </component>
      <component>
        <section>
          <templateId root="2.16.840.1.113883.10.20.22.2.58"/>
          <code code="75310-3" codeSystem="2.16.840.1.113883.6.1" codeSystemName="LOINC" displayName="Health Concerns Document"/>
          <title>HEALTH CONCERNS</title>
          <text><table border="1" width="100%"><caption>Problems</caption><thead><tr><th>Concern</th><th>Status</th><th>Date</th></tr></thead><tbody><tr><td colspan="3">Health Concern problem information not available.</td></tr></tbody></table><br/><table border="1" width="100%"><caption>Smoking Status</caption><thead><tr><th>Concern</th><th>Status</th><th>Date</th></tr></thead><tbody><tr><td colspan="3">Health Concern social history information not available.</td></tr></tbody></table><br/><table border="1" width="100%"><caption>Family History</caption><thead><tr><th>Concern</th><th>Status</th><th>Date</th></tr></thead><tbody><tr><td colspan="3">Health Concern family history information not available.</td></tr></tbody></table></text>
        </section>
      </component>
      <component>
        <section nullFlavor="NI">
          <templateId root="2.16.840.1.113883.10.20.22.2.23" extension="2014-06-09"/>
          <code code="46264-8" codeSystem="2.16.840.1.113883.6.1" codeSystemName="LOINC" displayName="Medical Equipment"/>
          <title>MEDICAL EQUIPMENT</title>
          <text><table border="1" width="100%"><caption>MEDICAL EQUIPMENT</caption><thead><tr><th>Device</th><th>Status</th><th>Quantity</th><th>Dates</th><th>Procedure</th><th>Comments</th></tr></thead><tbody><tr><td colspan="6">Information not available.</td></tr></tbody></table></text>
        </section>
      </component>
      <component>
        <section>
          <templateId root="2.16.840.1.113883.10.20.22.2.22.1" extension="2015-08-01"/>
          <code code="46240-8" codeSystem="2.16.840.1.113883.6.1" codeSystemName="LOINC" displayName="History of hospitalizations+History of outpatient visits Narrative"/>
          <title>ENCOUNTERS</title>
          <text><table border="1" width="100%"><caption>ENCOUNTER INFORMATION</caption><tbody><tr><th scope="row">Reason for Visit</th><td colspan="2">Not Specified</td></tr><tr><th scope="row">Admission</th><td>December 12, 2016 9:25:00 PM UTC</td><td>MU CERTIFY HOSPITAL<br/>6550 CAROTHERS PKWY<br/>FRANKLIN TN 37067</td></tr><tr><th scope="row">Discharge</th><td>December 13, 2016 12:43:00 AM UTC</td><td>TO SHORT-TERM HOSPITAL FOR IP CARE</td></tr></tbody></table><br/><br/><table border="1" width="100%"><caption>CARE TEAM</caption><thead><tr><th>Care Team Member</th><th>Role</th></tr></thead><tbody><tr><td>JAY ANDERS</td><td>Admitting</td></tr><tr><td>JAY ANDERS</td><td>Primary Attending</td></tr></tbody></table><br/><br/><table border="1" width="100%"><caption>ENCOUNTER DIAGNOSES</caption><thead><tr><th>Code</th><th>System</th><th>Diagnosis</th><th>Onset Date</th></tr></thead><tbody><tr><td colspan="4">Diagnosis information is not available.</td></tr></tbody></table></text>
          <entry typeCode="DRIV">
            <encounter classCode="ENC" moodCode="EVN">
              <templateId root="2.16.840.1.113883.10.20.22.4.49" extension="2015-08-01"/>
              <id root="2.16.840.1.113883.3.1579.7277837785.1.300" extension="247896" assigningAuthorityName="HMS PATIENT ACCOUNT NUMBER"/>
              <code code="32485007" codeSystem="2.16.840.1.113883.6.96" codeSystemName="SNOMED CT" displayName="Hospital Admission"/>
              <effectiveTime>
                <low value="20161212212500+0000"/>
                <high value="20161213004300+0000"/>
              </effectiveTime>
              <performer>
                <assignedEntity>
                  <id root="2.16.840.1.113883.4.6"/>
                  <addr><streetAddressLine>CHRISTIE CLINIC</streetAddressLine><city>CHAMPAIGN</city><state>IL</state><postalCode>999999999</postalCode></addr>
                  <telecom nullFlavor="NAV"/>
                  <assignedPerson>
                    <name><family>ANDERS</family><given>JAY</given></name>
                  </assignedPerson>
                </assignedEntity>
              </performer>
              <performer>
                <assignedEntity>
                  <id root="2.16.840.1.113883.4.6"/>
                  <addr><streetAddressLine>CHRISTIE CLINIC</streetAddressLine><city>CHAMPAIGN</city><state>IL</state><postalCode>999999999</postalCode></addr>
                  <telecom nullFlavor="NAV"/>
                  <assignedPerson>
                    <name><family>ANDERS</family><given>JAY</given></name>
                  </assignedPerson>
                </assignedEntity>
              </performer>
              <participant typeCode="LOC">
                <participantRole classCode="SDLOC">
                  <playingEntity>
                    <name>MU CERTIFY HOSPITAL</name>
                  </playingEntity>
                </participantRole>
              </participant>
            </encounter>
          </entry>
        </section>
      </component>
      <component>
        <section nullFlavor="NI">
          <templateId root="2.16.840.1.113883.10.20.22.2.41"/>
          <code code="8653-8" codeSystem="2.16.840.1.113883.6.1" codeSystemName="LOINC" displayName="Hospital Discharge Instructions"/>
          <title>HOSPITAL DISCHARGE INSTRUCTION</title>
          <text><table border="1" width="100%"><caption>DISCHARGE INSTRUCTION</caption><tbody><tr><td colspan="5">Discharge instruction information is not available</td></tr></tbody></table></text>
        </section>
      </component>
    </structuredBody>
  </component>
</ClinicalDocument>