<?xml version="1.0" encoding="UTF-8"?>
<ClinicalDocument xsi:schemaLocation="urn:hl7-org:v3 http://xreg2.nist.gov:8080/hitspValidation/schema/cdar2c32/infrastructure/cda/C32_CDA.xsd" xmlns="urn:hl7-org:v3" xmlns:sdtc="urn:hl7-org:sdtc" xmlns:xsi="http://www.w3.org/2001/XMLSchema-instance">
   <realmCode code="US"/>
   <typeId extension="POCD_HD000040" root="2.16.840.1.113883.1.3"/>
   <templateId root="2.16.840.1.113883.10.20.22.1.1" extension="2014-06-09"/>
   <templateId root="2.16.840.1.113883.10.20.22.1.1"/>
   <id assigningAuthorityName="Henry Schein Medical Systems Micromd EMR" root="C3AC2777-2547-4FBE-9E77-255AE848BDBC" extension="C3AC2777-2549-4CF6-ACC8-BBB58AB70910"/>
   <code code="34133-9" displayName="Summarization of Patient Data" codeSystemName="LOINC" codeSystem="2.16.840.1.113883.6.1"/>
   <title>Jeremy Bates</title>
   <effectiveTime value="20170313150439+0000"/>
   <confidentialityCode codeSystem="2.16.840.1.113883.5.25" code="N" displayName="normal"/>
   <languageCode code="en-US"/>
   <setId extension="sTT103" root="2.16.840.1.113883.19.5.99999.19"/>
   <versionNumber value="1"/>
   <recordTarget>
      <patientRole>
         <id root="2.16.840.1.113883.4.1" extension="Unknown"/>
         <addr use="HP">
            <streetAddressLine>1357 Amber Dr</streetAddressLine>
            <city>Beaverton</city>
            <state>OR</state>
            <postalCode>97006</postalCode>
            <country>N/A</country>
         </addr>
         <telecom use="HP" value="tel:+15557231544"/>
         <telecom use="MC" value="tel:+15557771234"/>
         <patient>
            <name>
               <given>Jeremy</given>
               <given>V</given>
               <family>Bates</family>
               <suffix>Jr</suffix>
            </name>
            <administrativeGenderCode codeSystem="2.16.840.1.113883.5.1" code="M" displayName="Male"/>
            <birthTime value="19800801"/>
            <maritalStatusCode codeSystem="2.16.840.1.113883.5.2" codeSystemName="HL7 Marital status" nullFlavor="NA"/>
            <raceCode codeSystem="2.16.840.1.113883.6.238" codeSystemName="Race &amp; Ethnicity - CDC" nullFlavor="NA"/>
            <ethnicGroupCode codeSystem="2.16.840.1.113883.6.238" codeSystemName="Race &amp; Ethnicity - CDC" nullFlavor="NA"/>
            <birthplace>
               <place>
                  <addr use="WP"/>
               </place>
            </birthplace>
            <languageCommunication>
               <languageCode code="en-us"/>
               <proficiencyLevelCode nullFlavor="NA"/>
               <preferenceInd value="false"/>
            </languageCommunication>
         </patient>
         <providerOrganization>
            <id root="2.16.840.1.113883.4.6"/>
            <name>Neighborhood Physicians Pract</name>
            <telecom use="WP" value="555-555-1002"/>
            <addr use="WP">
               <streetAddressLine>2472 Rocky place</streetAddressLine>
               <city>Beaverton</city>
               <state>OR</state>
               <postalCode>97006</postalCode>
               <country>US</country>
            </addr>
         </providerOrganization>
      </patientRole>
   </recordTarget>
   <author>
      <time value="20170313150439+0000"/>
      <assignedAuthor>
         <id root="2.16.840.1.113883.4.6" extension="C3AC2777-2549-4CF6-ACC8-BBB58AB70910"/>
         <code codeSystem="2.16.840.1.113883.6.101" codeSystemName="Healthcare Provider Taxonomy (HIPAA)" code="363L00000X" displayName="Nurse Practitioner"/>
         <addr use="WP">
            <streetAddressLine>2472 Rocky place</streetAddressLine>
            <city>Beaverton</city>
            <state>OR</state>
            <postalCode>97006</postalCode>
            <country>N/A</country>
         </addr>
         <telecom use="WP" value="tel:+15555551002"/>
         <assignedPerson>
            <name>
               <given>Tracy</given>
               <family>Davis</family>
            </name>
         </assignedPerson>
         <representedOrganization>
            <id root="C3AC2777-2549-4CF6-ACC8-BBB58AB70910"/>
            <name>Neighborhood Physicians Pract</name>
            <telecom use="WP" value="tel:+15555551002"/>
            <addr use="WP">
               <streetAddressLine>2472 Rocky place</streetAddressLine>
               <city>Beaverton</city>
               <state>OR</state>
               <postalCode>97006</postalCode>
               <country>US</country>
            </addr>
         </representedOrganization>
      </assignedAuthor>
   </author>
   <custodian>
      <assignedCustodian>
         <representedCustodianOrganization>
            <id root="2.16.840.1.113883.4.6"/>
            <name>Neighborhood Physicians Pract</name>
            <telecom use="WP" value="tel:+15555551002"/>
            <addr use="WP">
               <streetAddressLine>2472 Rocky place</streetAddressLine>
               <city>Beaverton</city>
               <state>OR</state>
               <postalCode>97006</postalCode>
               <country>US</country>
            </addr>
         </representedCustodianOrganization>
      </assignedCustodian>
   </custodian>
   <legalAuthenticator>
      <time value="20170313150439+0000"/>
      <signatureCode code="S"/>
      <assignedEntity>
         <id root="C3AC2777-2549-4CF6-ACC8-BBB58AB70910"/>
         <addr use="WP">
            <streetAddressLine>2472 Rocky place</streetAddressLine>
            <city>Beaverton</city>
            <state>OR</state>
            <postalCode>97006</postalCode>
            <country>US</country>
         </addr>
         <telecom use="WP" value="tel:+15555551002"/>
         <assignedPerson>
            <name>
               <given>Albert</given>
               <family>Davis</family>
               <suffix>MD</suffix>
            </name>
         </assignedPerson>
         <representedOrganization>
            <id root="C3AC2777-2549-4CF6-ACC8-BBB58AB70910"/>
            <name>Neighborhood Physicians Pract</name>
            <telecom use="WP" value="tel:+15555551002"/>
            <addr use="WP">
               <streetAddressLine>2472 Rocky place</streetAddressLine>
               <city>Beaverton</city>
               <state>OR</state>
               <postalCode>97006</postalCode>
               <country>US</country>
            </addr>
         </representedOrganization>
      </assignedEntity>
   </legalAuthenticator>
   <documentationOf>
      <serviceEvent classCode="PCPR">
         <effectiveTime>
            <low value="19800801"/>
            <high value="20170313"/>
         </effectiveTime>
         <performer typeCode="PRF">
            <time>
               <low value="19800801"/>
               <high value="20170313"/>
            </time>
            <assignedEntity>
               <id root="2.16.840.1.113883.4.6" nullFlavor="NA"/>
               <code codeSystem="2.16.840.1.113883.6.101" codeSystemName="Healthcare Provider Taxonomy (HIPAA)" code="363L00000X" displayName="Nurse Practitioner"/>
               <addr use="WP">
                  <streetAddressLine>2472 Rocky place</streetAddressLine>
                  <city>Beaverton</city>
                  <state>OR</state>
                  <postalCode>97006</postalCode>
                  <country>N/A</country>
               </addr>
               <telecom use="WP" value="tel:+15555551002"/>
               <assignedPerson>
                  <name>
                     <given>Tracy</given>
                     <family>Davis</family>
                  </name>
               </assignedPerson>
               <representedOrganization>
                  <id root="C3AC2777-2549-4CF6-ACC8-BBB58AB70910"/>
                  <name>Neighborhood Physicians Pract</name>
                  <telecom use="WP" value="tel:+15555551002"/>
                  <addr use="WP">
                     <streetAddressLine>2472 Rocky place</streetAddressLine>
                     <city>Beaverton</city>
                     <state>OR</state>
                     <postalCode>97006</postalCode>
                     <country>US</country>
                  </addr>
               </representedOrganization>
            </assignedEntity>
         </performer>
         <performer typeCode="PRF">
            <time>
               <low value="19800801"/>
               <high value="20170313"/>
            </time>
            <assignedEntity>
               <id root="2.16.840.1.113883.4.6" nullFlavor="NA"/>
               <code nullFlavor="UNK" codeSystem="2.16.840.1.113883.6.101" codeSystemName="Healthcare Provider Taxonomy (HIPAA)"/>
               <addr use="WP">
                  <streetAddressLine>2472 Rocky place</streetAddressLine>
                  <city>Beaverton</city>
                  <state>OR</state>
                  <postalCode>97006</postalCode>
                  <country>US</country>
               </addr>
               <telecom use="WP" value="tel:+15555551002"/>
               <assignedPerson>
                  <name>
                     <given>Albert</given>
                     <family>Davis</family>
                     <suffix>MD</suffix>
                  </name>
               </assignedPerson>
               <representedOrganization>
                  <id root="C3AC2777-2549-4CF6-ACC8-BBB58AB70910"/>
                  <name>Neighborhood Physicians Pract</name>
                  <telecom use="WP" value="tel:+15555551002"/>
                  <addr use="WP">
                     <streetAddressLine>2472 Rocky place</streetAddressLine>
                     <city>Beaverton</city>
                     <state>OR</state>
                     <postalCode>97006</postalCode>
                     <country>US</country>
                  </addr>
               </representedOrganization>
            </assignedEntity>
         </performer>
      </serviceEvent>
   </documentationOf>
   <componentOf>
      <encompassingEncounter>
         <id extension="9937012" root="2.16.840.1.113883.19"/>
         <code codeSystem="2.16.840.1.113883.6.12" codeSystemName="CPT-4"/>
         <effectiveTime value="20170313150439+0000"/>
         <location>
            <healthCareFacility>
               <id root="2.16.540.1.113883.19.2"/>
            </healthCareFacility>
         </location>
      </encompassingEncounter>
   </componentOf>
   <component>
      <structuredBody>
         <component>
            <section>
               <code code="48768-6" codeSystemName="LOINC" codeSystem="2.16.840.1.113883.6.1"/>
               <title>PAYERS</title>
               <text>No Information Present</text>
            </section>
         </component>
         <component>
            <section>
               <templateId root="2.16.840.1.113883.10.20.22.2.6.1" extension="2015-08-01"/>
               <templateId root="2.16.840.1.113883.10.20.22.2.6.1"/>
               <code code="48765-2" codeSystemName="LOINC" codeSystem="2.16.840.1.113883.6.1"/>
               <title>ALLERGIES/REACTIONS</title>
               <text>
                  Patient is allergic to [No known] No known allergies [Drug]
                  <table border="1" width="100%">
                     <thead>
                        <tr>
                           <th>Allergy</th>
                           <th>Type</th>
                           <th>RxNorm</th>
                           <th>Onset</th>
                           <th>Reaction</th>
                           <th>Severity</th>
                           <th>Status</th>
                        </tr>
                     </thead>
                     <tbody>
                        <tr>
                           <td>
                              <content ID="Allergy15"/>
                              [No known] No known allergies
                           </td>
                           <td>Drug</td>
                           <td/>
                           <td/>
                           <td>
                              <content ID="AlgReact15"/>
                           </td>
                           <td>
                              <content ID="AlgSvrty15"/>
                           </td>
                           <td>Active</td>
                        </tr>
                     </tbody>
                  </table>
               </text>
               <entry typeCode="DRIV">
                  <act classCode="ACT" moodCode="EVN">
                     <templateId root="2.16.840.1.113883.10.20.22.4.30" extension="2015-08-01"/>
                     <templateId root="2.16.840.1.113883.10.20.22.4.30"/>
                     <id root="2.16.840.1.113883.10.20.1.27"/>
                     <code code="48765-2" codeSystem="2.16.840.1.113883.6.1" codeSystemName="LOINC" displayName="Allergies, adverse reactions, alerts"/>
                     <statusCode code="completed"/>
                     <effectiveTime>
                        <low nullFlavor="UNK"/>
                        <high nullFlavor="UNK"/>
                     </effectiveTime>
                     <entryRelationship typeCode="SUBJ" inversionInd="true">
                        <observation classCode="OBS" moodCode="EVN">
                           <templateId root="2.16.840.1.113883.10.20.22.4.7" extension="2014-06-09"/>
                           <templateId root="2.16.840.1.113883.10.20.22.4.7"/>
                           <id root="2.16.840.1.113883.10.20.1.28"/>
                           <code code="ASSERTION" codeSystem="2.16.840.1.113883.5.4"/>
                           <statusCode code="completed"/>
                           <effectiveTime>
                              <low nullFlavor="UNK"/>
                              <high nullFlavor="UNK"/>
                           </effectiveTime>
                           <value xsi:type="CD" displayName="Propensity to adverse reactions to drug" codeSystem="2.16.840.1.113883.6.96" codeSystemName="SNOMED CT" code="419511003"/>
                           <participant typeCode="CSM">
                              <participantRole classCode="MANU">
                                 <playingEntity classCode="MMAT">
                                    <code codeSystemName="RxNorm" codeSystem="2.16.840.1.113883.6.88" nullFlavor="UNK"/>
                                 </playingEntity>
                              </participantRole>
                           </participant>
                           <entryRelationship typeCode="MFST" inversionInd="true">
                              <observation classCode="OBS" moodCode="EVN">
                                 <templateId root="2.16.840.1.113883.10.20.22.4.9"/>
                                 <id root="2.16.840.1.113883.10.20.1.28"/>
                                 <code nullFlavor="UNK"/>
                                 <statusCode code="completed"/>
                                 <effectiveTime>
                                    <low nullFlavor="UNK"/>
                                    <high nullFlavor="UNK"/>
                                 </effectiveTime>
                                 <value xsi:type="CD" codeSystem="2.16.840.1.113883.6.96" nullFlavor="UNK"/>
                              </observation>
                           </entryRelationship>
                           <entryRelationship typeCode="SUBJ" inversionInd="true">
                              <observation classCode="OBS" moodCode="EVN">
                                 <templateId root="2.16.840.1.113883.10.20.22.4.8"/>
                                 <id root="2.16.840.1.113883.10.20.1.28"/>
                                 <code code="SEV" displayName="Severity Observation" codeSystem="2.16.840.1.113883.5.4" codeSystemName="ActCode"/>
                                 <statusCode code="completed"/>
                                 <effectiveTime>
                                    <low nullFlavor="UNK"/>
                                    <high nullFlavor="UNK"/>
                                 </effectiveTime>
                                 <value xsi:type="CD" codeSystem="2.16.840.1.113883.3.88.12.3221.6.8" nullFlavor="UNK"/>
                              </observation>
                           </entryRelationship>
                        </observation>
                     </entryRelationship>
                  </act>
               </entry>
            </section>
         </component>
         <component>
            <section>
               <templateId root="2.16.840.1.113883.10.20.22.2.1.1" extension="2014-06-09"/>
               <templateId root="2.16.840.1.113883.10.20.22.2.1.1"/>
               <code code="10160-0" codeSystemName="LOINC" codeSystem="2.16.840.1.113883.6.1" displayName="HISTORY OF MEDICATION USE"/>
               <title>MEDICATIONS</title>
               <text>
                  Patient is currently taking No current long-term medications
                  <table border="1" width="100%">
                     <thead>
                        <tr>
                           <th>RxNorm</th>
                           <th>Medication</th>
                           <th>Directions</th>
                           <th>Dispense</th>
                           <th>Begin Date</th>
                           <th>End Date</th>
                           <th>Status</th>
                        </tr>
                     </thead>
                     <tbody>
                        <tr>
                           <td/>
                           <td>No current long-term medications</td>
                           <td>
                              <content ID="MedL2">Take as directed.</content>
                           </td>
                           <td/>
                           <td/>
                           <td/>
                           <td>Active</td>
                        </tr>
                     </tbody>
                  </table>
               </text>
               <entry typeCode="DRIV">
                  <substanceAdministration classCode="SBADM" moodCode="EVN">
                     <templateId root="2.16.840.1.113883.10.20.22.4.16" extension="2014-06-09"/>
                     <templateId root="2.16.840.1.113883.10.20.22.4.16"/>
                     <id root="2.16.840.1.113883.10.20.1.24" extension="L2"/>
                     <text>
                        <reference value="#MedL2"/>
                     </text>
                     <statusCode code="completed"/>
                     <effectiveTime xsi:type="IVL_TS">
                        <low nullFlavor="UNK"/>
                        <high nullFlavor="UNK"/>
                     </effectiveTime>
                     <effectiveTime xsi:type="PIVL_TS" operator="A" institutionSpecified="true">
                        <period nullFlavor="UNK"/>
                     </effectiveTime>
                     <routeCode code="C38216" codeSystem="2.16.840.1.113883.3.26.1.1" codeSystemName="NCI Thesaurus"/>
                     <doseQuantity/>
                     <rateQuantity/>
                     <consumable>
                        <manufacturedProduct classCode="MANU">
                           <templateId root="2.16.840.1.113883.10.20.22.4.23" extension="2014-06-09"/>
                           <templateId root="2.16.840.1.113883.10.20.22.4.23"/>
                           <id root="2.16.840.1.113883.10.20.1.24" extension="ML2"/>
                           <manufacturedMaterial>
                              <code codeSystemName="RxNorm" codeSystem="2.16.840.1.113883.6.88" nullFlavor="UNK" displayName="No current long-term medications"/>
                           </manufacturedMaterial>
                        </manufacturedProduct>
                     </consumable>
                     <entryRelationship typeCode="SUBJ" inversionInd="true">
                        <act classCode="ACT" moodCode="INT">
                           <templateId root="2.16.840.1.113883.10.20.22.4.20"/>
                           <code code="409073007" codeSystem="2.16.840.1.113883.6.96" displayName="instruction"/>
                           <text>
                              Take as directed.
                              <reference value="#MedL2"/>
                           </text>
                           <statusCode code="completed"/>
                        </act>
                     </entryRelationship>
                  </substanceAdministration>
               </entry>
            </section>
         </component>
         <component>
            <section>
               <templateId root="2.16.840.1.113883.10.20.22.2.5.1" extension="2015-08-01"/>
               <templateId root="2.16.840.1.113883.10.20.22.2.5.1"/>
               <code code="11450-4" codeSystemName="LOINC" codeSystem="2.16.840.1.113883.6.1"/>
               <title>PROBLEMS</title>
               <text>No Information Present</text>
               <entry typeCode="DRIV">
                  <act classCode="ACT" moodCode="EVN">
                     <templateId root="2.16.840.1.113883.10.20.22.4.3" extension="2015-08-01"/>
                     <templateId root="2.16.840.1.113883.10.20.22.4.3"/>
                     <id root="2.16.840.1.113883.10.20.1.27"/>
                     <code nullFlavor="NA"/>
                     <statusCode code="completed"/>
                     <effectiveTime>
                        <low nullFlavor="UNK"/>
                        <high nullFlavor="UNK"/>
                     </effectiveTime>
                     <entryRelationship typeCode="SUBJ" inversionInd="false">
                        <observation classCode="OBS" moodCode="EVN">
                           <templateId root="2.16.840.1.113883.10.20.22.4.4" extension="2015-08-01"/>
                           <templateId root="2.16.840.1.113883.10.20.22.4.4"/>
                           <id root="2.16.840.1.113883.10.20.1.28"/>
                           <code code="64572001" displayName="Disease" codeSystemName="SNOMED CT" codeSystem="2.16.840.1.113883.6.96">
                              <translation code="29308-4" codeSystem="2.16.840.1.113883.6.1" codeSystemName="LOINC" displayName="Diagnosis"/>
                           </code>
                           <statusCode code="completed"/>
                           <effectiveTime>
                              <low nullFlavor="UNK"/>
                              <high nullFlavor="UNK"/>
                           </effectiveTime>
                           <value xsi:type="CD" codeSystem="2.16.840.1.113883.6.96" codeSystemName="SNOMED CT" nullFlavor="NA"/>
                        </observation>
                     </entryRelationship>
                  </act>
               </entry>
               <entry typeCode="DRIV">
                  <act classCode="ACT" moodCode="EVN">
                     <templateId root="2.16.840.1.113883.10.20.22.4.3" extension="2015-08-01"/>
                     <templateId root="2.16.840.1.113883.10.20.22.4.3"/>
                     <id root="2.16.840.1.113883.10.20.1.27"/>
                     <code nullFlavor="NA"/>
                     <statusCode code="completed"/>
                     <effectiveTime>
                        <low nullFlavor="UNK"/>
                        <high nullFlavor="UNK"/>
                     </effectiveTime>
                     <entryRelationship typeCode="SUBJ" inversionInd="false">
                        <observation classCode="OBS" moodCode="EVN">
                           <templateId root="2.16.840.1.113883.10.20.22.4.4" extension="2015-08-01"/>
                           <templateId root="2.16.840.1.113883.10.20.22.4.4"/>
                           <id root="2.16.840.1.113883.10.20.1.28"/>
                           <code code="29308" displayName="Diagnosis" codeSystemName="SNOMED-CT" codeSystem="2.16.840.1.113883.6.96">
                              <translation code="29308-4" codeSystem="2.16.840.1.113883.6.1" codeSystemName="LOINC" displayName="Diagnosis"/>
                           </code>
                           <statusCode code="completed"/>
                           <effectiveTime>
                              <low nullFlavor="UNK"/>
                              <high nullFlavor="UNK"/>
                           </effectiveTime>
                           <value xsi:type="CD" code="55607006" displayName="Problem" codeSystem="2.16.840.1.113883.6.96" codeSystemName="SNOMED CT"/>
                        </observation>
                     </entryRelationship>
                  </act>
               </entry>
            </section>
         </component>
         <component>
            <section>
               <templateId root="2.16.840.1.113883.10.20.22.2.22.1"/>
               <code code="46240-8" codeSystem="2.16.840.1.113883.6.1" codeSystemName="LOINC" displayName="History of encounters"/>
               <title>ENCOUNTERS</title>
               <text>
                  Patient was seen for
                  <table border="1" width="100%">
                     <thead>
                        <tr>
                           <th>Visit Date</th>
                           <th>CPT</th>
                           <th>CPT Description</th>
                           <th>Encounter Type</th>
                           <th>Provider</th>
                           <th>Clinic</th>
                        </tr>
                     </thead>
                     <tbody>
                        <tr>
                           <td>
                              <content ID="Enc5"/>
                              2015-07-22
                           </td>
                           <td/>
                           <td/>
                           <td>Not Applicable</td>
                           <td>Davis, Albert MD</td>
                           <td>Neighborhood Physicians Pract (Beaverton,OR)</td>
                        </tr>
                     </tbody>
                  </table>
               </text>
               <entry typeCode="DRIV">
                  <encounter classCode="ENC" moodCode="EVN">
                     <templateId root="2.16.840.1.113883.10.20.22.4.49"/>
                     <id root="2a620155-9d11-439e-92b3-5d9815ff4de8" extension="5"/>
                     <code codeSystemName="CPT" codeSystem="2.16.840.1.113883.6.12" nullFlavor="NA">
                        <originalText>
                           <reference value="#Enc5"/>
                        </originalText>
                     </code>
                     <text>
                        <reference value="#Enc5"/>
                     </text>
                     <effectiveTime>
                        <low value="20150722040000+0000"/>
                        <high value="20170109215308+0000"/>
                     </effectiveTime>
                     <participant typeCode="LOC">
                        <templateId root="2.16.840.1.113883.10.20.22.4.32"/>
                        <participantRole classCode="SDLOC">
                           <id root="2.16.840.1.113883.19.5"/>
                           <addr use="WP">
                              <streetAddressLine>2472 Rocky place</streetAddressLine>
                              <city>Beaverton</city>
                              <state>OR</state>
                              <postalCode>97006</postalCode>
                              <country>N/A</country>
                           </addr>
                           <playingEntity classCode="PLC">
                              <name>Neighborhood Physicians Pract</name>
                           </playingEntity>
                        </participantRole>
                     </participant>
                     <entryRelationship typeCode="COMP">
                        <act classCode="ACT" moodCode="EVN">
                           <templateId root="2.16.840.1.113883.10.20.22.4.80"/>
                           <code code="29308-4" codeSystemName="LOINC" codeSystem="2.16.840.1.113883.6.1"/>
                           <entryRelationship typeCode="SUBJ" inversionInd="false">
                              <observation classCode="OBS" moodCode="EVN">
                                 <templateId root="2.16.840.1.113883.10.20.22.4.4" extension="2015-08-01"/>
                                 <templateId root="2.16.840.1.113883.10.20.22.4.4"/>
                                 <id root="2.16.840.1.113883.10.20.1.28" extension="EncAss5.2"/>
                                 <code code="64572001" displayName="Disease" codeSystemName="SNOMED CT" codeSystem="2.16.840.1.113883.6.96">
                                    <translation code="29308-4" codeSystem="2.16.840.1.113883.6.1" codeSystemName="LOINC" displayName="Diagnosis"/>
                                 </code>
                                 <text>
                                    Caregiver annual health check (SCT699134002)
                                    <reference value="#Enc5"/>
                                 </text>
                                 <statusCode code="completed"/>
                                 <effectiveTime>
                                    <low value="20150722"/>
                                    <high nullFlavor="UNK"/>
                                 </effectiveTime>
                                 <value xsi:type="CD" codeSystem="2.16.840.1.113883.6.96" codeSystemName="SNOMED CT" code="699134002" displayName="Caregiver annual health check (SCT699134002)">
                                    <translation codeSystem="2.16.840.1.113883.6.90" codeSystemName="ICD-10-CM" code="Z00.00" displayName="Caregiver annual health check (SCT699134002)"/>
                                 </value>
                                 <entryRelationship typeCode="REFR">
                                    <observation classCode="OBS" moodCode="EVN">
                                       <templateId root="2.16.840.1.113883.10.20.22.4.6"/>
                                       <templateId root="2.16.840.1.113883.10.20.24.3.94"/>
                                       <id root="1b4e15d0-f881-0130-b7fc-12313d14ba7f"/>
                                       <code code="33999-4" codeSystem="2.16.840.1.113883.6.1" codeSystemName="LOINC" displayName="status"/>
                                       <text>
                                          <reference value="#Enc5"/>
                                       </text>
                                       <statusCode code="completed"/>
                                       <value xsi:type="CD" code="55561003" displayName="active" codeSystem="2.16.840.1.113883.6.96" codeSystemName="SNOMED CT"/>
                                    </observation>
                                 </entryRelationship>
                              </observation>
                           </entryRelationship>
                        </act>
                     </entryRelationship>
                  </encounter>
               </entry>
            </section>
         </component>
         <component>
            <section>
               <templateId root="2.16.840.1.113883.10.20.22.2.8"/>
               <code codeSystem="2.16.840.1.113883.6.1" codeSystemName="LOINC" code="51848-0" displayName="ASSESSMENT"/>
               <title>ASSESSMENT</title>
               <text>
                  Patient was assessed for Caregiver annual health check (SCT699134002) [2015-07-22]
                  <table border="1" width="100%">
                     <thead>
                        <tr>
                           <th>Visit Date</th>
                           <th>Assessment During Visit</th>
                           <th>Impressions/Findings (for entire encounter)</th>
                        </tr>
                     </thead>
                     <tbody>
                        <tr>
                           <td>2015-07-22</td>
                           <td>
                              <list>
                                 <item>Active: Caregiver annual health check (SCT699134002) (SNOMED: 699134002) (ICD-10: Z00.00) (ICD-9: NMF)</item>
                              </list>
                           </td>
                           <td>The patient was found to be healthy and advised to follow his current routine of exercise, work, sleep and quality of life.</td>
                        </tr>
                     </tbody>
                  </table>
               </text>
            </section>
         </component>
         <component>
            <section>
               <templateId root="1.3.6.1.4.1.19376.1.5.3.1.3.18"/>
               <code codeSystem="2.16.840.1.113883.6.1" codeSystemName="LOINC" code="10187-3" displayName="REVIEW OF SYSTEMS"/>
               <title>REVIEW OF SYSTEMS</title>
               <text>No Information Present</text>
            </section>
         </component>
         <component>
            <section>
               <templateId root="2.16.840.1.113883.10.20.22.2.13"/>
               <code codeSystem="2.16.840.1.113883.6.1" codeSystemName="LOINC" code="46239-0" displayName="REASON FOR VISIT + CHIEF COMPLAINT"/>
               <title>REASON FOR VISIT/CHIEF COMPLAINT</title>
               <text>No Information Present</text>
            </section>
         </component>
         <component>
            <section>
               <templateId root="1.3.6.1.4.1.19376.1.5.3.1.3.1"/>
               <code codeSystem="2.16.840.1.113883.6.1" codeSystemName="LOINC" code="42349-1" displayName="REASON FOR REFERRAL"/>
               <title>REASON FOR REFERRAL</title>
               <text>No Information Present</text>
            </section>
         </component>
         <component>
            <section>
               <templateId root="2.16.840.1.113883.10.20.22.2.38"/>
               <code code="29549-3" codeSystem="2.16.840.1.113883.6.1" codeSystemName="LOINC" displayName="Medications Administered"/>
               <title>MEDICATIONS ADMINISTERED</title>
               <text>No Information Present</text>
               <entry typeCode="DRIV">
                  <substanceAdministration classCode="SBADM" moodCode="EVN">
                     <templateId root="2.16.840.1.113883.10.20.22.4.16"/>
                     <id root="2.16.840.1.113883.10.20.1.24"/>
                     <statusCode code="completed"/>
                     <effectiveTime xsi:type="IVL_TS">
                        <low nullFlavor="UNK"/>
                        <high nullFlavor="UNK"/>
                     </effectiveTime>
                     <effectiveTime xsi:type="PIVL_TS" operator="A" institutionSpecified="true">
                        <period nullFlavor="UNK"/>
                     </effectiveTime>
                     <doseQuantity unit="CAS"/>
                     <rateQuantity unit="CA"/>
                     <maxDoseQuantity nullFlavor="UNK">
                        <numerator nullFlavor="UNK"/>
                        <denominator nullFlavor="UNK"/>
                     </maxDoseQuantity>
                     <consumable>
                        <manufacturedProduct classCode="MANU">
                           <templateId root="2.16.840.1.113883.10.20.22.4.23"/>
                           <manufacturedMaterial classCode="MMAT" determinerCode="KIND">
                              <code nullFlavor="UNK"/>
                           </manufacturedMaterial>
                        </manufacturedProduct>
                     </consumable>
                  </substanceAdministration>
               </entry>
            </section>
         </component>
         <component>
            <section>
               <templateId root="2.16.840.1.113883.10.20.22.2.45"/>
               <code code="69730-0" codeSystem="2.16.840.1.113883.6.1" codeSystemName="LOINC" displayName="Instructions"/>
               <title>INSTRUCTIONS</title>
               <text>
                  Patient was given instructions Schedule a visit for next year.
                  <table border="1" width="100%">
                     <thead>
                        <tr>
                           <th>Visit Date</th>
                           <th>Instructions</th>
                        </tr>
                     </thead>
                     <tbody>
                        <tr>
                           <td>2015-07-22</td>
                           <td>
                              <list>
                                 <item>
                                    <content ID="Ins5.1"/>
                                    Schedule a visit for next year.:
                                 </item>
                              </list>
                           </td>
                        </tr>
                     </tbody>
                  </table>
               </text>
               <entry>
                  <act classCode="ACT" moodCode="INT">
                     <templateId root="2.16.840.1.113883.10.20.22.4.20"/>
                     <code nullFlavor="UNK"/>
                     <text>
                        <reference value="#Ins5.1"/>
                     </text>
                     <statusCode code="completed"/>
                  </act>
               </entry>
            </section>
         </component>
         <component>
            <section>
               <templateId root="2.16.840.1.113883.10.20.22.2.10"/>
               <code code="18776-5" codeSystem="2.16.840.1.113883.6.1" codeSystemName="LOINC" displayName="Treatment plan"/>
               <title>PLAN OF TREATMENT</title>
               <text>
                  Patient's treatment plan is to Schedule a visit for next year.
                  <table border="1" width="100%">
                     <thead>
                        <tr>
                           <th>Visit Date</th>
                           <th>Planned Activity</th>
                        </tr>
                     </thead>
                     <tbody>
                        <tr>
                           <td>2015-07-22</td>
                           <td>
                              <content ID="PC5.1"/>
                              Schedule a visit for next year.
                           </td>
                        </tr>
                     </tbody>
                  </table>
               </text>
               <entry>
                  <encounter moodCode="INT" classCode="ENC">
                     <templateId root="2.16.840.1.113883.10.20.22.4.40"/>
                     <id root="9a6d1bac-17d3-4195-89a4-1121bc809b4a"/>
                  </encounter>
               </entry>
               <entry>
                  <encounter moodCode="INT" classCode="ENC">
                     <templateId root="2.16.840.1.113883.10.20.22.4.40"/>
                     <id root="9a6d1bac-17d3-4195-89a4-1121bc809b4a"/>
                  </encounter>
               </entry>
               <entry typeCode="DRIV">
                  <observation classCode="OBS" moodCode="RQO">
                     <templateId root="2.16.840.1.113883.10.20.22.4.44"/>
                     <id root="9a6d1bac-17d3-4195-89a4-1121bc809b4b"/>
                     <code codeSystem="2.16.840.1.113883.6.12" codeSystemName="CPT-4" nullFlavor="UNK"/>
                     <statusCode code="new"/>
                     <effectiveTime nullFlavor="UNK"/>
                  </observation>
               </entry>
               <entry>
                  <act moodCode="RQO" classCode="ACT">
                     <templateId root="2.16.840.1.113883.10.20.22.4.39"/>
                     <id root="9a6d1bac-17d3-4195-89a4-1121bc809a5c"/>
                     <code codeSystem="2.16.840.1.113883.6.12" codeSystemName="CPT-4" nullFlavor="UNK"/>
                     <statusCode code="new"/>
                     <effectiveTime nullFlavor="UNK"/>
                  </act>
               </entry>
               <entry>
                  <procedure moodCode="RQO" classCode="PROC">
                     <templateId root="2.16.840.1.113883.10.20.22.4.41"/>
                     <id root="9a6d1bac-17d3-4195-89c4-1121bc809b5d"/>
                     <code codeSystem="2.16.840.1.113883.6.12" codeSystemName="CPT-4" nullFlavor="UNK"/>
                     <statusCode code="new"/>
                     <effectiveTime nullFlavor="UNK"/>
                  </procedure>
               </entry>
            </section>
         </component>
         <component>
            <section>
               <templateId root="2.16.840.1.113883.10.20.22.2.2"/>
               <templateId root="2.16.840.1.113883.10.20.22.2.2.1"/>
               <code code="11369-6" codeSystemName="LOINC" codeSystem="2.16.840.1.113883.6.1" displayName="History of Immunizations"/>
               <title>IMMUNIZATIONS</title>
               <text>No Information Present</text>
               <entry typeCode="DRIV">
                  <substanceAdministration classCode="SBADM" moodCode="EVN" negationInd="false">
                     <templateId root="2.16.840.1.113883.10.20.22.4.52"/>
                     <id root="2.16.840.1.113883.10.20.1.24"/>
                     <statusCode code="completed"/>
                     <effectiveTime xsi:type="IVL_TS" nullFlavor="UNK"/>
                     <doseQuantity/>
                     <consumable>
                        <manufacturedProduct classCode="MANU">
                           <templateId root="2.16.840.1.113883.10.20.22.4.54" extension="2014-06-09"/>
                           <templateId root="2.16.840.1.113883.10.20.22.4.54"/>
                           <manufacturedMaterial>
                              <code codeSystemName="CVX" codeSystem="2.16.840.1.113883.12.292" nullFlavor="NA"/>
                              <lotNumberText nullFlavor="NA"/>
                           </manufacturedMaterial>
                           <manufacturerOrganization/>
                        </manufacturedProduct>
                     </consumable>
                  </substanceAdministration>
               </entry>
            </section>
         </component>
         <component>
            <section>
               <templateId root="2.16.840.1.113883.10.20.22.2.4.1" extension="2015-08-01"/>
               <templateId root="2.16.840.1.113883.10.20.22.2.4.1"/>
               <code code="8716-3" codeSystem="2.16.840.1.113883.6.1" codeSystemName="LOINC" displayName="Vital Signs"/>
               <title>VITAL SIGNS</title>
               <text>
                  Patient's vital signs are ; ; ; bp 145/88 [2016-12-21], hgt 5 ft 10 in; wgt 194 lb ; bmi 28.08 [2016-12-21]
                  <table border="1" width="100%">
                     <thead>
                        <tr>
                           <th>MeasuredOn</th>
                           <th>Height</th>
                           <th>Weight</th>
                           <th>BMI</th>
                           <th>Temp</th>
                           <th>BP</th>
                           <th>pulse</th>
                           <th>resp</th>
                           <th>oxygen</th>
                        </tr>
                     </thead>
                     <tbody>
                        <tr>
                           <td>2016-12-21</td>
                           <td>
                              <content ID="VitHt10"/>
                           </td>
                           <td>
                              <content ID="VitWt10"/>
                           </td>
                           <td>
                              <content ID="VitBMI10"/>
                           </td>
                           <td>
                              <content ID="VitT10"/>
                           </td>
                           <td>
                              <content ID="VitBP10"/>
                              145/88 mmHg
                           </td>
                           <td>
                              <content ID="VitPR10"/>
                           </td>
                           <td>
                              <content ID="VitRR10"/>
                           </td>
                           <td>
                              <content ID="VitOS10"/>
                           </td>
                        </tr>
                        <tr>
                           <td>2016-12-21</td>
                           <td>
                              <content ID="VitHt9"/>
                              5 ft 10 in
                           </td>
                           <td>
                              <content ID="VitWt9"/>
                              194 lb
                           </td>
                           <td>
                              <content ID="VitBMI9"/>
                              28.08
                           </td>
                           <td>
                              <content ID="VitT9"/>
                           </td>
                           <td>
                              <content ID="VitBP9"/>
                           </td>
                           <td>
                              <content ID="VitPR9"/>
                           </td>
                           <td>
                              <content ID="VitRR9"/>
                           </td>
                           <td>
                              <content ID="VitOS9"/>
                           </td>
                        </tr>
                     </tbody>
                  </table>
               </text>
               <entry typeCode="DRIV">
                  <organizer classCode="CLUSTER" moodCode="EVN">
                     <templateId root="2.16.840.1.113883.10.20.22.4.26" extension="2015-08-01"/>
                     <templateId root="2.16.840.1.113883.10.20.22.4.26"/>
                     <id root="2.16.840.1.113883.10.20.1.32" extension="10"/>
                     <code code="46680005" displayName="Vital Signs" codeSystem="2.16.840.1.113883.6.96" codeSystemName="SNOMED CT">
                        <translation code="74728-7" codeSystem="2.16.840.1.113883.6.1" codeSystemName="LOINC" displayName="Vital signs"/>
                     </code>
                     <statusCode code="completed"/>
                     <effectiveTime>
                        <low value="20161221"/>
                        <high nullFlavor="UNK"/>
                     </effectiveTime>
                     <component>
                        <observation classCode="OBS" moodCode="EVN">
                           <templateId root="2.16.840.1.113883.10.20.22.4.27" extension="2014-06-09"/>
                           <templateId root="2.16.840.1.113883.10.20.22.4.27"/>
                           <id root="2.16.840.1.113883.10.20.1.31" extension="10_Systolic blood pressure"/>
                           <code codeSystem="2.16.840.1.113883.6.1" codeSystemName="LOINC" displayName="Systolic blood pressure" code="8480-6"/>
                           <text>
                              <reference value="#VitBP10"/>
                           </text>
                           <statusCode code="completed"/>
                           <effectiveTime value="20161221"/>
                           <value xsi:type="PQ" value="145" unit="mm[Hg]"/>
                        </observation>
                     </component>
                     <component>
                        <observation classCode="OBS" moodCode="EVN">
                           <templateId root="2.16.840.1.113883.10.20.22.4.27" extension="2014-06-09"/>
                           <templateId root="2.16.840.1.113883.10.20.22.4.27"/>
                           <id root="2.16.840.1.113883.10.20.1.31" extension="10_Diastolic blood pressure"/>
                           <code codeSystem="2.16.840.1.113883.6.1" codeSystemName="LOINC" displayName="Diastolic blood pressure" code="8462-4"/>
                           <text>
                              <reference value="#VitBP10"/>
                           </text>
                           <statusCode code="completed"/>
                           <effectiveTime value="20161221"/>
                           <value xsi:type="PQ" value="88" unit="mm[Hg]"/>
                        </observation>
                     </component>
                  </organizer>
               </entry>
               <entry typeCode="DRIV">
                  <organizer classCode="CLUSTER" moodCode="EVN">
                     <templateId root="2.16.840.1.113883.10.20.22.4.26" extension="2015-08-01"/>
                     <templateId root="2.16.840.1.113883.10.20.22.4.26"/>
                     <id root="2.16.840.1.113883.10.20.1.32" extension="9"/>
                     <code code="46680005" displayName="Vital Signs" codeSystem="2.16.840.1.113883.6.96" codeSystemName="SNOMED CT">
                        <translation code="74728-7" codeSystem="2.16.840.1.113883.6.1" codeSystemName="LOINC" displayName="Vital signs"/>
                     </code>
                     <statusCode code="completed"/>
                     <effectiveTime>
                        <low value="20161221"/>
                        <high nullFlavor="UNK"/>
                     </effectiveTime>
                     <component>
                        <observation classCode="OBS" moodCode="EVN">
                           <templateId root="2.16.840.1.113883.10.20.22.4.27" extension="2014-06-09"/>
                           <templateId root="2.16.840.1.113883.10.20.22.4.27"/>
                           <id root="2.16.840.1.113883.10.20.1.31" extension="9_Height"/>
                           <code codeSystem="2.16.840.1.113883.6.1" codeSystemName="LOINC" displayName="Height" code="8302-2"/>
                           <text>
                              <reference value="#VitHt9"/>
                           </text>
                           <statusCode code="completed"/>
                           <effectiveTime value="20161221"/>
                           <value xsi:type="PQ" value="177.0" unit="cm"/>
                        </observation>
                     </component>
                     <component>
                        <observation classCode="OBS" moodCode="EVN">
                           <templateId root="2.16.840.1.113883.10.20.22.4.27" extension="2014-06-09"/>
                           <templateId root="2.16.840.1.113883.10.20.22.4.27"/>
                           <id root="2.16.840.1.113883.10.20.1.31" extension="9_Weight"/>
                           <code codeSystem="2.16.840.1.113883.6.1" codeSystemName="LOINC" displayName="Weight" code="29463-7"/>
                           <text>
                              <reference value="#VitWt9"/>
                           </text>
                           <statusCode code="completed"/>
                           <effectiveTime value="20161221"/>
                           <value xsi:type="PQ" value="194" unit="kg"/>
                        </observation>
                     </component>
                     <component>
                        <observation classCode="OBS" moodCode="EVN">
                           <templateId root="2.16.840.1.113883.10.20.22.4.27" extension="2014-06-09"/>
                           <templateId root="2.16.840.1.113883.10.20.22.4.27"/>
                           <id root="2.16.840.1.113883.10.20.1.31" extension="9_BMI"/>
                           <code codeSystem="2.16.840.1.113883.6.1" codeSystemName="LOINC" displayName="BMI" code="39156-5"/>
                           <text>
                              <reference value="#VitBMI9"/>
                           </text>
                           <statusCode code="completed"/>
                           <effectiveTime value="20161221"/>
                           <value xsi:type="PQ" value="28.08" unit="kg/m2"/>
                        </observation>
                     </component>
                  </organizer>
               </entry>
            </section>
         </component>
         <component>
            <section>
               <code code="10157-6" codeSystem="2.16.840.1.113883.6.1" codeSystemName="LOINC" displayName="History of family member diseases"/>
               <title>FAMILY HISTORY</title>
               <text>No Information Present</text>
            </section>
         </component>
         <component>
            <section>
               <templateId root="2.16.840.1.113883.10.20.22.2.17" extension="2015-08-01"/>
               <templateId root="2.16.840.1.113883.10.20.22.2.17"/>
               <code code="29762-2" codeSystem="2.16.840.1.113883.6.1" displayName="Social History"/>
               <title>SOCIAL HISTORY</title>
               <text>
                  <table border="1" width="100%">
                     <thead>
                        <tr>
                           <th>SNOMED</th>
                           <th>Description</th>
                           <th>Effective Dates</th>
                        </tr>
                     </thead>
                     <tbody>
                        <tr>
                           <td>
                              <content ID="SocHis3"/>
                              449868002
                           </td>
                           <td>Smoking status: Current every day smoker (449868002)</td>
                           <td>2015-07-22</td>
                        </tr>
                     </tbody>
                  </table>
               </text>
               <entry typeCode="DRIV">
                  <observation classCode="OBS" moodCode="EVN">
                     <templateId root="2.16.840.1.113883.10.20.22.4.78"/>
                     <id root="2.16.840.1.113883.19" extension="3"/>
                     <code code="ASSERTION" codeSystem="2.16.840.1.113883.5.4"/>
                     <statusCode code="completed"/>
                     <effectiveTime value="2015"/>
                     <value xsi:type="CD" codeSystem="2.16.840.1.113883.6.96" displayName="Smoking status: Current every day smoker (449868002)" code="449868002"/>
                  </observation>
               </entry>
               <entry>
                  <observation classCode="OBS" moodCode="EVN">
                     <templateId root="2.16.840.1.113883.10.20.22.4.200"/>
                     <code code="76689-9" codeSystem="2.16.840.1.113883.6.1" codeSystemName="LOINC" displayName="Sex Assigned At Birth"/>
                     <text>
                        <reference value="#BirthSexInfo"/>
                     </text>
                     <statusCode code="completed"/>
                     <effectiveTime value="20170313"/>
                     <value codeSystem="2.16.840.1.113883.5.1" xsi:type="CD" code="M" displayName="Male"/>
                  </observation>
               </entry>
            </section>
         </component>
         <component>
            <section>
               <templateId root="2.16.840.1.113883.10.20.22.2.7.1" extension="2014-06-09"/>
               <templateId root="2.16.840.1.113883.10.20.22.2.7.1"/>
               <code code="47519-4" codeSystem="2.16.840.1.113883.6.1" codeSystemName="LOINC" displayName="HISTORY OF PROCEDURES"/>
               <title>PROCEDURES</title>
               <text>No Information Present</text>
               <entry typeCode="DRIV">
                  <procedure classCode="PROC" moodCode="EVN">
                     <templateId root="2.16.840.1.113883.10.20.22.4.14" extension="2014-06-09"/>
                     <templateId root="2.16.840.1.113883.10.20.22.4.14"/>
                     <id root="2a620155-9d11-439e-92b3-5d9815ff4de8"/>
                     <code codeSystemName="SNOMED CT" codeSystem="2.16.840.1.113883.6.96" nullFlavor="UNK"/>
                     <statusCode code="completed"/>
                     <effectiveTime nullFlavor="UNK"/>
                     <methodCode nullFlavor="UNK"/>
                     <performer>
                        <assignedEntity>
                           <id root="2.16.840.1.113883.4.6"/>
                           <addr use="WP">
                              <streetAddressLine nullFlavor="NA"/>
                              <city nullFlavor="NA"/>
                              <state nullFlavor="NA"/>
                              <postalCode nullFlavor="NA"/>
                              <country nullFlavor="NA"/>
                           </addr>
                           <telecom use="WP" nullFlavor="NA"/>
                           <representedOrganization>
                              <id root="2.16.840.1.113883.4.6"/>
                              <name/>
                              <telecom use="WP" nullFlavor="NA"/>
                              <addr use="WP"/>
                           </representedOrganization>
                        </assignedEntity>
                     </performer>
                  </procedure>
               </entry>
            </section>
         </component>
         <component>
            <section>
               <templateId root="2.16.840.1.113883.10.20.22.2.23"/>
               <templateId root="2.16.840.1.113883.10.20.22.2.23"/>
               <code code="46264-8" codeSystem="2.16.840.1.113883.6.1" codeSystemName="LOINC" displayName="Medical Equipment"/>
               <title>Implantable Devices</title>
               <text>
                  Patient has [No known] No known implants
                  <table border="1" width="100%">
                     <thead>
                        <tr>
                           <th>Device</th>
                           <th>UDI</th>
                           <th>Assigned Authority</th>
                        </tr>
                     </thead>
                     <tbody>
                        <tr>
                           <td>[No known] No known implants</td>
                           <td/>
                           <td>FDA</td>
                        </tr>
                     </tbody>
                  </table>
               </text>
            </section>
         </component>
         <component>
            <section>
               <templateId root="2.16.840.1.113883.10.20.22.2.3.1"/>
               <code code="30954-2" codeSystemName="LOINC" codeSystem="2.16.840.1.113883.6.1"/>
               <title>LAB RESULTS</title>
               <text>No Information Present</text>
               <entry typeCode="DRIV">
                  <organizer classCode="BATTERY" moodCode="EVN">
                     <templateId root="2.16.840.1.113883.10.20.22.4.1" extension="2015-08-01"/>
                     <templateId root="2.16.840.1.113883.10.20.22.4.1"/>
                     <id root="2.16.840.1.113883.10.20.1.32"/>
                     <code nullFlavor="NA"/>
                     <statusCode code="completed"/>
                     <effectiveTime nullFlavor="NA"/>
                     <component>
                        <procedure classCode="PROC" moodCode="EVN">
                           <id root="2.16.840.1.113883.10.20.1.29"/>
                           <code nullFlavor="NA"/>
                           <statusCode code="completed"/>
                           <effectiveTime nullFlavor="NA"/>
                        </procedure>
                     </component>
                     <component>
                        <observation classCode="OBS" moodCode="EVN">
                           <templateId root="2.16.840.1.113883.10.20.22.4.2" extension="2015-08-01"/>
                           <templateId root="2.16.840.1.113883.10.20.22.4.2"/>
                           <id root="2.16.840.1.113883.10.20.1.31"/>
                           <code codeSystemName="LOINC" codeSystem="2.16.840.1.113883.6.1" nullFlavor="NA"/>
                           <statusCode code="completed"/>
                           <effectiveTime nullFlavor="NA"/>
                           <value xsi:type="PQ" nullFlavor="NA" unit="0"/>
                        </observation>
                     </component>
                  </organizer>
               </entry>
            </section>
         </component>
         <component>
            <section>
               <templateId root="2.16.840.1.113883.10.20.22.2.14"/>
               <code code="47420-5" codeSystem="2.16.840.1.113883.6.1"/>
               <title>FUNCTIONAL &amp; MENTAL STATUS</title>
               <text>No Information Present</text>
            </section>
         </component>
         <component>
            <section>
               <templateId root="2.16.840.1.113883.10.20.22.2.60"/>
               <code code="61146-7" displayName="Goals" codeSystem="2.16.840.1.113883.6.1" codeSystemName="LOINC"/>
               <title>GOALS</title>
               <text>No Information Present</text>
               <entry>
                  <observation classCode="OBS" moodCode="GOL">
                     <templateId root="2.16.840.1.113883.10.20.22.4.121"/>
                     <id nullFlavor="NA"/>
                     <code codeSystem="2.16.840.1.113883.6.1" codeSystemName="LOINC" nullFlavor="NA"/>
                     <statusCode code="active"/>
                     <effectiveTime nullFlavor="NA"/>
                  </observation>
               </entry>
            </section>
         </component>
         <component>
            <section>
               <templateId root="2.16.840.1.113883.10.20.22.2.58" extension="20170313150439+0000"/>
               <code code="75310-3" displayName="Health Concerns Document" codeSystem="2.16.840.1.113883.6.1" codeSystemName="LOINC"/>
               <title>HEALTH CONCERNS</title>
               <text>No Information Present</text>
               <entry>
                  <observation classCode="OBS" moodCode="EVN">
                     <templateId root="2.16.840.1.113883.10.20.22.4.5"/>
                     <id nullFlavor="NA"/>
                     <code code="11323-3" codeSystem="2.16.840.1.113883.6.1" codeSystemName="LOINC" displayName="Health status"/>
                     <statusCode code="completed"/>
                     <value xsi:type="CD" codeSystem="2.16.840.1.113883.6.96" codeSystemName="SNOMED-CT" nullFlavor="UNK"/>
                  </observation>
               </entry>
               <entry>
                  <act classCode="ACT" moodCode="EVN">
                     <templateId root="2.16.840.1.113883.10.20.22.4.132"/>
                     <id nullFlavor="NA"/>
                     <code code="11323-3" codeSystem="2.16.840.1.113883.6.1" codeSystemName="LOINC" displayName="Health status"/>
                     <statusCode code="completed"/>
                  </act>
               </entry>
            </section>
         </component>
      </structuredBody>
   </component>
</ClinicalDocument>