<?xml version="1.0" encoding="UTF-8"?>
<ClinicalDocument xmlns:xsi="http://www.w3.org/2001/XMLSchema-instance" xmlns="urn:hl7-org:v3" xmlns:sdtc="urn:hl7-org:sdtc" xmlns:voc="urn:hl7-org:v3/voc" xsi:schemaLocation="urn:hl7-org:v3 CDA.xsd">
  <realmCode code="US"/>
  <typeId root="2.16.840.1.113883.1.3" extension="POCD_HD000040"/>
  <templateId root="2.16.840.1.113883.10.20.22.1.1" extension="2015-08-01"/>
  <templateId root="2.16.840.1.113883.10.20.22.1.2" extension="2015-08-01"/>
  <id root="2.16.840.1.113883.3.1579.7277837785.1.100" extension="025b98ce-3919-4c5e-832a-4ccf47b30762" assigningAuthorityName="HMS DOCUMENT ID"/>
  <code code="34133-9" codeSystem="2.16.840.1.113883.6.1" codeSystemName="LOINC" displayName="Summarization of Episode Note"/>
  <title>Continuity of Care Document</title>
  <effectiveTime value="20161213152337+0000"/>
  <confidentialityCode code="N" codeSystem="2.16.840.1.113883.5.25"/>
  <languageCode code="en-US"/>
  <setId root="2.16.840.1.113883.3.1579.7277837785.1.101" extension="1.38159.2222470.00010101.20161213.CCD" assigningAuthorityName="HMS SET ID"/>
  <versionNumber value="1"/>
  <recordTarget>
    <patientRole>
      <id root="2.16.840.1.113883.3.1579.7277837785.1.200" extension="38159" assigningAuthorityName="HMS MRN"/>
      <id root="2.16.840.1.113883.3.1579.7277837785.1.300" extension="2222470" assigningAuthorityName="HMS PATIENT ACCOUNT NUMBER"/>
      <addr use="HP"><streetAddressLine>1357 AMBER DR</streetAddressLine><city>BEAVERTON</city><state>OR</state><postalCode>97006</postalCode></addr>
      <telecom value="tel:(555)723-1544" use="HP"/>
      <patient>
        <name use="L"><given>JEREMY</given><family>BATES</family><given>V</given></name>
        <administrativeGenderCode code="M" codeSystem="2.16.840.1.113883.5.1" codeSystemName="Administrative Gender" displayName="Male"/>
        <birthTime value="19800801"/>
        <raceCode nullFlavor="ASKU"/>
        <ethnicGroupCode code="2186-5" codeSystem="2.16.840.1.113883.6.238" codeSystemName="Race and Ethnicity - CDC" displayName="Not Hispanic or Latino"/>
        <languageCommunication>
          <languageCode code="en"/>
          <preferenceInd value="true"/>
        </languageCommunication>
      </patient>
    </patientRole>
  </recordTarget>
  <author>
    <time value="20161213152337+0000"/>
    <assignedAuthor>
      <id root="2.16.840.1.113883.4.6" extension="1679502322" assigningAuthorityName="National Provider ID (NPI)"/>
      <code code="261QE0002X" codeSystem="2.16.840.1.113883.6.101" codeSystemName="NUCC Health Care Provider Taxonomy" displayName="Emergency Care"/>
      <addr use="WP"><streetAddressLine>6550 CAROTHERS PKWY</streetAddressLine><city>FRANKLIN</city><state>TN</state><postalCode>370670000</postalCode></addr>
      <telecom value="tel:(217)465-4141" use="WP"/>
      <assignedPerson>
        <name>MU CERTIFY HOSPITAL</name>
      </assignedPerson>
    </assignedAuthor>
  </author>
  <custodian>
    <assignedCustodian>
      <representedCustodianOrganization>
        <id root="2.16.840.1.113883.3.1579.7277837785.1.500" extension="001" assigningAuthorityName="HMS HOSPITAL NUMBER"/>
        <name>MU CERTIFY HOSPITAL</name>
        <telecom value="tel:(217)465-4141" use="WP"/>
        <addr use="WP"><streetAddressLine>6550 CAROTHERS PKWY</streetAddressLine><city>FRANKLIN</city><state>TN</state><postalCode>370670000</postalCode></addr>
      </representedCustodianOrganization>
    </assignedCustodian>
  </custodian>
  <documentationOf>
    <serviceEvent classCode="PCPR">
      <code displayName="Caregiver Annual Health Check"/>
      <effectiveTime>
        <low value="20161209173600+0000"/>
        <high value="20161213152337+0000"/>
      </effectiveTime>
      <performer typeCode="PRF">
        <functionCode code="ADMPHYS" codeSystem="2.16.840.1.113883.5.88" codeSystemName="ParticipationFunction" displayName="Admitting"/>
        <assignedEntity classCode="ASSIGNED">
          <id root="2.16.840.1.113883.4.6" extension="8475638910"/>
          <code code="208D00000X" codeSystem="2.16.840.1.113883.6.101" codeSystemName="NUCC Health Care Provider Taxonomy" displayName="General Practice"/>
          <addr><streetAddressLine>123 MAIN STREET</streetAddressLine><city>NASHVILLE</city><state>TN</state><postalCode>37204</postalCode></addr>
          <telecom nullFlavor="NAV"/>
          <assignedPerson>
            <name><given>ALBERT</given><family>DAVIS</family></name>
          </assignedPerson>
        </assignedEntity>
      </performer>
      <performer typeCode="PRF">
        <functionCode code="ATTPHYS" codeSystem="2.16.840.1.113883.5.88" codeSystemName="ParticipationFunction" displayName="Primary Attending"/>
        <assignedEntity classCode="ASSIGNED">
          <id root="2.16.840.1.113883.4.6" extension="8475638910"/>
          <code code="208D00000X" codeSystem="2.16.840.1.113883.6.101" codeSystemName="NUCC Health Care Provider Taxonomy" displayName="General Practice"/>
          <addr><streetAddressLine>123 MAIN STREET</streetAddressLine><city>NASHVILLE</city><state>TN</state><postalCode>37204</postalCode></addr>
          <telecom nullFlavor="NAV"/>
          <assignedPerson>
            <name><given>ALBERT</given><family>DAVIS</family></name>
          </assignedPerson>
        </assignedEntity>
      </performer>
      <performer typeCode="PRF">
        <functionCode nullFlavor="UNK"/>
        <assignedEntity classCode="ASSIGNED">
          <id root="2.16.840.1.113883.4.6" extension="8475638910"/>
          <code code="208D00000X" codeSystem="2.16.840.1.113883.6.101" codeSystemName="NUCC Health Care Provider Taxonomy" displayName="General Practice"/>
          <addr><streetAddressLine>123 MAIN STREET</streetAddressLine><city>NASHVILLE</city><state>TN</state><postalCode>37204</postalCode></addr>
          <telecom nullFlavor="NAV"/>
          <assignedPerson>
            <name><given>ALBERT</given><family>DAVIS</family></name>
          </assignedPerson>
        </assignedEntity>
      </performer>
    </serviceEvent>
  </documentationOf>
  <componentOf>
    <encompassingEncounter>
      <id root="2.16.840.1.113883.3.1579.7277837785.1.300" extension="2222470" assigningAuthorityName="HMS PATIENT ACCOUNT NUMBER"/>
      <code code="373864002" codeSystem="2.16.840.1.113883.6.96" codeSystemName="SNOMED CT" displayName="Recurring Outpatient Encounter"/>
      <effectiveTime>
        <low value="20161209173600+0000"/>
        <high value="20161209173600+0000"/>
      </effectiveTime>
      <dischargeDispositionCode code="0" codeSystem="2.16.840.1.113883.12.112" codeSystemName="HL7 Discharge Disposition"/>
    </encompassingEncounter>
  </componentOf>
  <component>
    <structuredBody>
      <component>
        <section>
          <templateId root="2.16.840.1.113883.10.20.22.2.6.1" extension="2015-08-01"/>
          <templateId root="2.16.840.1.113883.10.20.22.2.6.1"/>
          <code code="48765-2" codeSystem="2.16.840.1.113883.6.1" codeSystemName="LOINC" displayName="Allergies and adverse reactions Document"/>
          <title>ALLERGIES AND ADVERSE REACTIONS</title>
          <text><table border="1" width="100%"><caption>ALLERGIES AND ADVERSE REACTIONS</caption><thead><tr><th>Code</th><th>System</th><th>Allergy Substance</th><th>Adverse Reaction Date</th><th>Reaction (Severity)</th><th>Comment</th><th>Status</th><th>Reported By</th><th>Entered By</th></tr></thead><tbody><tr><td colspan="9">No Known Allergies.</td></tr></tbody></table></text>
          <entry typeCode="DRIV">
            <act classCode="ACT" moodCode="EVN">
              <templateId root="2.16.840.1.113883.10.20.22.4.30" extension="2015-08-01"/>
              <templateId root="2.16.840.1.113883.10.20.22.4.30"/>
              <id root="2652b564-fb19-4a10-9577-051a3bb2d046"/>
              <code code="CONC" codeSystem="2.16.840.1.113883.5.6" codeSystemName="HL7 Act Class" displayName="Problem Concern"/>
              <statusCode code="active"/>
              <effectiveTime>
                <low nullFlavor="UNK"/>
                <high nullFlavor="UNK"/>
              </effectiveTime>
              <entryRelationship typeCode="SUBJ" negationInd="true">
                <observation classCode="OBS" moodCode="EVN">
                  <templateId root="2.16.840.1.113883.10.20.22.4.7" extension="2014-06-09"/>
                  <templateId root="2.16.840.1.113883.10.20.22.4.7"/>
                  <id root="83dbe7ba-28e1-4c0e-b8e7-54a9894881ba"/>
                  <code code="ASSERTION" codeSystem="2.16.840.1.113883.5.4" codeSystemName="ActCode" displayName="Alert Observation"/>
                  <statusCode code="completed"/>
                  <effectiveTime nullFlavor="NA"/>
                  <value xsi:type="CD" code="419199007" codeSystem="2.16.840.1.113883.6.96" codeSystemName="SNOMED CT" displayName="Allergy to substance"/>
                  <participant typeCode="CSM">
                    <participantRole classCode="MANU">
                      <playingEntity classCode="MMAT">
                        <code nullFlavor="NA"/>
                      </playingEntity>
                    </participantRole>
                  </participant>
                </observation>
              </entryRelationship>
            </act>
          </entry>
        </section>
      </component>
      <component>
        <section nullFlavor="NI">
          <templateId root="2.16.840.1.113883.10.20.22.2.8"/>
          <code code="51848-0" codeSystem="2.16.840.1.113883.6.1" codeSystemName="LOINC" displayName="ASSESSMENTS"/>
          <title>ASSESSMENTS</title>
          <text><content styleCode="Bold">No Information Available</content></text>
        </section>
      </component>
      <component>
        <section>
          <templateId root="2.16.840.1.113883.10.20.22.2.15" extension="2015-08-01"/>
          <templateId root="2.16.840.1.113883.10.20.22.2.15"/>
          <code code="10157-6" codeSystem="2.16.840.1.113883.6.1" codeSystemName="LOINC" displayName="FAMILY HISTORY"/>
          <title>FAMILY HISTORY</title>
          <text><table border="1" width="100%"><caption>FAMILY HISTORY</caption><tbody><tr><th colspan="3" align="left">RELATION: Father</th></tr><tr><td colspan="3" align="left"> Status: LIVING </td></tr><tr><th>SNOMED-CT</th><th>Diagnosis</th><th>Age At Onset</th></tr><tr><td colspan="3">Information not available</td></tr><tr><th colspan="3" align="left">RELATION: Mother</th></tr><tr><td colspan="3" align="left"> Status: LIVING </td></tr><tr><th>SNOMED-CT</th><th>Diagnosis</th><th>Age At Onset</th></tr><tr><td>13644009</td><td>Hypercholesterolemia</td><td>55</td></tr></tbody></table></text>
          <entry typeCode="DRIV">
            <organizer classCode="CLUSTER" moodCode="EVN">
              <templateId root="2.16.840.1.113883.10.20.22.4.45" extension="2015-08-01"/>
              <templateId root="2.16.840.1.113883.10.20.22.4.45"/>
              <id root="9258494d-91c9-4ded-993c-b857a458334b"/>
              <statusCode code="completed"/>
              <subject>
                <relatedSubject classCode="PRS">
                  <code code="FTH" codeSystem="2.16.840.1.113883.5.111" codeSystemName="RoleCode" displayName="Father"/>
                  <subject>
                    <administrativeGenderCode code="M" codeSystem="2.16.840.1.113883.5.1" codeSystemName="Administrative Gender" displayName="MALE"/>
                    <birthTime value="1946"/>
                    <sdtc:deceasedInd value="false"/>
                  </subject>
                </relatedSubject>
              </subject>
              <component>
                <observation classCode="OBS" moodCode="EVN">
                  <templateId root="2.16.840.1.113883.10.20.22.4.46" extension="2015-08-01"/>
                  <id root="415dec51-7554-4f6b-a8da-7a0f6a7e77e4"/>
                  <code code="64572001" codeSystem="2.16.840.1.113883.6.96" codeSystemName="SNOMED CT" displayName="Condition">
                    <translation code="75323-6" codeSystem="2.16.840.1.113883.6.1" codeSystemName="LOINC" displayName="Condition"/>
                  </code>
                  <statusCode code="completed"/>
                  <effectiveTime value="20161213014554+0000"/>
                  <value xsi:type="CD" nullFlavor="NA"/>
                </observation>
              </component>
            </organizer>
          </entry>
          <entry typeCode="DRIV">
            <organizer classCode="CLUSTER" moodCode="EVN">
              <templateId root="2.16.840.1.113883.10.20.22.4.45" extension="2015-08-01"/>
              <templateId root="2.16.840.1.113883.10.20.22.4.45"/>
              <id root="e81aeb89-43af-4f11-a77f-a1a35d480c90"/>
              <statusCode code="completed"/>
              <subject>
                <relatedSubject classCode="PRS">
                  <code code="MTH" codeSystem="2.16.840.1.113883.5.111" codeSystemName="RoleCode" displayName="Mother"/>
                  <subject>
                    <administrativeGenderCode code="F" codeSystem="2.16.840.1.113883.5.1" codeSystemName="Administrative Gender" displayName="FEMALE"/>
                    <birthTime value="1951"/>
                    <sdtc:deceasedInd value="false"/>
                  </subject>
                </relatedSubject>
              </subject>
              <component>
                <observation classCode="OBS" moodCode="EVN">
                  <templateId root="2.16.840.1.113883.10.20.22.4.46" extension="2015-08-01"/>
                  <id root="6d72e978-bafd-4d1e-ad61-58eace4a8a02"/>
                  <code code="64572001" codeSystem="2.16.840.1.113883.6.96" codeSystemName="SNOMED CT" displayName="Condition">
                    <translation code="75323-6" codeSystem="2.16.840.1.113883.6.1" codeSystemName="LOINC" displayName="Condition"/>
                  </code>
                  <statusCode code="completed"/>
                  <effectiveTime value="20161213014625+0000"/>
                  <value xsi:type="CD" code="13644009" codeSystem="2.16.840.1.113883.6.96" codeSystemName="SNOMED CT" displayName="Hypercholesterolemia"/>
                  <entryRelationship typeCode="SUBJ" inversionInd="true">
                    <observation classCode="OBS" moodCode="EVN">
                      <templateId root="2.16.840.1.113883.10.20.22.4.31"/>
                      <code code="445518008" codeSystem="2.16.840.1.113883.6.96" codeSystemName="SNOMED CT" displayName="Age at Onset"/>
                      <statusCode code="completed"/>
                      <value xsi:type="PQ" value="55.0" unit="a"/>
                    </observation>
                  </entryRelationship>
                </observation>
              </component>
            </organizer>
          </entry>
        </section>
      </component>
      <component>
        <section>
          <templateId root="2.16.840.1.113883.10.20.22.2.14" extension="2014-06-09"/>
          <code code="47420-5" codeSystem="2.16.840.1.113883.6.1" codeSystemName="LOINC" displayName="FUNCTIONAL STATUS"/>
          <title>FUNCTIONAL STATUS</title>
          <text><table border="1" width="100%"><caption>FUNCTIONAL STATUS</caption><tbody><tr><td align="left" colspan="5">Section: Feeding Ability<br/>Comments: </td></tr></tbody><tbody><tr align="center"><td>Description</td><td>SNOMED_CT</td><td>Yes/No</td><td>Comments</td><td>Entered On</td></tr></tbody><tbody><tr><td>Independent feeding</td><td>165224005</td><td>Yes</td><td/><td>December 13, 2016 1:41:33 AM UTC</td></tr></tbody><tbody><tr><td align="left" colspan="5">Section: Bathing<br/>Comments: </td></tr></tbody><tbody><tr align="center"><td>Description</td><td>SNOMED_CT</td><td>Yes/No</td><td>Comments</td><td>Entered On</td></tr></tbody><tbody><tr><td>Independent bathing</td><td>129041007</td><td>Yes</td><td/><td>December 13, 2016 1:41:33 AM UTC</td></tr></tbody><tbody><tr><td align="left" colspan="5">Section: Grooming<br/>Comments: </td></tr></tbody><tbody><tr align="center"><td>Description</td><td>SNOMED_CT</td><td>Yes/No</td><td>Comments</td><td>Entered On</td></tr></tbody><tbody><tr><td>Independent for grooming</td><td>165227003</td><td>Yes</td><td/><td>December 13, 2016 1:41:33 AM UTC</td></tr></tbody><tbody><tr><td align="left" colspan="5">Section: Dressing Activities<br/>Comments: </td></tr></tbody><tbody><tr align="center"><td>Description</td><td>SNOMED_CT</td><td>Yes/No</td><td>Comments</td><td>Entered On</td></tr></tbody><tbody><tr><td>Able to perform dressing activity</td><td>284968001</td><td>Yes</td><td/><td>December 13, 2016 1:41:33 AM UTC</td></tr></tbody><tbody><tr><td align="left" colspan="5">Section: Bowel Continence Status<br/>Comments: </td></tr></tbody><tbody><tr align="center"><td>Description</td><td>SNOMED_CT</td><td>Yes/No</td><td>Comments</td><td>Entered On</td></tr></tbody><tbody><tr><td>Bowels: fully continent</td><td>24029004</td><td>Yes</td><td/><td>December 13, 2016 1:41:33 AM UTC</td></tr></tbody><tbody><tr><td align="left" colspan="5">Section: Urinary Continence Status<br/>Comments: </td></tr></tbody><tbody><tr align="center"><td>Description</td><td>SNOMED_CT</td><td>Yes/No</td><td>Comments</td><td>Entered On</td></tr></tbody><tbody><tr><td>Continent of urine</td><td>45850009</td><td>Yes</td><td/><td>December 13, 2016 1:41:33 AM UTC</td></tr></tbody><tbody><tr><td align="left" colspan="5">Section: Toileting Activities<br/>Comments: </td></tr></tbody><tbody><tr align="center"><td>Description</td><td>SNOMED_CT</td><td>Yes/No</td><td>Comments</td><td>Entered On</td></tr></tbody><tbody><tr><td>Independent in toilet</td><td>129062008</td><td>Yes</td><td/><td>December 13, 2016 1:41:33 AM UTC</td></tr></tbody><tbody><tr><td align="left" colspan="5">Section: Able to mobilize independently<br/>Comments: </td></tr></tbody><tbody><tr align="center"><td>Description</td><td>SNOMED_CT</td><td>Yes/No</td><td>Comments</td><td>Entered On</td></tr></tbody><tbody><tr><td>Able to get on and off furniture</td><td>301637000</td><td>Yes</td><td/><td>December 13, 2016 1:41:33 AM UTC</td></tr><tr><td>Able to manage steps and stairs</td><td>301582007</td><td>Yes</td><td/><td>December 13, 2016 1:41:33 AM UTC</td></tr><tr><td>Able to mobilize indoors</td><td>301497008</td><td>Yes</td><td/><td>December 13, 2016 1:41:33 AM UTC</td></tr><tr><td>Able to mobilize outside</td><td>301563003</td><td>Yes</td><td/><td>December 13, 2016 1:41:33 AM UTC</td></tr><tr><td>Able to negotiate obstacles</td><td>301473004</td><td>Yes</td><td/><td>December 13, 2016 1:41:33 AM UTC</td></tr><tr><td>Able to use escalator</td><td>301631004</td><td>Yes</td><td/><td>December 13, 2016 1:41:33 AM UTC</td></tr></tbody><tbody><tr><td align="left" colspan="5">Section: Mobilizes using mobility aids<br/>Comments: </td></tr></tbody><tbody><tr align="center"><td>Description</td><td>SNOMED_CT</td><td>Yes/No</td><td>Comments</td><td>Entered On</td></tr></tbody><tbody><tr><td>Cane</td><td>87405001</td><td>Yes</td><td/><td>December 13, 2016 1:41:33 AM UTC</td></tr></tbody><tbody><tr><td align="left" colspan="5">Section: Reduced mobility<br/>Comments: </td></tr></tbody><tbody><tr align="center"><td>Description</td><td>SNOMED_CT</td><td>Yes/No</td><td>Comments</td><td>Entered On</td></tr></tbody><tbody><tr><td>Mobile outside with aid</td><td>160681005</td><td>Yes</td><td/><td>December 13, 2016 1:41:33 AM UTC</td></tr></tbody><tbody><tr><td align="left" colspan="5">Section: Functional Mental Status<br/>Comments: </td></tr></tbody><tbody><tr align="center"><td>Description</td><td>SNOMED_CT</td><td>Yes/No</td><td>Comments</td><td>Entered On</td></tr></tbody><tbody><tr><td>Normal cognition</td><td>449888003</td><td>Yes</td><td/><td>December 13, 2016 1:41:33 AM UTC</td></tr></tbody></table></text>
          <entry>
            <observation classCode="OBS" moodCode="EVN">
              <templateId root="2.16.840.1.113883.10.20.22.4.67" extension="2014-06-09"/>
              <id root="524fab28-408c-49ca-94a1-4669ee017eaa"/>
              <code xsi:type="CE" code="54522-8" codeSystem="2.16.840.1.113883.6.1" codeSystemName="LOINC" displayName="FUNCTIONAL STATUS"/>
              <statusCode code="completed"/>
              <effectiveTime>
                <low value="20161213014133+0000"/>
                <high nullFlavor="UNK"/>
              </effectiveTime>
              <value xsi:type="CD" code="165224005" codeSystem="2.16.840.1.113883.6.96" codeSystemName="SNOMED CT" displayName="Independent feeding"/>
            </observation>
          </entry>
          <entry>
            <observation classCode="OBS" moodCode="EVN">
              <templateId root="2.16.840.1.113883.10.20.22.4.67" extension="2014-06-09"/>
              <id root="e52d6882-16d2-4e3d-b46c-47fed9d97036"/>
              <code xsi:type="CE" code="54522-8" codeSystem="2.16.840.1.113883.6.1" codeSystemName="LOINC" displayName="FUNCTIONAL STATUS"/>
              <statusCode code="completed"/>
              <effectiveTime>
                <low value="20161213014133+0000"/>
                <high nullFlavor="UNK"/>
              </effectiveTime>
              <value xsi:type="CD" code="129041007" codeSystem="2.16.840.1.113883.6.96" codeSystemName="SNOMED CT" displayName="Independent bathing"/>
            </observation>
          </entry>
          <entry>
            <observation classCode="OBS" moodCode="EVN">
              <templateId root="2.16.840.1.113883.10.20.22.4.67" extension="2014-06-09"/>
              <id root="b6482c08-28e7-4b62-b90e-b5057bc0cdea"/>
              <code xsi:type="CE" code="54522-8" codeSystem="2.16.840.1.113883.6.1" codeSystemName="LOINC" displayName="FUNCTIONAL STATUS"/>
              <statusCode code="completed"/>
              <effectiveTime>
                <low value="20161213014133+0000"/>
                <high nullFlavor="UNK"/>
              </effectiveTime>
              <value xsi:type="CD" code="165227003" codeSystem="2.16.840.1.113883.6.96" codeSystemName="SNOMED CT" displayName="Independent for grooming"/>
            </observation>
          </entry>
          <entry>
            <observation classCode="OBS" moodCode="EVN">
              <templateId root="2.16.840.1.113883.10.20.22.4.67" extension="2014-06-09"/>
              <id root="23e4b688-c07f-4fdb-a26e-14ec5dbedeef"/>
              <code xsi:type="CE" code="54522-8" codeSystem="2.16.840.1.113883.6.1" codeSystemName="LOINC" displayName="FUNCTIONAL STATUS"/>
              <statusCode code="completed"/>
              <effectiveTime>
                <low value="20161213014133+0000"/>
                <high nullFlavor="UNK"/>
              </effectiveTime>
              <value xsi:type="CD" code="284968001" codeSystem="2.16.840.1.113883.6.96" codeSystemName="SNOMED CT" displayName="Able to perform dressing activity"/>
            </observation>
          </entry>
          <entry>
            <observation classCode="OBS" moodCode="EVN">
              <templateId root="2.16.840.1.113883.10.20.22.4.67" extension="2014-06-09"/>
              <id root="655bbcbb-a28a-402c-9b06-931b9c6e7ac9"/>
              <code xsi:type="CE" code="54522-8" codeSystem="2.16.840.1.113883.6.1" codeSystemName="LOINC" displayName="FUNCTIONAL STATUS"/>
              <statusCode code="completed"/>
              <effectiveTime>
                <low value="20161213014133+0000"/>
                <high nullFlavor="UNK"/>
              </effectiveTime>
              <value xsi:type="CD" code="24029004" codeSystem="2.16.840.1.113883.6.96" codeSystemName="SNOMED CT" displayName="Bowels: fully continent"/>
            </observation>
          </entry>
          <entry>
            <observation classCode="OBS" moodCode="EVN">
              <templateId root="2.16.840.1.113883.10.20.22.4.67" extension="2014-06-09"/>
              <id root="b5ad41ea-1461-4eea-ab89-9f0f7d616ffb"/>
              <code xsi:type="CE" code="54522-8" codeSystem="2.16.840.1.113883.6.1" codeSystemName="LOINC" displayName="FUNCTIONAL STATUS"/>
              <statusCode code="completed"/>
              <effectiveTime>
                <low value="20161213014133+0000"/>
                <high nullFlavor="UNK"/>
              </effectiveTime>
              <value xsi:type="CD" code="45850009" codeSystem="2.16.840.1.113883.6.96" codeSystemName="SNOMED CT" displayName="Continent of urine"/>
            </observation>
          </entry>
          <entry>
            <observation classCode="OBS" moodCode="EVN">
              <templateId root="2.16.840.1.113883.10.20.22.4.67" extension="2014-06-09"/>
              <id root="9f6b048b-c4dc-4681-83ac-bfa2f2883014"/>
              <code xsi:type="CE" code="54522-8" codeSystem="2.16.840.1.113883.6.1" codeSystemName="LOINC" displayName="FUNCTIONAL STATUS"/>
              <statusCode code="completed"/>
              <effectiveTime>
                <low value="20161213014133+0000"/>
                <high nullFlavor="UNK"/>
              </effectiveTime>
              <value xsi:type="CD" code="129062008" codeSystem="2.16.840.1.113883.6.96" codeSystemName="SNOMED CT" displayName="Independent in toilet"/>
            </observation>
          </entry>
          <entry>
            <observation classCode="OBS" moodCode="EVN">
              <templateId root="2.16.840.1.113883.10.20.22.4.67" extension="2014-06-09"/>
              <id root="4a9c911d-b74b-4679-a6ce-43c6bbf73a82"/>
              <code xsi:type="CE" code="54522-8" codeSystem="2.16.840.1.113883.6.1" codeSystemName="LOINC" displayName="FUNCTIONAL STATUS"/>
              <statusCode code="completed"/>
              <effectiveTime>
                <low value="20161213014133+0000"/>
                <high nullFlavor="UNK"/>
              </effectiveTime>
              <value xsi:type="CD" code="301637000" codeSystem="2.16.840.1.113883.6.96" codeSystemName="SNOMED CT" displayName="Able to get on and off furniture"/>
            </observation>
          </entry>
          <entry>
            <observation classCode="OBS" moodCode="EVN">
              <templateId root="2.16.840.1.113883.10.20.22.4.67" extension="2014-06-09"/>
              <id root="7cc9f45f-2772-460a-b91e-18e272835562"/>
              <code xsi:type="CE" code="54522-8" codeSystem="2.16.840.1.113883.6.1" codeSystemName="LOINC" displayName="FUNCTIONAL STATUS"/>
              <statusCode code="completed"/>
              <effectiveTime>
                <low value="20161213014133+0000"/>
                <high nullFlavor="UNK"/>
              </effectiveTime>
              <value xsi:type="CD" code="301582007" codeSystem="2.16.840.1.113883.6.96" codeSystemName="SNOMED CT" displayName="Able to manage steps and stairs"/>
            </observation>
          </entry>
          <entry>
            <observation classCode="OBS" moodCode="EVN">
              <templateId root="2.16.840.1.113883.10.20.22.4.67" extension="2014-06-09"/>
              <id root="78d07d8b-ef33-4937-96b2-22d9bd4ae388"/>
              <code xsi:type="CE" code="54522-8" codeSystem="2.16.840.1.113883.6.1" codeSystemName="LOINC" displayName="FUNCTIONAL STATUS"/>
              <statusCode code="completed"/>
              <effectiveTime>
                <low value="20161213014133+0000"/>
                <high nullFlavor="UNK"/>
              </effectiveTime>
              <value xsi:type="CD" code="301497008" codeSystem="2.16.840.1.113883.6.96" codeSystemName="SNOMED CT" displayName="Able to mobilize indoors"/>
            </observation>
          </entry>
          <entry>
            <observation classCode="OBS" moodCode="EVN">
              <templateId root="2.16.840.1.113883.10.20.22.4.67" extension="2014-06-09"/>
              <id root="1d6973a3-855e-4087-928c-5ae9e0ed4d66"/>
              <code xsi:type="CE" code="54522-8" codeSystem="2.16.840.1.113883.6.1" codeSystemName="LOINC" displayName="FUNCTIONAL STATUS"/>
              <statusCode code="completed"/>
              <effectiveTime>
                <low value="20161213014133+0000"/>
                <high nullFlavor="UNK"/>
              </effectiveTime>
              <value xsi:type="CD" code="301563003" codeSystem="2.16.840.1.113883.6.96" codeSystemName="SNOMED CT" displayName="Able to mobilize outside"/>
            </observation>
          </entry>
          <entry>
            <observation classCode="OBS" moodCode="EVN">
              <templateId root="2.16.840.1.113883.10.20.22.4.67" extension="2014-06-09"/>
              <id root="cd3dab8f-212a-4787-a52b-192ca37cbb33"/>
              <code xsi:type="CE" code="54522-8" codeSystem="2.16.840.1.113883.6.1" codeSystemName="LOINC" displayName="FUNCTIONAL STATUS"/>
              <statusCode code="completed"/>
              <effectiveTime>
                <low value="20161213014133+0000"/>
                <high nullFlavor="UNK"/>
              </effectiveTime>
              <value xsi:type="CD" code="301473004" codeSystem="2.16.840.1.113883.6.96" codeSystemName="SNOMED CT" displayName="Able to negotiate obstacles"/>
            </observation>
          </entry>
          <entry>
            <observation classCode="OBS" moodCode="EVN">
              <templateId root="2.16.840.1.113883.10.20.22.4.67" extension="2014-06-09"/>
              <id root="41e4f47e-f871-4517-9b0d-75b88ee05457"/>
              <code xsi:type="CE" code="54522-8" codeSystem="2.16.840.1.113883.6.1" codeSystemName="LOINC" displayName="FUNCTIONAL STATUS"/>
              <statusCode code="completed"/>
              <effectiveTime>
                <low value="20161213014133+0000"/>
                <high nullFlavor="UNK"/>
              </effectiveTime>
              <value xsi:type="CD" code="301631004" codeSystem="2.16.840.1.113883.6.96" codeSystemName="SNOMED CT" displayName="Able to use escalator"/>
            </observation>
          </entry>
          <entry>
            <observation classCode="OBS" moodCode="EVN">
              <templateId root="2.16.840.1.113883.10.20.22.4.67" extension="2014-06-09"/>
              <id root="13f4981b-cc83-4873-87e5-c34c3f4afeca"/>
              <code xsi:type="CE" code="54522-8" codeSystem="2.16.840.1.113883.6.1" codeSystemName="LOINC" displayName="FUNCTIONAL STATUS"/>
              <statusCode code="completed"/>
              <effectiveTime>
                <low value="20161213014133+0000"/>
                <high nullFlavor="UNK"/>
              </effectiveTime>
              <value xsi:type="CD" code="87405001" codeSystem="2.16.840.1.113883.6.96" codeSystemName="SNOMED CT" displayName="Cane"/>
            </observation>
          </entry>
          <entry>
            <observation classCode="OBS" moodCode="EVN">
              <templateId root="2.16.840.1.113883.10.20.22.4.67" extension="2014-06-09"/>
              <id root="dbed3195-fa17-4379-8040-1be3ae40fdff"/>
              <code xsi:type="CE" code="54522-8" codeSystem="2.16.840.1.113883.6.1" codeSystemName="LOINC" displayName="FUNCTIONAL STATUS"/>
              <statusCode code="completed"/>
              <effectiveTime>
                <low value="20161213014133+0000"/>
                <high nullFlavor="UNK"/>
              </effectiveTime>
              <value xsi:type="CD" code="160681005" codeSystem="2.16.840.1.113883.6.96" codeSystemName="SNOMED CT" displayName="Mobile outside with aid"/>
            </observation>
          </entry>
          <entry>
            <observation classCode="OBS" moodCode="EVN">
              <templateId root="2.16.840.1.113883.10.20.22.4.67" extension="2014-06-09"/>
              <id root="b34fbbac-c10a-4b4e-b478-b61c9dac7213"/>
              <code xsi:type="CE" code="54522-8" codeSystem="2.16.840.1.113883.6.1" codeSystemName="LOINC" displayName="FUNCTIONAL STATUS"/>
              <statusCode code="completed"/>
              <effectiveTime>
                <low value="20161213014133+0000"/>
                <high nullFlavor="UNK"/>
              </effectiveTime>
              <value xsi:type="CD" code="449888003" codeSystem="2.16.840.1.113883.6.96" codeSystemName="SNOMED CT" displayName="Normal cognition"/>
            </observation>
          </entry>
        </section>
      </component>
      <component>
        <section>
          <templateId root="2.16.840.1.113883.10.20.22.2.56" extension="2015-08-01"/>
          <code code="10190-7" codeSystem="2.16.840.1.113883.6.1" codeSystemName="LOINC" displayName="Mental Status"/>
          <title>MENTAL STATUS</title>
          <text><table border="1" width="100%"><caption>MENTAL STATUS</caption><tbody><tr><td align="left" colspan="5">Section: Long-term Memory Performance<br/>Comments: </td></tr></tbody><tbody><tr align="center"><td>Description</td><td>SNOMED_CT</td><td>Yes/No</td><td>Comments</td><td>Entered On</td></tr></tbody><tbody><tr><td>Ability to remember today's date</td><td>285204003</td><td>Yes</td><td/><td>December 13, 2016 1:43:06 AM UTC</td></tr></tbody><tbody><tr><td align="left" colspan="5">Section: Recognition<br/>Comments: </td></tr></tbody><tbody><tr align="center"><td>Description</td><td>SNOMED_CT</td><td>Yes/No</td><td>Comments</td><td>Entered On</td></tr></tbody><tbody><tr><td>Ability to recognize objects</td><td>225667008</td><td>Yes</td><td/><td>December 13, 2016 1:43:06 AM UTC</td></tr></tbody><tbody><tr><td align="left" colspan="5">Section: Ability to comprehend danger<br/>Comments: </td></tr></tbody><tbody><tr align="center"><td>Description</td><td>SNOMED_CT</td><td>Yes/No</td><td>Comments</td><td>Entered On</td></tr></tbody><tbody><tr><td>Able to comprehend concept of danger</td><td>395662007</td><td>Yes</td><td/><td>December 13, 2016 1:43:06 AM UTC</td></tr></tbody><tbody><tr><td align="left" colspan="5">Section: Ability to process information<br/>Comments: </td></tr></tbody><tbody><tr align="center"><td>Description</td><td>SNOMED_CT</td><td>Yes/No</td><td>Comments</td><td>Entered On</td></tr></tbody><tbody><tr><td>Able to process information</td><td>307083000</td><td>Yes</td><td/><td>December 13, 2016 1:43:06 AM UTC</td></tr></tbody><tbody><tr><td align="left" colspan="5">Section: Ability to reason<br/>Comments: </td></tr></tbody><tbody><tr align="center"><td>Description</td><td>SNOMED_CT</td><td>Yes/No</td><td>Comments</td><td>Entered On</td></tr></tbody><tbody><tr><td>Able to reason</td><td>304642007</td><td>Yes</td><td/><td>December 13, 2016 1:43:06 AM UTC</td></tr></tbody><tbody><tr><td align="left" colspan="5">Section: Ability to tell the time<br/>Comments: </td></tr></tbody><tbody><tr align="center"><td>Description</td><td>SNOMED_CT</td><td>Yes/No</td><td>Comments</td><td>Entered On</td></tr></tbody><tbody><tr><td>Able to tell the time</td><td>285630007</td><td>Yes</td><td/><td>December 13, 2016 1:43:06 AM UTC</td></tr></tbody><tbody><tr><td align="left" colspan="5">Section: Cognition<br/>Comments: </td></tr></tbody><tbody><tr align="center"><td>Description</td><td>SNOMED_CT</td><td>Yes/No</td><td>Comments</td><td>Entered On</td></tr></tbody><tbody><tr><td>Normal cognition</td><td>449888003</td><td>Yes</td><td/><td>December 13, 2016 1:43:06 AM UTC</td></tr></tbody></table></text>
          <entry>
            <organizer classCode="CLUSTER" moodCode="EVN">
              <templateId root="2.16.840.1.113883.10.20.22.4.75" extension="2014-06-09"/>
              <id root="f8b5a9f6-b0b5-4fd3-bc6b-3a3c9fdf3774"/>
              <code code="75275-8" codeSystem="2.16.840.1.113883.6.1" codeSystemName="LOINC" displayName="Cognitive function"/>
              <statusCode code="completed"/>
              <effectiveTime>
                <low value="00010101060000+0000"/>
                <high value="00010101060000+0000"/>
              </effectiveTime>
              <component>
                <observation classCode="OBS" moodCode="EVN">
                  <templateId root="2.16.840.1.113883.10.20.22.4.74" extension="2015-08-01"/>
                  <id root="36af5b21-c223-4fe0-9b00-a0351558fd1f"/>
                  <code code="373930000" codeSystem="2.16.840.1.113883.6.96" codeSystemName="SNOMEDCT" displayName="Cognitive Function">
                    <translation code="75275-8" codeSystem="2.16.840.1.113883.6.1"/>
                  </code>
                  <statusCode code="completed"/>
                  <effectiveTime>
                    <low value="20161213014306+0000"/>
                    <high nullFlavor="UNK"/>
                  </effectiveTime>
                  <value xsi:type="ST">true</value>
                </observation>
              </component>
              <component>
                <observation classCode="OBS" moodCode="EVN">
                  <templateId root="2.16.840.1.113883.10.20.22.4.74" extension="2015-08-01"/>
                  <id root="291a55e8-b5dd-4816-9390-bcda9fc74bc3"/>
                  <code code="373930000" codeSystem="2.16.840.1.113883.6.96" codeSystemName="SNOMEDCT" displayName="Cognitive Function">
                    <translation code="75275-8" codeSystem="2.16.840.1.113883.6.1"/>
                  </code>
                  <statusCode code="completed"/>
                  <effectiveTime>
                    <low value="20161213014306+0000"/>
                    <high nullFlavor="UNK"/>
                  </effectiveTime>
                  <value xsi:type="ST">true</value>
                </observation>
              </component>
              <component>
                <observation classCode="OBS" moodCode="EVN">
                  <templateId root="2.16.840.1.113883.10.20.22.4.74" extension="2015-08-01"/>
                  <id root="89d42ddc-f8df-4079-aa11-ce904aeacea8"/>
                  <code code="373930000" codeSystem="2.16.840.1.113883.6.96" codeSystemName="SNOMEDCT" displayName="Cognitive Function">
                    <translation code="75275-8" codeSystem="2.16.840.1.113883.6.1"/>
                  </code>
                  <statusCode code="completed"/>
                  <effectiveTime>
                    <low value="20161213014306+0000"/>
                    <high nullFlavor="UNK"/>
                  </effectiveTime>
                  <value xsi:type="ST">true</value>
                </observation>
              </component>
              <component>
                <observation classCode="OBS" moodCode="EVN">
                  <templateId root="2.16.840.1.113883.10.20.22.4.74" extension="2015-08-01"/>
                  <id root="2862779d-81a8-42d5-9261-fbd9a5a6f6e0"/>
                  <code code="373930000" codeSystem="2.16.840.1.113883.6.96" codeSystemName="SNOMEDCT" displayName="Cognitive Function">
                    <translation code="75275-8" codeSystem="2.16.840.1.113883.6.1"/>
                  </code>
                  <statusCode code="completed"/>
                  <effectiveTime>
                    <low value="20161213014306+0000"/>
                    <high nullFlavor="UNK"/>
                  </effectiveTime>
                  <value xsi:type="ST">true</value>
                </observation>
              </component>
              <component>
                <observation classCode="OBS" moodCode="EVN">
                  <templateId root="2.16.840.1.113883.10.20.22.4.74" extension="2015-08-01"/>
                  <id root="0e9453ba-9c68-45ec-9611-080fe725663c"/>
                  <code code="373930000" codeSystem="2.16.840.1.113883.6.96" codeSystemName="SNOMEDCT" displayName="Cognitive Function">
                    <translation code="75275-8" codeSystem="2.16.840.1.113883.6.1"/>
                  </code>
                  <statusCode code="completed"/>
                  <effectiveTime>
                    <low value="20161213014306+0000"/>
                    <high nullFlavor="UNK"/>
                  </effectiveTime>
                  <value xsi:type="ST">true</value>
                </observation>
              </component>
              <component>
                <observation classCode="OBS" moodCode="EVN">
                  <templateId root="2.16.840.1.113883.10.20.22.4.74" extension="2015-08-01"/>
                  <id root="0fe2b094-6ce4-4354-86ac-57de78efae1d"/>
                  <code code="373930000" codeSystem="2.16.840.1.113883.6.96" codeSystemName="SNOMEDCT" displayName="Cognitive Function">
                    <translation code="75275-8" codeSystem="2.16.840.1.113883.6.1"/>
                  </code>
                  <statusCode code="completed"/>
                  <effectiveTime>
                    <low value="20161213014306+0000"/>
                    <high nullFlavor="UNK"/>
                  </effectiveTime>
                  <value xsi:type="ST">true</value>
                </observation>
              </component>
              <component>
                <observation classCode="OBS" moodCode="EVN">
                  <templateId root="2.16.840.1.113883.10.20.22.4.74" extension="2015-08-01"/>
                  <id root="cec8aa7d-e087-499f-b6b3-8e9ccccec763"/>
                  <code code="373930000" codeSystem="2.16.840.1.113883.6.96" codeSystemName="SNOMEDCT" displayName="Cognitive Function">
                    <translation code="75275-8" codeSystem="2.16.840.1.113883.6.1"/>
                  </code>
                  <statusCode code="completed"/>
                  <effectiveTime>
                    <low value="20161213014306+0000"/>
                    <high nullFlavor="UNK"/>
                  </effectiveTime>
                  <value xsi:type="ST">true</value>
                </observation>
              </component>
            </organizer>
          </entry>
        </section>
      </component>
      <component>
        <section>
          <templateId root="2.16.840.1.113883.10.20.22.2.5.1" extension="2015-08-01"/>
          <templateId root="2.16.840.1.113883.10.20.22.2.5.1"/>
          <code code="11450-4" codeSystem="2.16.840.1.113883.6.1" codeSystemName="LOINC" displayName="Problem List"/>
          <title>PROBLEMS</title>
          <text><table border="1" width="100%"><caption>PATIENT PROBLEMS</caption><thead><tr><th>Code</th><th>Description/Comments</th><th>Status</th><th>Date</th><th>Entered By</th></tr></thead><tbody><tr><td colspan="5">Patient has no known problems</td></tr></tbody></table></text>
          <entry typeCode="DRIV">
            <act classCode="ACT" moodCode="EVN">
              <templateId root="2.16.840.1.113883.10.20.22.4.3" extension="2015-08-01"/>
              <templateId root="2.16.840.1.113883.10.20.22.4.3"/>
              <id root="1c222b6a-4c38-49fd-9ba5-ea08346458e5"/>
              <code code="CONC" codeSystem="2.16.840.1.113883.5.6" codeSystemName="HL7 Act Class" displayName="Concern"/>
              <statusCode code="completed"/>
              <effectiveTime>
                <low value="20161209"/>
                <high nullFlavor="UNK"/>
              </effectiveTime>
              <entryRelationship typeCode="SUBJ">
                <observation classCode="OBS" moodCode="EVN" negationInd="true">
                  <templateId root="2.16.840.1.113883.10.20.22.4.4" extension="2015-08-01"/>
                  <templateId root="2.16.840.1.113883.10.20.22.4.4"/>
                  <id root="38d581fa-f55b-4940-a5f2-06d2bf696388"/>
                  <code code="ASSERTION" codeSystem="2.16.840.1.113883.5.4" codeSystemName="ActCode" displayName="ASSERTION">
                    <translation nullFlavor="NA"/>
                  </code>
                  <statusCode code="completed"/>
                  <effectiveTime>
                    <low value="20161209"/>
                    <high nullFlavor="UNK"/>
                  </effectiveTime>
                  <value xsi:type="CD" code="55607006" codeSystem="2.16.840.1.113883.6.96"/>
                </observation>
              </entryRelationship>
            </act>
          </entry>
        </section>
      </component>
      <component>
        <section>
          <templateId root="2.16.840.1.113883.10.20.22.2.3.1" extension="2015-08-01"/>
          <code code="30954-2" codeSystem="2.16.840.1.113883.6.1" codeSystemName="LOINC" displayName="Relevant diagnostic tests/laboratory data Narrative"/>
          <title>RESULTS</title>
          <text><table border="1" width="100%"><thead><tr><th colspan="5">LABORATORY RESULTS</th></tr></thead><tbody><tr><td colspan="5" align="left">ORDER 100: BASIC METABOLIC PANEL<br/>ORDER DATE: December 13, 2016 1:13:00 AM UTC</td></tr><tr><td colspan="5" align="left">Result Comment:<br/>Final Result Date: December 13, 2016 1:18:00 AM UTC (TECH: HMS) </td></tr><tr><td>LOINC</td><td>TEST</td><td>FLAG</td><td>RESULT</td><td>REFERENCE RANGE</td></tr><tr><td>2339-0</td><td>Glucose [Mass/volume] in Blood</td><td>N</td><td>100 mg/dl</td><td>50 mg/dl - 205 mg/dl</td></tr><tr><td>6299-2</td><td>Urea nitrogen [Mass/volume] in Blood</td><td>N</td><td>25 mg/dl</td><td>7 mg/dl - 30 mg/dl</td></tr><tr><td>2160-0</td><td>Creatinine [Mass/volume] in Serum or Plasma</td><td>N</td><td>1 mg/dl</td><td>0.5 mg/dl - 1.4 mg/dl</td></tr><tr><td>CA</td><td>CALCIUM</td><td>N</td><td>9 mg/dl</td><td>8.5 mg/dl - 10.5 mg/dl</td></tr><tr><td>2947-0</td><td>Sodium [Moles/volume] in Blood</td><td>N</td><td>140 mmol/L</td><td>135 mmol/L - 146 mmol/L</td></tr><tr><td>6298-4</td><td>Potassium [Moles/volume] in Blood</td><td>N</td><td>4 meq/L</td><td>3.5 meq/L - 5.3 meq/L</td></tr><tr><td>2069-3</td><td>Chloride [Moles/volume] in Blood</td><td>N</td><td>110 mmol/L</td><td>99 mmol/L - 111 mmol/L</td></tr><tr><td>HCO3</td><td>BICARBONATE (HCO3)</td><td>N</td><td>25 mmol/L</td><td>20.0 mmol/L - 32.0 mmol/L</td></tr><tr><td>GFR</td><td>ESTIMATED G.F.R.</td><td>N</td><td>> 60 ml/min/1.73m^2</td><td>60 ml/min/1.73m^2 </td></tr></tbody></table><br/><br/><table border="1" width="100%"><thead><tr><th colspan="1">RADIOLOGY RESULTS</th></tr></thead><tbody><tr><td colspan="1">No radiology information exists for patient</td></tr></tbody></table><br/><br/><table border="1" width="100%"><thead><tr><th colspan="5">MICROBIOLOGY RESULTS</th></tr></thead><tbody><tr><td colspan="5" align="left">No Micro Labs/Results Exist for Patient</td></tr></tbody></table></text>
          <entry typeCode="DRIV">
            <organizer classCode="BATTERY" moodCode="EVN">
              <templateId root="2.16.840.1.113883.10.20.22.4.1" extension="2015-08-01"/>
              <id root="89131c5e-cfa5-4e0d-b6d4-8a77c6bf3ee0"/>
              <code xsi:type="CE" code="100" codeSystem="2.16.840.1.113883.3.1579" codeSystemName="HMS" displayName="BASIC METABOLIC PANEL"/>
              <statusCode code="completed"/>
              <effectiveTime>
                <low value="20161213"/>
                <high value="20161213"/>
              </effectiveTime>
              <component>
                <observation classCode="OBS" moodCode="EVN">
                  <templateId root="2.16.840.1.113883.10.20.22.4.2" extension="2015-08-01"/>
                  <templateId root="2.16.840.1.113883.10.20.22.4.2"/>
                  <id root="153ca7e2-b29c-470e-8659-d1599850d88b"/>
                  <code xsi:type="CE" code="2339-0" codeSystem="2.16.840.1.113883.6.1" codeSystemName="LOINC" displayName="Glucose [Mass/volume] in Blood"/>
                  <statusCode code="completed"/>
                  <effectiveTime value="20161213"/>
                  <value xsi:type="PQ" value="100" unit="mg/dl"/>
                  <interpretationCode code="N" codeSystem="2.16.840.1.113883.5.83" codeSystemName="ObservationInterpretation" displayName="Normal"/>
                  <referenceRange>
                    <observationRange>
                      <text>50 mg/dl - 205 mg/dl</text>
                      <value xsi:type="IVL_PQ">
                        <low value="50.0" unit="mg/dl"/>
                        <high value="205.0" unit="mg/dl"/>
                      </value>
                    </observationRange>
                  </referenceRange>
                </observation>
              </component>
              <component>
                <observation classCode="OBS" moodCode="EVN">
                  <templateId root="2.16.840.1.113883.10.20.22.4.2" extension="2015-08-01"/>
                  <templateId root="2.16.840.1.113883.10.20.22.4.2"/>
                  <id root="001bac8c-1f66-40b3-a164-99ea329b9b90"/>
                  <code xsi:type="CE" code="6299-2" codeSystem="2.16.840.1.113883.6.1" codeSystemName="LOINC" displayName="Urea nitrogen [Mass/volume] in Blood"/>
                  <statusCode code="completed"/>
                  <effectiveTime value="20161213"/>
                  <value xsi:type="PQ" value="25" unit="mg/dl"/>
                  <interpretationCode code="N" codeSystem="2.16.840.1.113883.5.83" codeSystemName="ObservationInterpretation" displayName="Normal"/>
                  <referenceRange>
                    <observationRange>
                      <text>7 mg/dl - 30 mg/dl</text>
                      <value xsi:type="IVL_PQ">
                        <low value="7.0" unit="mg/dl"/>
                        <high value="30.0" unit="mg/dl"/>
                      </value>
                    </observationRange>
                  </referenceRange>
                </observation>
              </component>
              <component>
                <observation classCode="OBS" moodCode="EVN">
                  <templateId root="2.16.840.1.113883.10.20.22.4.2" extension="2015-08-01"/>
                  <templateId root="2.16.840.1.113883.10.20.22.4.2"/>
                  <id root="90d83a16-a871-48e3-8029-70a9809030cc"/>
                  <code xsi:type="CE" code="2160-0" codeSystem="2.16.840.1.113883.6.1" codeSystemName="LOINC" displayName="Creatinine [Mass/volume] in Serum or Plasma"/>
                  <statusCode code="completed"/>
                  <effectiveTime value="20161213"/>
                  <value xsi:type="PQ" value="1" unit="mg/dl"/>
                  <interpretationCode code="N" codeSystem="2.16.840.1.113883.5.83" codeSystemName="ObservationInterpretation" displayName="Normal"/>
                  <referenceRange>
                    <observationRange>
                      <text>0.5 mg/dl - 1.4 mg/dl</text>
                      <value xsi:type="IVL_PQ">
                        <low value="0.5" unit="mg/dl"/>
                        <high value="1.4" unit="mg/dl"/>
                      </value>
                    </observationRange>
                  </referenceRange>
                </observation>
              </component>
              <component>
                <observation classCode="OBS" moodCode="EVN">
                  <templateId root="2.16.840.1.113883.10.20.22.4.2" extension="2015-08-01"/>
                  <templateId root="2.16.840.1.113883.10.20.22.4.2"/>
                  <id root="addf4fb6-425e-4725-8243-6ff225d7f7ac"/>
                  <code xsi:type="CE" code="CA" codeSystem="2.16.840.1.113883.6.1" codeSystemName="LOINC" displayName="CALCIUM"/>
                  <statusCode code="completed"/>
                  <effectiveTime value="20161213"/>
                  <value xsi:type="PQ" value="9" unit="mg/dl"/>
                  <interpretationCode code="N" codeSystem="2.16.840.1.113883.5.83" codeSystemName="ObservationInterpretation" displayName="Normal"/>
                  <referenceRange>
                    <observationRange>
                      <text>8.5 mg/dl - 10.5 mg/dl</text>
                      <value xsi:type="IVL_PQ">
                        <low value="8.5" unit="mg/dl"/>
                        <high value="10.5" unit="mg/dl"/>
                      </value>
                    </observationRange>
                  </referenceRange>
                </observation>
              </component>
              <component>
                <observation classCode="OBS" moodCode="EVN">
                  <templateId root="2.16.840.1.113883.10.20.22.4.2" extension="2015-08-01"/>
                  <templateId root="2.16.840.1.113883.10.20.22.4.2"/>
                  <id root="e5a358bf-c24e-4831-98e2-d22079947813"/>
                  <code xsi:type="CE" code="2947-0" codeSystem="2.16.840.1.113883.6.1" codeSystemName="LOINC" displayName="Sodium [Moles/volume] in Blood"/>
                  <statusCode code="completed"/>
                  <effectiveTime value="20161213"/>
                  <value xsi:type="PQ" value="140" unit="mmol/L"/>
                  <interpretationCode code="N" codeSystem="2.16.840.1.113883.5.83" codeSystemName="ObservationInterpretation" displayName="Normal"/>
                  <referenceRange>
                    <observationRange>
                      <text>135 mmol/L - 146 mmol/L</text>
                      <value xsi:type="IVL_PQ">
                        <low value="135.0" unit="mmol/L"/>
                        <high value="146.0" unit="mmol/L"/>
                      </value>
                    </observationRange>
                  </referenceRange>
                </observation>
              </component>
              <component>
                <observation classCode="OBS" moodCode="EVN">
                  <templateId root="2.16.840.1.113883.10.20.22.4.2" extension="2015-08-01"/>
                  <templateId root="2.16.840.1.113883.10.20.22.4.2"/>
                  <id root="f84957f5-5f25-470b-bf25-2819942b7f80"/>
                  <code xsi:type="CE" code="6298-4" codeSystem="2.16.840.1.113883.6.1" codeSystemName="LOINC" displayName="Potassium [Moles/volume] in Blood"/>
                  <statusCode code="completed"/>
                  <effectiveTime value="20161213"/>
                  <value xsi:type="PQ" value="4" unit="meq/L"/>
                  <interpretationCode code="N" codeSystem="2.16.840.1.113883.5.83" codeSystemName="ObservationInterpretation" displayName="Normal"/>
                  <referenceRange>
                    <observationRange>
                      <text>3.5 meq/L - 5.3 meq/L</text>
                      <value xsi:type="IVL_PQ">
                        <low value="3.5" unit="meq/L"/>
                        <high value="5.3" unit="meq/L"/>
                      </value>
                    </observationRange>
                  </referenceRange>
                </observation>
              </component>
              <component>
                <observation classCode="OBS" moodCode="EVN">
                  <templateId root="2.16.840.1.113883.10.20.22.4.2" extension="2015-08-01"/>
                  <templateId root="2.16.840.1.113883.10.20.22.4.2"/>
                  <id root="cd66079b-8dfd-4ac1-9fd3-6cbfcd35fdf6"/>
                  <code xsi:type="CE" code="2069-3" codeSystem="2.16.840.1.113883.6.1" codeSystemName="LOINC" displayName="Chloride [Moles/volume] in Blood"/>
                  <statusCode code="completed"/>
                  <effectiveTime value="20161213"/>
                  <value xsi:type="PQ" value="110" unit="mmol/L"/>
                  <interpretationCode code="N" codeSystem="2.16.840.1.113883.5.83" codeSystemName="ObservationInterpretation" displayName="Normal"/>
                  <referenceRange>
                    <observationRange>
                      <text>99 mmol/L - 111 mmol/L</text>
                      <value xsi:type="IVL_PQ">
                        <low value="99.0" unit="mmol/L"/>
                        <high value="111.0" unit="mmol/L"/>
                      </value>
                    </observationRange>
                  </referenceRange>
                </observation>
              </component>
              <component>
                <observation classCode="OBS" moodCode="EVN">
                  <templateId root="2.16.840.1.113883.10.20.22.4.2" extension="2015-08-01"/>
                  <templateId root="2.16.840.1.113883.10.20.22.4.2"/>
                  <id root="6308b41b-c15a-41bc-8e42-95ac24fea7e7"/>
                  <code xsi:type="CE" code="HCO3" codeSystem="2.16.840.1.113883.6.1" codeSystemName="LOINC" displayName="BICARBONATE (HCO3)"/>
                  <statusCode code="completed"/>
                  <effectiveTime value="20161213"/>
                  <value xsi:type="PQ" value="25" unit="mmol/L"/>
                  <interpretationCode code="N" codeSystem="2.16.840.1.113883.5.83" codeSystemName="ObservationInterpretation" displayName="Normal"/>
                  <referenceRange>
                    <observationRange>
                      <text>20.0 mmol/L - 32.0 mmol/L</text>
                      <value xsi:type="IVL_PQ">
                        <low value="20.0" unit="mmol/L"/>
                        <high value="32.0" unit="mmol/L"/>
                      </value>
                    </observationRange>
                  </referenceRange>
                </observation>
              </component>
              <component>
                <observation classCode="OBS" moodCode="EVN">
                  <templateId root="2.16.840.1.113883.10.20.22.4.2" extension="2015-08-01"/>
                  <templateId root="2.16.840.1.113883.10.20.22.4.2"/>
                  <id root="b0360a8c-10bd-4efc-bf99-5dee425b6427"/>
                  <code xsi:type="CE" code="GFR" codeSystem="2.16.840.1.113883.6.1" codeSystemName="LOINC" displayName="ESTIMATED G.F.R."/>
                  <statusCode code="completed"/>
                  <effectiveTime value="20161213"/>
                  <value xsi:type="ST">&amp;gt; 60</value>
                  <interpretationCode code="N" codeSystem="2.16.840.1.113883.5.83" codeSystemName="ObservationInterpretation" displayName="Normal"/>
                </observation>
              </component>
            </organizer>
          </entry>
        </section>
      </component>
      <component>
        <section>
          <templateId root="2.16.840.1.113883.10.20.22.2.10" extension="2014-06-09"/>
          <code code="18776-5" codeSystem="2.16.840.1.113883.6.1" codeSystemName="LOINC" displayName="Plan of Treatment"/>
          <title>TREATMENT PLAN</title>
          <text><table border="1" width="100%"><thead><tr><th colspan="8">DISCHARGE MEDICATIONS</th></tr><tr><th>Status</th><th>RXNORM</th><th>Medication</th><th>Dose</th><th>Route</th><th>Frequency</th><th>Dates</th><th>Comments</th></tr></thead><tbody><tr><td colspan="8">Patient discharge medication information is not available.</td></tr></tbody></table><br/><table border="1" width="100%"><thead><tr><th colspan="8">PATIENT OPEN ORDERS</th></tr><tr><th>Code</th><th>System</th><th>Description</th><th>Frequency</th><th>Occurrences</th><th>Priority</th><th>Start Date</th><th>Ordering Physician</th></tr></thead><tbody><tr><td>57021-8</td><td>LOINC</td><td>CBC W Auto Differential panel - Blood</td><td>ONCE</td><td>0</td><td>Routine</td><td>December 13, 2016 1:13:00 AM UTC</td><td>HENRY SEVEN</td></tr><tr><td>XRCXR2V</td><td>MEDHOST</td><td>CHEST 2 VIEWS, PA &amp; LATERAL</td><td>ONCE</td><td>0</td><td>Routine</td><td>December 13, 2016 1:13:00 AM UTC</td><td>HENRY SEVEN</td></tr><tr><td>HIFIBER</td><td>MEDHOST</td><td>HIGH FIBER DIET</td><td>ONCE</td><td>0</td><td>Routine</td><td>December 13, 2016 1:13:00 AM UTC</td><td>HENRY SEVEN</td></tr></tbody></table></text>
          <entry typeCode="DRIV">
            <procedure classCode="PROC" moodCode="RQO">
              <templateId root="2.16.840.1.113883.10.20.22.4.41" extension="2014-06-09"/>
              <id root="dbfcd0a7-2e3b-4475-bd1e-9180dbe129ec"/>
              <code code="57021-8" codeSystemName="LOINC" displayName="CBC W Auto Differential panel - Blood">
                <translation code="CBC" displayName="CBC W/ AUTO DIFFERENTIAL"/>
              </code>
              <statusCode code="active"/>
              <effectiveTime>
                <low value="20161213011300+0000"/>
                <high nullFlavor="UNK"/>
              </effectiveTime>
            </procedure>
          </entry>
          <entry typeCode="DRIV">
            <procedure classCode="PROC" moodCode="RQO">
              <templateId root="2.16.840.1.113883.10.20.22.4.41" extension="2014-06-09"/>
              <id root="354897e0-c355-4b4c-946d-b713af51c343"/>
              <code nullFlavor="NA"/>
              <statusCode code="active"/>
              <effectiveTime>
                <low value="20161213011300+0000"/>
                <high nullFlavor="UNK"/>
              </effectiveTime>
            </procedure>
          </entry>
          <entry typeCode="DRIV">
            <procedure classCode="PROC" moodCode="RQO">
              <templateId root="2.16.840.1.113883.10.20.22.4.41" extension="2014-06-09"/>
              <id root="aad6b6e1-97d9-48b8-b0ef-5ff040953010"/>
              <code nullFlavor="NA"/>
              <statusCode code="active"/>
              <effectiveTime>
                <low value="20161213011300+0000"/>
                <high nullFlavor="UNK"/>
              </effectiveTime>
            </procedure>
          </entry>
        </section>
      </component>
      <component>
        <section>
          <templateId root="1.3.6.1.4.1.19376.1.5.3.1.3.5"/>
          <code code="8648-8" codeSystem="2.16.840.1.113883.6.1" codeSystemName="LOINC" displayName="HOSPITAL COURSE"/>
          <title>HOSPITAL COURSE</title>
          <text><table border="1" width="100%"><caption>HOSPITAL COURSE</caption><tbody><tr><td colspan="2">Encounter: 2222470</td></tr><tr><td>Created On: December 9, 2016 7:46:52 PM UTC</td><td>Created By: MEDHOST USER2 MA</td></tr><tr><td colspan="2">The patient was found to be healthy and advised to follow his current routine of exercise, work, sleep and quality of life. 

Schedule a visit for next year.</td></tr></tbody></table></text>
        </section>
      </component>
      <component>
        <section>
          <templateId root="2.16.840.1.113883.10.20.22.2.2.1" extension="2015-08-01"/>
          <code code="11369-6" codeSystem="2.16.840.1.113883.6.1" codeSystemName="LOINC" displayName="History of Immunization Narrative"/>
          <title>IMMUNIZATIONS</title>
          <text><table border="1" width="100%"><caption>PATIENT IMMUNIZATIONS</caption><thead><tr><th>Code</th><th>System</th><th>Vaccine Name</th><th>Consent</th><th>Reactions</th><th>Comments</th><th>Administered By</th><th>Route</th><th>Site</th><th>Entered By</th></tr></thead><tbody><tr><td>141</td><td>CVX</td><td>Influenza, seasonal, injectable (CVX: 141)</td><td>OBTAINED</td><td/><td/><td> on December 12, 2016 9:00:00 PM UTC</td><td>INTRAMUSCULAR</td><td>Left Arm</td><td>emruser  on December 13, 2016 1:49:35 AM UTC</td></tr></tbody></table></text>
          <entry typeCode="DRIV">
            <substanceAdministration classCode="SBADM" moodCode="EVN" negationInd="false">
              <templateId root="2.16.840.1.113883.10.20.22.4.52" extension="2015-08-01"/>
              <templateId root="2.16.840.1.113883.10.20.22.4.52"/>
              <id root="df6f5727-7f5e-4c79-a055-4337888a8b70"/>
              <text>Influenza, seasonal, injectable (CVX: 141)|1.0 INJ|INTRAMUSCULAR|</text>
              <statusCode code="completed"/>
              <effectiveTime xsi:type="IVL_TS" value="20161212"/>
              <routeCode code="C28161" codeSystem="2.16.840.1.113883.3.26.1.1" codeSystemName="National Cancer Institute (NCI) Thesaurus" displayName="INTRAMUSCULAR"/>
              <doseQuantity value="1.0" unit="INJ"/>
              <consumable>
                <manufacturedProduct classCode="MANU">
                  <templateId root="2.16.840.1.113883.10.20.22.4.54" extension="2014-06-09"/>
                  <templateId root="2.16.840.1.113883.10.20.22.4.54"/>
                  <manufacturedMaterial>
                    <code code="141" codeSystem="2.16.840.1.113883.12.292" codeSystemName="Vaccines administered (CVX)" displayName="Influenza, seasonal, injectable (CVX: 141)">
                      <translation code="33332-0111-10" codeSystem="2.16.840.1.113883.6.69" codeSystemName="NDC" displayName="AFLURIA"/>
                    </code>
                    <lotNumberText>123A</lotNumberText>
                  </manufacturedMaterial>
                  <manufacturerOrganization>
                    <name>Abbott Laboratories</name>
                  </manufacturerOrganization>
                </manufacturedProduct>
              </consumable>
              <entryRelationship typeCode="COMP" inversionInd="true">
                <act classCode="ACT" moodCode="EVN">
                  <templateId root="2.16.840.1.113883.10.20.22.4.118"/>
                  <id root="49eca85e-413b-49f2-96e3-195c5272bc46"/>
                  <code code="416118004" codeSystem="2.16.840.1.113883.6.96" codeSystemName="SNOMED CT" displayName="Administration"/>
                  <statusCode code="completed"/>
                </act>
              </entryRelationship>
            </substanceAdministration>
          </entry>
        </section>
      </component>
      <component>
        <section>
          <templateId root="2.16.840.1.113883.10.20.22.2.1.1" extension="2014-06-09"/>
          <code code="10160-0" codeSystem="2.16.840.1.113883.6.1" codeSystemName="LOINC" displayName="History of Medication use Narrative"/>
          <title>MEDICATIONS</title>
          <text><table border="1" width="100%"><caption>HOME MEDICATIONS</caption><thead><tr><th>Status</th><th>RXNORM</th><th>Medication</th><th>Dose</th><th>Route</th><th>Frequency</th><th>Dates</th><th>Comments</th><th>Entered By</th><th>Reported By</th></tr></thead><tbody><tr><td>Active</td><td/><td>MULTI VIT (Cerovite,Centrum)</td><td>1.0 TAB</td><td>ORAL</td><td>DAILY</td><td>Last Dose: </td><td/><td>emruser</td><td/></tr></tbody></table><br/><table border="1" width="100%"><caption>DISCHARGE MEDICATIONS</caption><thead><tr><th>Status</th><th>RXNORM</th><th>Medication</th><th>Dose</th><th>Route</th><th>Frequency</th><th>Dates</th><th>Comments</th><th>Physician</th><th>Entered By</th></tr></thead><tbody><tr><td colspan="10">No Discharge Medication Information Available</td></tr></tbody></table><br/><table border="1" width="100%"><caption>INPATIENT MEDICATIONS</caption><thead><tr><th>Status</th><th>RXNORM</th><th>Medication</th><th>Dose</th><th>Route</th><th>Frequency</th><th>Rate Quantity</th><th>Dates</th><th>Comments</th><th>Physician</th><th>Entered By</th></tr></thead><tbody><tr><td>Active</td><td>310965</td><td>IBUPROFEN (Motrin) 200 MG TABS</td><td>200.0 mg</td><td>ORAL</td><td>EVERY 4-6 HOURS OR AS NECESSARY</td><td/><td>Start: December 13, 2016 1:50:00 AM UTC<br/>End: December 9, 2016 5:36:00 PM UTC</td><td/><td>USER1 MEDHOST</td><td>EMRUSER</td></tr></tbody></table></text>
          <entry>
            <substanceAdministration classCode="SBADM" moodCode="EVN">
              <templateId root="2.16.840.1.113883.10.20.22.4.16" extension="2014-06-09"/>
              <templateId root="2.16.840.1.113883.10.20.22.4.16"/>
              <id root="HomeMed-e878c889-4788-4b24-8407-ab256905e5dd"/>
              <text>medication:|dose:TAB TAB|route:ORAL|frequency:DAILY</text>
              <statusCode code="completed"/>
              <effectiveTime xsi:type="IVL_TS">
                <low nullFlavor="UNK"/>
                <high nullFlavor="UNK"/>
              </effectiveTime>
              <routeCode code="C38288" codeSystem="2.16.840.1.113883.3.26.1.1" codeSystemName="National Cancer Institute (NCI) Thesaurus" displayName="ORAL"/>
              <doseQuantity value="1.0" unit="TAB"/>
              <rateQuantity nullFlavor="UNK"/>
              <consumable>
                <manufacturedProduct classCode="MANU">
                  <templateId root="2.16.840.1.113883.10.20.22.4.23" extension="2014-06-09"/>
                  <templateId root="2.16.840.1.113883.10.20.22.4.23"/>
                  <manufacturedMaterial>
                    <code nullFlavor="UNK">
                      <translation code="00536344238" codeSystem="2.16.840.1.113883.6.69" codeSystemName="NDC" displayName="MULTI VIT (Cerovite,Centrum)"/>
                    </code>
                  </manufacturedMaterial>
                </manufacturedProduct>
              </consumable>
            </substanceAdministration>
          </entry>
          <entry>
            <substanceAdministration classCode="SBADM" moodCode="EVN">
              <templateId root="2.16.840.1.113883.10.20.22.4.16" extension="2014-06-09"/>
              <templateId root="2.16.840.1.113883.10.20.22.4.16"/>
              <id root="AdminMedication-a202e459-8c6b-4b03-be94-4a14ec0db3ad"/>
              <text>medication:IBUPROFEN (Motrin) 200 MG TABS|dose:MG mg|route:ORAL|frequency:EVERY 4-6 HOURS OR AS NECESSARY</text>
              <statusCode code="completed"/>
              <effectiveTime xsi:type="IVL_TS">
                <low value="20161213"/>
                <high value="20161209"/>
              </effectiveTime>
              <routeCode code="C38288" codeSystem="2.16.840.1.113883.3.26.1.1" codeSystemName="National Cancer Institute (NCI) Thesaurus" displayName="ORAL"/>
              <doseQuantity value="200.0" unit="mg"/>
              <rateQuantity nullFlavor="UNK"/>
              <consumable>
                <manufacturedProduct classCode="MANU">
                  <templateId root="2.16.840.1.113883.10.20.22.4.23" extension="2014-06-09"/>
                  <templateId root="2.16.840.1.113883.10.20.22.4.23"/>
                  <manufacturedMaterial>
                    <code code="310965" codeSystem="2.16.840.1.113883.6.88" codeSystemName="RXNorm" displayName="IBUPROFEN (Motrin) 200 MG TABS">
                      <translation code="00904791461" codeSystem="2.16.840.1.113883.6.69" codeSystemName="NDC" displayName="IBUPROFEN (Motrin) 200 MG TABS"/>
                    </code>
                  </manufacturedMaterial>
                </manufacturedProduct>
              </consumable>
              <performer>
                <assignedEntity>
                  <id root="2.16.840.1.113883.3.1579.7277837785.1.400" extension="1301" assigningAuthorityName="HMS PROVIDER NUMBER"/>
                  <id root="2.16.840.1.113883.4.6" extension="1750346755"/>
                  <addr><streetAddressLine>1044 WEST WALNUT RM 202</streetAddressLine><city>INDIANAPOLIS</city><state>IN</state><postalCode>17102</postalCode></addr>
                  <telecom nullFlavor="NAV"/>
                  <assignedPerson>
                    <name><family>MEDHOST</family><given>USER1</given></name>
                  </assignedPerson>
                </assignedEntity>
              </performer>
            </substanceAdministration>
          </entry>
        </section>
      </component>
      <component>
        <section>
          <templateId root="2.16.840.1.113883.10.20.22.2.17" extension="2015-08-01"/>
          <code code="29762-2" codeSystem="2.16.840.1.113883.6.1" codeSystemName="LOINC" displayName="SOCIAL HISTORY"/>
          <title>SOCIAL HISTORY</title>
          <text><table border="1" width="100%"><caption>SOCIAL HISTORY</caption><thead><tr><th>SNOMED-CT</th><th>Social History Element</th><th>Description</th><th>Effective Dates</th><th>Observation Date</th><th>Offered Cessation</th><th>Entered By</th><th>Comment</th></tr></thead><tbody><tr><td>449868002</td><td>Current Tobacco use and exposure Status</td><td>Current Every Day Smoker</td><td>Start: July 22, 2015 5:00:00 AM UTC</td><td>December 9, 2016 6:56:28 PM UTC</td><td/><td>HMS</td><td/></tr></tbody></table><br/><br/><table border="1" width="100%"><caption>SOCIAL HISTORY - Birth Gender</caption><tbody><tr><td>Birth Sex: Male</td></tr></tbody></table></text>
          <entry typeCode="DRIV">
            <observation classCode="OBS" moodCode="EVN">
              <templateId root="2.16.840.1.113883.10.20.22.4.78" extension="2015-08-01"/>
              <id root="37fe22c9-f1b2-460f-9a6e-2143eaa21d1d"/>
              <code code="72166-2" codeSystem="2.16.840.1.113883.6.1" codeSystemName="LOINC" displayName="Tobacco use and exposure"/>
              <statusCode code="completed"/>
              <effectiveTime value="20161209185628+0000"/>
              <value xsi:type="CD" code="449868002" codeSystem="2.16.840.1.113883.6.96" codeSystemName="SNOMED CT" displayName="Current Every Day Smoker"/>
            </observation>
          </entry>
          <entry typeCode="DRIV">
            <observation classCode="OBS" moodCode="EVN">
              <templateId root="2.16.840.1.113883.10.20.22.4.200" extension="2016-06-01"/>
              <code code="76689-9" codeSystem="2.16.840.1.113883.6.1" codeSystemName="LOINC" displayName="Sex Assigned At Birth"/>
              <statusCode code="completed"/>
              <effectiveTime nullFlavor="NA"/>
              <value xsi:type="CD" code="M" codeSystem="2.16.840.1.113883.5.1" codeSystemName="Administrative Gender" displayName="Male"/>
            </observation>
          </entry>
        </section>
      </component>
      <component>
        <section>
          <templateId root="2.16.840.1.113883.10.20.22.2.4.1" extension="2015-08-01"/>
          <code code="8716-3" codeSystem="2.16.840.1.113883.6.1" codeSystemName="LOINC" displayName="Vital Signs"/>
          <title>VITAL SIGNS</title>
          <text><table border="1" width="100%"><caption>PATIENT VITAL SIGNS</caption><thead><tr><td colspan="4">This section displays the most recent value for each vital sign as of December 13, 2016 3:23:37 PM UTC</td></tr><tr><th scope="col">Vital Sign</th><th scope="col">Date</th><th scope="col">Result</th></tr></thead><tbody><tr><td align="left" scope="row">Diastolic blood pressure</td><td>December 13, 2016 1:35:00 AM UTC</td><td>76.0 mm[Hg]</td></tr><tr><td align="left" scope="row">Oxygen saturation in Arterial blood by Pulse oximetry</td><td>December 13, 2016 1:35:00 AM UTC</td><td>99.0 %</td></tr><tr><td align="left" scope="row">Heart rate</td><td>December 13, 2016 1:35:00 AM UTC</td><td>70 /min</td></tr><tr><td align="left" scope="row">Respiratory rate</td><td>December 13, 2016 1:35:00 AM UTC</td><td>25 /min</td></tr><tr><td align="left" scope="row">Systolic blood pressure</td><td>December 13, 2016 1:35:00 AM UTC</td><td>118.0 mm[Hg]</td></tr><tr><td align="left" scope="row">Body Surface Area Derived From Formula</td><td>December 9, 2016 6:19:58 PM UTC</td><td>2.0605 m2</td></tr><tr><td align="left" scope="row">Body mass index (BMI) [Ratio]</td><td>December 9, 2016 6:19:58 PM UTC</td><td>27.834 kg/m2</td></tr><tr><td align="left" scope="row">Body height</td><td>December 9, 2016 6:19:58 PM UTC</td><td>177.8 cm (70.0 in) </td></tr><tr><td align="left" scope="row">Body weight Measured</td><td>December 9, 2016 6:19:58 PM UTC</td><td>88.0 kg (194.0 lb) </td></tr></tbody></table></text>
          <entry typeCode="DRIV">
            <organizer classCode="CLUSTER" moodCode="EVN">
              <templateId root="2.16.840.1.113883.10.20.22.4.26" extension="2015-08-01"/>
              <id root="0813721d-f1ee-4018-9b37-a4b925b169c9"/>
              <code code="46680005" codeSystem="2.16.840.1.113883.6.96" codeSystemName="SNOMED CT" displayName="VITAL SIGNS">
                <translation code="74728-7" codeSystem="2.16.840.1.113883.6.1" codeSystemName="SNOMED CT" displayName="Vital signs, weight, height, head circumference, oximetry, BMI, and BSA panel"/>
              </code>
              <statusCode code="completed"/>
              <effectiveTime>
                <low value="20161209173600+0000"/>
                <high value="20161209173600+0000"/>
              </effectiveTime>
              <component>
                <observation classCode="OBS" moodCode="EVN">
                  <templateId root="2.16.840.1.113883.10.20.22.4.27" extension="2014-06-09"/>
                  <templateId root="2.16.840.1.113883.10.20.22.4.27"/>
                  <id root="0ec07643-fd66-4c03-9ed9-78b3f61f97c3"/>
                  <code code="8462-4" codeSystem="2.16.840.1.113883.6.1" codeSystemName="LOINC" displayName="Diastolic blood pressure"/>
                  <statusCode code="completed"/>
                  <effectiveTime value="20161213013500+0000"/>
                  <value xsi:type="PQ" value="76" unit="mm[Hg]"/>
                </observation>
              </component>
              <component>
                <observation classCode="OBS" moodCode="EVN">
                  <templateId root="2.16.840.1.113883.10.20.22.4.27" extension="2014-06-09"/>
                  <templateId root="2.16.840.1.113883.10.20.22.4.27"/>
                  <id root="e12c3d7e-1a4b-4530-a44b-24c49159243d"/>
                  <code code="59408-5" codeSystem="2.16.840.1.113883.6.1" codeSystemName="LOINC" displayName="Oxygen saturation in Arterial blood by Pulse oximetry"/>
                  <statusCode code="completed"/>
                  <effectiveTime value="20161213013500+0000"/>
                  <value xsi:type="PQ" value="99" unit="%"/>
                </observation>
              </component>
              <component>
                <observation classCode="OBS" moodCode="EVN">
                  <templateId root="2.16.840.1.113883.10.20.22.4.27" extension="2014-06-09"/>
                  <templateId root="2.16.840.1.113883.10.20.22.4.27"/>
                  <id root="d8320164-8188-47e2-b878-f4d8233b4dc2"/>
                  <code code="8867-4" codeSystem="2.16.840.1.113883.6.1" codeSystemName="LOINC" displayName="Heart rate"/>
                  <statusCode code="completed"/>
                  <effectiveTime value="20161213013500+0000"/>
                  <value xsi:type="PQ" value="70" unit="/min"/>
                </observation>
              </component>
              <component>
                <observation classCode="OBS" moodCode="EVN">
                  <templateId root="2.16.840.1.113883.10.20.22.4.27" extension="2014-06-09"/>
                  <templateId root="2.16.840.1.113883.10.20.22.4.27"/>
                  <id root="bf1c4e2c-dcf5-4152-9974-a94627bfe07e"/>
                  <code code="9279-1" codeSystem="2.16.840.1.113883.6.1" codeSystemName="LOINC" displayName="Respiratory rate"/>
                  <statusCode code="completed"/>
                  <effectiveTime value="20161213013500+0000"/>
                  <value xsi:type="PQ" value="25" unit="/min"/>
                </observation>
              </component>
              <component>
                <observation classCode="OBS" moodCode="EVN">
                  <templateId root="2.16.840.1.113883.10.20.22.4.27" extension="2014-06-09"/>
                  <templateId root="2.16.840.1.113883.10.20.22.4.27"/>
                  <id root="b34e562a-92a7-4710-8529-f958a3a504cd"/>
                  <code code="8480-6" codeSystem="2.16.840.1.113883.6.1" codeSystemName="LOINC" displayName="Systolic blood pressure"/>
                  <statusCode code="completed"/>
                  <effectiveTime value="20161213013500+0000"/>
                  <value xsi:type="PQ" value="118" unit="mm[Hg]"/>
                </observation>
              </component>
              <component>
                <observation classCode="OBS" moodCode="EVN">
                  <templateId root="2.16.840.1.113883.10.20.22.4.27" extension="2014-06-09"/>
                  <templateId root="2.16.840.1.113883.10.20.22.4.27"/>
                  <id root="344af7f6-2ebc-4c16-82db-6fdfa8ec3b1e"/>
                  <code code="3140-1" codeSystem="2.16.840.1.113883.6.1" codeSystemName="LOINC" displayName="Body Surface Area Derived From Formula"/>
                  <statusCode code="completed"/>
                  <effectiveTime value="20161209181958+0000"/>
                  <value xsi:type="PQ" value="2.0605" unit="m2"/>
                </observation>
              </component>
              <component>
                <observation classCode="OBS" moodCode="EVN">
                  <templateId root="2.16.840.1.113883.10.20.22.4.27" extension="2014-06-09"/>
                  <templateId root="2.16.840.1.113883.10.20.22.4.27"/>
                  <id root="66fbecbb-b4d5-4c62-aab0-5eede595eb4c"/>
                  <code code="39156-5" codeSystem="2.16.840.1.113883.6.1" codeSystemName="LOINC" displayName="Body mass index (BMI) [Ratio]"/>
                  <statusCode code="completed"/>
                  <effectiveTime value="20161209181958+0000"/>
                  <value xsi:type="PQ" value="27.834" unit="kg/m2"/>
                </observation>
              </component>
              <component>
                <observation classCode="OBS" moodCode="EVN">
                  <templateId root="2.16.840.1.113883.10.20.22.4.27" extension="2014-06-09"/>
                  <templateId root="2.16.840.1.113883.10.20.22.4.27"/>
                  <id root="aa87170c-781b-4cd2-b403-e89865a8c3b3"/>
                  <code code="8302-2" codeSystem="2.16.840.1.113883.6.1" codeSystemName="LOINC" displayName="Body height"/>
                  <statusCode code="completed"/>
                  <effectiveTime value="20161209181958+0000"/>
                  <value xsi:type="PQ" value="177.8" unit="cm"/>
                </observation>
              </component>
              <component>
                <observation classCode="OBS" moodCode="EVN">
                  <templateId root="2.16.840.1.113883.10.20.22.4.27" extension="2014-06-09"/>
                  <templateId root="2.16.840.1.113883.10.20.22.4.27"/>
                  <id root="3ee278b2-6782-4344-91d9-3e2495607b70"/>
                  <code code="29463-7" codeSystem="2.16.840.1.113883.6.1" codeSystemName="LOINC" displayName="Body weight Measured"/>
                  <statusCode code="completed"/>
                  <effectiveTime value="20161209181958+0000"/>
                  <value xsi:type="PQ" value="88" unit="kg"/>
                </observation>
              </component>
            </organizer>
          </entry>
        </section>
      </component>
      <component>
        <section nullFlavor="NI">
          <templateId root="2.16.840.1.113883.10.20.22.2.7.1" extension="2014-06-09"/>
          <code code="47519-4" codeSystem="2.16.840.1.113883.6.1" codeSystemName="LOINC" displayName="History of Procedures Document"/>
          <title>PROCEDURES</title>
          <text><table border="1" width="100%"><caption>PATIENT PROCEDURES</caption><thead><tr><th>CODE</th><th>SYSTEM</th><th>DESCRIPTION</th></tr></thead><tbody><tr><td colspan="3">Procedure information is not available.</td></tr></tbody></table></text>
        </section>
      </component>
      <component>
        <section nullFlavor="NI">
          <templateId root="2.16.840.1.113883.10.20.22.2.60"/>
          <code code="61146-7" codeSystem="2.16.840.1.113883.6.1" codeSystemName="LOINC" displayName="Goals"/>
          <title>GOALS</title>
          <text><table border="1" width="100%"><caption>PATIENT GOALS</caption><thead><tr><th>Goal</th><th>Date</th></tr></thead><tbody><tr><td colspan="2">Goal information is not available.</td></tr></tbody></table></text>
        </section>
      </component>
      <component>
        <section>
          <templateId root="2.16.840.1.113883.10.20.22.2.58"/>
          <code code="75310-3" codeSystem="2.16.840.1.113883.6.1" codeSystemName="LOINC" displayName="Health Concerns Document"/>
          <title>HEALTH CONCERNS</title>
          <text><table border="1" width="100%"><caption>Problems</caption><thead><tr><th>Concern</th><th>Status</th><th>Date</th></tr></thead><tbody><tr><td>Hypercholesterolemia</td><td>active</td><td/></tr></tbody></table><br/><table border="1" width="100%"><caption>Smoking Status</caption><thead><tr><th>Concern</th><th>Status</th><th>Date</th></tr></thead><tbody><tr><td>Current Every Day Smoker</td><td>completed</td><td>NA</td></tr></tbody></table><br/><table border="1" width="100%"><caption>Family History</caption><tbody><tr><th colspan="3" align="left">RELATION: Mother<br/>Status: LIVING</th></tr><tr><th>Concern</th><th>Status</th><th>Date</th></tr><tr><td>Hypercholesterolemia</td><td>completed</td><td>December 13, 2016</td></tr></tbody></table></text>
          <entry>
            <act classCode="ACT" moodCode="EVN">
              <templateId root="2.16.840.1.113883.10.20.22.4.132" extension="2015-08-01"/>
              <id root="8112152e-3242-4e41-97af-cc29efb11cac"/>
              <code code="75310-3" codeSystem="2.16.840.1.113883.6.1" codeSystemName="LOINC" displayName="Health Concern"/>
              <statusCode code="active"/>
              <entryRelationship typeCode="REFR">
                <observation classCode="OBS" moodCode="EVN" negationInd="false">
                  <templateId root="2.16.840.1.113883.10.20.22.4.4" extension="2015-08-01"/>
                  <templateId root="2.16.840.1.113883.10.20.22.4.4"/>
                  <id root="f2c03097-969e-4d0e-91ac-d408d4e0c8ed"/>
                  <code code="55607006" codeSystem="2.16.840.1.113883.6.96" codeSystemName="SNOMEDCT" displayName="Problem">
                    <translation code="75326-9" codeSystem="2.16.840.1.113883.6.1" codeSystemName="LOINC" displayName="Problem"/>
                  </code>
                  <statusCode code="completed"/>
                  <effectiveTime>
                    <low nullFlavor="UNK"/>
                    <high nullFlavor="UNK"/>
                  </effectiveTime>
                  <value xsi:type="CD" code="13644009" codeSystem="2.16.840.1.113883.6.96" codeSystemName="SNOMEDCT" displayName="Hypercholesterolemia"/>
                </observation>
              </entryRelationship>
            </act>
          </entry>
          <entry>
            <act classCode="ACT" moodCode="EVN">
              <templateId root="2.16.840.1.113883.10.20.22.4.132" extension="2015-08-01"/>
              <id root="3fe878a3-861b-4e49-96cc-cdab018597c2"/>
              <code code="75310-3" codeSystem="2.16.840.1.113883.6.1" codeSystemName="LOINC" displayName="Health Concern"/>
              <statusCode code="completed"/>
              <entryRelationship typeCode="REFR">
                <observation classCode="OBS" moodCode="EVN">
                  <templateId root="2.16.840.1.113883.10.20.22.4.78" extension="2014-06-09"/>
                  <templateId root="2.16.840.1.113883.10.20.22.4.78"/>
                  <id root="3639ecff-7bde-4b22-a860-0d0a3c5d6549"/>
                  <code code="72166-2" codeSystem="2.16.840.1.113883.6.1" codeSystemName="LOINC" displayName="Tobacco Smoking Status"/>
                  <statusCode code="completed"/>
                  <effectiveTime nullFlavor="NA"/>
                  <value xsi:type="CD" code="449868002" codeSystem="2.16.840.1.113883.6.96" codeSystemName="SNOMEDCT" displayName="Current Every Day Smoker"/>
                </observation>
              </entryRelationship>
            </act>
          </entry>
          <entry>
            <act classCode="ACT" moodCode="EVN">
              <templateId root="2.16.840.1.113883.10.20.22.4.132" extension="2015-08-01"/>
              <id root="da17b9b4-0f67-4417-9c20-2ae3bb5cf1eb"/>
              <code code="75310-3" codeSystem="2.16.840.1.113883.6.1" codeSystemName="LOINC" displayName="Health Concern"/>
              <statusCode code="completed"/>
              <entryRelationship typeCode="REFR">
                <organizer classCode="CLUSTER" moodCode="EVN">
                  <templateId root="2.16.840.1.113883.10.20.22.4.45" extension="2015-08-01"/>
                  <templateId root="2.16.840.1.113883.10.20.22.4.45"/>
                  <id root="2e4e70b4-b4ef-4c14-acf9-ebafd259135c"/>
                  <statusCode code="completed"/>
                  <subject>
                    <relatedSubject classCode="PRS">
                      <code code="MTH" codeSystem="2.16.840.1.113883.5.111" codeSystemName="RoleCode" displayName="Mother"/>
                      <subject>
                        <administrativeGenderCode code="F" codeSystem="2.16.840.1.113883.5.1" codeSystemName="Administrative Gender" displayName="FEMALE"/>
                        <birthTime value="1951"/>
                        <sdtc:deceasedInd value="false"/>
                      </subject>
                    </relatedSubject>
                  </subject>
                  <component>
                    <observation classCode="OBS" moodCode="EVN">
                      <templateId root="2.16.840.1.113883.10.20.22.4.46" extension="2015-08-01"/>
                      <id root="6689d4c5-6085-4d98-ac75-76d6536dd0a0"/>
                      <code code="64572001" codeSystem="2.16.840.1.113883.6.96" codeSystemName="SNOMED CT" displayName="Condition">
                        <translation code="75323-6" codeSystem="2.16.840.1.113883.6.1" codeSystemName="LOINC" displayName="Condition"/>
                      </code>
                      <statusCode code="completed"/>
                      <effectiveTime value="20161213015652+0000"/>
                      <value xsi:type="CD" code="13644009" codeSystem="2.16.840.1.113883.6.96" codeSystemName="SNOMED CT" displayName="Hypercholesterolemia"/>
                      <entryRelationship typeCode="SUBJ" inversionInd="true">
                        <observation classCode="OBS" moodCode="EVN">
                          <templateId root="2.16.840.1.113883.10.20.22.4.31"/>
                          <code code="445518008" codeSystem="2.16.840.1.113883.6.96" codeSystemName="SNOMED CT" displayName="Age at Onset"/>
                          <statusCode code="completed"/>
                          <value xsi:type="PQ" value="55.0" unit="a"/>
                        </observation>
                      </entryRelationship>
                    </observation>
                  </component>
                </organizer>
              </entryRelationship>
            </act>
          </entry>
        </section>
      </component>
      <component>
        <section nullFlavor="NI">
          <templateId root="2.16.840.1.113883.10.20.22.2.23" extension="2014-06-09"/>
          <code code="46264-8" codeSystem="2.16.840.1.113883.6.1" codeSystemName="LOINC" displayName="Medical Equipment"/>
          <title>MEDICAL EQUIPMENT</title>
          <text><table border="1" width="100%"><caption>MEDICAL EQUIPMENT</caption><thead><tr><th>Device</th><th>Status</th><th>Quantity</th><th>Dates</th><th>Procedure</th><th>Comments</th></tr></thead><tbody><tr><td colspan="6">Information not available.</td></tr></tbody></table></text>
        </section>
      </component>
      <component>
        <section>
          <templateId root="2.16.840.1.113883.10.20.22.2.22.1" extension="2015-08-01"/>
          <code code="46240-8" codeSystem="2.16.840.1.113883.6.1" codeSystemName="LOINC" displayName="History of hospitalizations+History of outpatient visits Narrative"/>
          <title>ENCOUNTERS</title>
          <text><table border="1" width="100%"><caption>ENCOUNTER INFORMATION</caption><tbody><tr><th scope="row">Reason for Visit</th><td colspan="2">Caregiver Annual Health Check</td></tr><tr><th scope="row">Admission</th><td>December 9, 2016 5:36:00 PM UTC</td><td>MU CERTIFY HOSPITAL<br/>6550 CAROTHERS PKWY<br/>FRANKLIN TN 37067</td></tr><tr><th scope="row">Discharge</th><td>December 9, 2016 5:36:00 PM UTC</td><td/></tr></tbody></table><br/><br/><table border="1" width="100%"><caption>CARE TEAM</caption><thead><tr><th>Care Team Member</th><th>Role</th></tr></thead><tbody><tr><td>ALBERT DAVIS</td><td>Admitting</td></tr><tr><td>ALBERT DAVIS</td><td>Primary Attending</td></tr><tr><td>ALBERT DAVIS</td><td>Referring</td></tr></tbody></table><br/><br/><table border="1" width="100%"><caption>ENCOUNTER DIAGNOSES</caption><thead><tr><th>Code</th><th>System</th><th>Diagnosis</th><th>Onset Date</th></tr></thead><tbody><tr><td colspan="4">Diagnosis information is not available.</td></tr></tbody></table></text>
          <entry typeCode="DRIV">
            <encounter classCode="ENC" moodCode="EVN">
              <templateId root="2.16.840.1.113883.10.20.22.4.49" extension="2015-08-01"/>
              <id root="2.16.840.1.113883.3.1579.7277837785.1.300" extension="2222470" assigningAuthorityName="HMS PATIENT ACCOUNT NUMBER"/>
              <code code="373864002" codeSystem="2.16.840.1.113883.6.96" codeSystemName="SNOMED CT" displayName="Outpatient Encounter"/>
              <effectiveTime>
                <low value="20161209173600+0000"/>
                <high value="20161209173600+0000"/>
              </effectiveTime>
              <performer>
                <assignedEntity>
                  <id root="2.16.840.1.113883.4.6" extension="8475638910"/>
                  <addr><streetAddressLine>123 MAIN STREET</streetAddressLine><city>NASHVILLE</city><state>TN</state><postalCode>37204</postalCode></addr>
                  <telecom nullFlavor="NAV"/>
                  <assignedPerson>
                    <name><family>DAVIS</family><given>ALBERT</given></name>
                  </assignedPerson>
                </assignedEntity>
              </performer>
              <performer>
                <assignedEntity>
                  <id root="2.16.840.1.113883.4.6" extension="8475638910"/>
                  <addr><streetAddressLine>123 MAIN STREET</streetAddressLine><city>NASHVILLE</city><state>TN</state><postalCode>37204</postalCode></addr>
                  <telecom nullFlavor="NAV"/>
                  <assignedPerson>
                    <name><family>DAVIS</family><given>ALBERT</given></name>
                  </assignedPerson>
                </assignedEntity>
              </performer>
              <performer>
                <assignedEntity>
                  <id root="2.16.840.1.113883.4.6" extension="8475638910"/>
                  <addr><streetAddressLine>123 MAIN STREET</streetAddressLine><city>NASHVILLE</city><state>TN</state><postalCode>37204</postalCode></addr>
                  <telecom nullFlavor="NAV"/>
                  <assignedPerson>
                    <name><family>DAVIS</family><given>ALBERT</given></name>
                  </assignedPerson>
                </assignedEntity>
              </performer>
              <participant typeCode="LOC">
                <participantRole classCode="SDLOC">
                  <playingEntity>
                    <name>MU CERTIFY HOSPITAL</name>
                  </playingEntity>
                </participantRole>
              </participant>
            </encounter>
          </entry>
        </section>
      </component>
      <component>
        <section nullFlavor="NI">
          <templateId root="2.16.840.1.113883.10.20.22.2.41"/>
          <code code="8653-8" codeSystem="2.16.840.1.113883.6.1" codeSystemName="LOINC" displayName="Hospital Discharge Instructions"/>
          <title>HOSPITAL DISCHARGE INSTRUCTION</title>
          <text><table border="1" width="100%"><caption>DISCHARGE INSTRUCTION</caption><tbody><tr><td colspan="5">Discharge instruction information is not available</td></tr></tbody></table></text>
        </section>
      </component>
    </structuredBody>
  </component>
</ClinicalDocument>