<?xml version="1.0" encoding="UTF-8" standalone="yes"?>
<?xml-stylesheet type="text/xsl" href="https://demo.agastha.com/agastha12/xmlSchema/meaningfulUse3/CDA_SDTC/infrastructure/cda/CDA.xsl"?>
<ClinicalDocument xmlns="urn:hl7-org:v3" xmlns:sdtc="urn:hl7-org:sdtc" xmlns:xsi="http://www.w3.org/2001/XMLSchema-instance" xsi:schemaLocation="urn:hl7-org:v3 https://demo.agastha.com/agastha12/xmlSchema/meaningfulUse3/CDA_SDTC/infrastructure/cda/CDA_SDTC.xsd">
    <realmCode code="US"/>
    <typeId root="2.16.840.1.113883.1.3" extension="POCD_HD000040"/>
    <templateId root="2.16.840.1.113883.10.20.22.1.1" extension="2015-08-01"/>
    <templateId root="2.16.840.1.113883.10.20.22.1.1"/>
    <templateId root="2.16.840.1.113883.10.20.22.1.2" extension="2015-08-01"/>
    <templateId root="2.16.840.1.113883.10.20.22.1.2"/>
    <id root="2.16.840.1.113883.19.5.99999.1" extension="TT988"/>
    <code code="34133-9" codeSystem="2.16.840.1.113883.6.1" codeSystemName="LOINC" displayName="Summarization of Episode Note"/>
    <title>Agastha Medical Center Transitions of Care : Consolidated CDA</title>
    <effectiveTime value="20170502114659-0400"/>
    <confidentialityCode code="N" codeSystem="2.16.840.1.113883.5.25" codeSystemName="Confidentiality" displayName="normal"/>
    <languageCode code="en-US"/>
    <setId root="2.16.840.1.113883.19.5.99999.19" extension="Transitions of Care"/>
    <versionNumber value="1"/>
    <recordTarget>
        <patientRole>
            <id root="2.16.840.1.113883.4.1"/>
            <addr use="HP">
                <streetAddressLine>1357 Amber Dr</streetAddressLine>
                <city>Beaverton</city>
                <state>OR</state>
                <postalCode>97006</postalCode>
                <country>United States</country>
            </addr>
            <telecom use="HP" value="tel:+1(555)777-1234"/>
            <patient>
                <name use="L">
                    <given>Alice</given>
                    <given>Jones</given>
                    <family>Newman</family>
                </name>
                <name>
                    <given qualifier="BR">Alicia</given>
                    <given>Jones</given>
                    <family qualifier="BR">Newman</family>
                </name>
                <administrativeGenderCode code="F" codeSystem="2.16.840.1.113883.5.1" codeSystemName="AdministrativeGender" displayName="Female"/>
                <birthTime value="19700501"/>
                <maritalStatusCode code="M" codeSystem="2.16.840.1.113883.5.2" codeSystemName="MaritalStatus" displayName="Married"/>
                <raceCode code="2106-3" codeSystem="2.16.840.1.113883.6.238" codeSystemName="Race &amp; Ethnicity - CDC" displayName="White"/>
                <sdtc:raceCode code="2108-9" codeSystem="2.16.840.1.113883.6.238" codeSystemName="Race &amp; Ethnicity - CDC" displayName="European"/>
                <ethnicGroupCode code="2186-5" codeSystem="2.16.840.1.113883.6.238" codeSystemName="Race &amp; Ethnicity - CDC" displayName="Not Hispanic or Latino"/>
                <sdtc:ethnicGroupCode code="2186-5" codeSystem="2.16.840.1.113883.6.238" codeSystemName="Race &amp; Ethnicity - CDC" displayName="Not Hispanic or Latino"/>
                <languageCommunication>
                    <languageCode code="en-US"/>
                    <modeCode code="ESP" codeSystem="2.16.840.1.113883.5.60" codeSystemName="LanguageAbilityMode" displayName="Expressed spoken"/>
                    <proficiencyLevelCode code="G" codeSystem="2.16.840.1.113883.5.61" codeSystemName="LanguageAbilityProficiency" displayName="Good"/>
                    <preferenceInd value="true"/>
                </languageCommunication>
            </patient>
            <providerOrganization>
                <id root="2.16.840.1.113883.4.6" extension="1298765654"/>
                <name>Agastha Medical Center</name>
                <telecom use="WP" value="tel:+1(704)544-6504"/>
                <addr use="WP">
                    <streetAddressLine>15720 John J. Delaney Drive</streetAddressLine>
                    <city>Charlotte</city>
                    <state>NC</state>
                    <postalCode>28277</postalCode>
                    <country>United States</country>
                </addr>
            </providerOrganization>
        </patientRole>
    </recordTarget>
    <author>
        <time value="201705021146-0400"/>
        <assignedAuthor>
            <id root="2.16.840.1.113883.4.6" extension="1316976707"/>
            <code code="332B00000X" codeSystem="2.16.840.1.113883.6.101" codeSystemName="Healthcare Provider Taxonomy (HIPAA)" displayName="Internal Medicine"/>
            <addr use="WP">
                <streetAddressLine>2472 Rocky Place</streetAddressLine>
                <city>Beaverton</city>
                <state>OR</state>
                <postalCode>97006</postalCode>
                <country>United States</country>
            </addr>
            <telecom use="WP" value="tel:+1(555)555-1002"/>
            <assignedPerson>
                <name>
                    <given>Albert</given>
                    <family>Davis</family>
                    <suffix>Dr</suffix>
                </name>
            </assignedPerson>
        </assignedAuthor>
    </author>
    <dataEnterer>
        <assignedEntity>
            <id root="2.16.840.1.113883.4.6" extension="1316976707"/>
            <addr use="WP">
                <streetAddressLine>2472 Rocky Place</streetAddressLine>
                <city>Beaverton</city>
                <state>OR</state>
                <postalCode>97006</postalCode>
                <country>United States</country>
            </addr>
            <telecom use="WP" value="tel:+1(555)555-1002"/>
            <assignedPerson>
                <name>
                    <given>Albert</given>
                    <family>Davis</family>
                </name>
            </assignedPerson>
        </assignedEntity>
    </dataEnterer>
    <informant>
        <assignedEntity>
            <id root="2.16.840.1.113883.4.6" extension="1316976707"/>
            <addr use="WP">
                <streetAddressLine>2472 Rocky Place</streetAddressLine>
                <city>Beaverton</city>
                <state>OR</state>
                <postalCode>97006</postalCode>
                <country>United States</country>
            </addr>
            <telecom use="WP" value="tel:+1(555)555-1002"/>
            <assignedPerson>
                <name>
                    <given>Albert</given>
                    <family>Davis</family>
                </name>
            </assignedPerson>
        </assignedEntity>
    </informant>
    <custodian>
        <assignedCustodian>
            <representedCustodianOrganization>
                <id root="2.16.840.1.113883.4.6" extension="1298765654"/>
                <name>Agastha Medical Center</name>
                <telecom use="WP" value="tel:+1(704)544-6504"/>
                <addr use="WP">
                    <streetAddressLine>15720 John J. Delaney Drive</streetAddressLine>
                    <city>Charlotte</city>
                    <state>NC</state>
                    <postalCode>28277</postalCode>
                    <country>United States</country>
                </addr>
            </representedCustodianOrganization>
        </assignedCustodian>
    </custodian>
    <informationRecipient>
        <intendedRecipient>
            <informationRecipient>
                <name/>
            </informationRecipient>
            <receivedOrganization>
                <name>Community Health Hospitals</name>
            </receivedOrganization>
        </intendedRecipient>
    </informationRecipient>
    <legalAuthenticator>
        <time value="20170502114659-0400"/>
        <signatureCode code="S"/>
        <assignedEntity>
            <id root="2.16.840.1.113883.4.6" extension="1316976707"/>
            <code code="332B00000X" codeSystem="2.16.840.1.113883.6.101" codeSystemName="Healthcare Provider Taxonomy (HIPAA)" displayName="Internal Medicine"/>
            <addr use="WP">
                <streetAddressLine>2472 Rocky Place</streetAddressLine>
                <city>Beaverton</city>
                <state>OR</state>
                <postalCode>97006</postalCode>
                <country>United States</country>
            </addr>
            <telecom use="WP" value="tel:+1(555)555-1002"/>
            <assignedPerson>
                <name>
                    <given>Albert</given>
                    <family>Davis</family>
                    <prefix>Dr</prefix>
                </name>
            </assignedPerson>
        </assignedEntity>
    </legalAuthenticator>
    <authenticator>
        <time value="20170502114659-0400"/>
        <signatureCode code="S"/>
        <assignedEntity>
            <id root="2.16.840.1.113883.4.6" extension="1316976707"/>
            <code code="332B00000X" codeSystem="2.16.840.1.113883.6.101" codeSystemName="Healthcare Provider Taxonomy (HIPAA)" displayName="Internal Medicine"/>
            <addr use="WP">
                <streetAddressLine>2472 Rocky Place</streetAddressLine>
                <city>Beaverton</city>
                <state>OR</state>
                <postalCode>97006</postalCode>
                <country>United States</country>
            </addr>
            <telecom use="WP" value="tel:+1(555)555-1002"/>
            <assignedPerson>
                <name>
                    <given>Albert</given>
                    <family>Davis</family>
                    <prefix>Dr</prefix>
                </name>
            </assignedPerson>
        </assignedEntity>
    </authenticator>
    <documentationOf>
        <serviceEvent classCode="PCPR">
            <effectiveTime>
                <low value="20170502114659-0400"/>
                <high value="20170502114659-0400"/>
            </effectiveTime>
            <performer typeCode="PRF">
                <functionCode code="PCP" codeSystem="2.16.840.1.113883.5.88" codeSystemName="ParticipationFunction" displayName="Primary Care Provider">
                    <originalText>Primary Care Provider</originalText>
                </functionCode>
                <assignedEntity>
                    <id root="2.16.840.1.113883.4.6" extension="1316976707"/>
                    <code code="332B00000X" codeSystem="2.16.840.1.113883.6.101" codeSystemName="Healthcare Provider Taxonomy (HIPAA)" displayName="Internal Medicine"/>
                    <addr>
                        <streetAddressLine>2472 Rocky Place</streetAddressLine>
                        <city>Beaverton</city>
                        <state>OR</state>
                        <postalCode>97006</postalCode>
                        <country>United States</country>
                    </addr>
                    <telecom use="WP" value="tel:+1(555)555-1002"/>
                    <assignedPerson>
                        <name>
                            <given>Albert</given>
                            <family>Davis</family>
                            <prefix>Dr</prefix>
                        </name>
                    </assignedPerson>
                    <representedOrganization>
                        <id root="2.16.840.1.113883.4.6" extension="219BX"/>
                        <name>Agastha Medical Center</name>
                        <telecom use="WP" value="tel:+1(704)544-6504"/>
                        <addr>
                            <streetAddressLine>15720 John J. Delaney Drive</streetAddressLine>
                            <city>Charlotte</city>
                            <state>NC</state>
                            <postalCode>28277</postalCode>
                            <country>United States</country>
                        </addr>
                    </representedOrganization>
                </assignedEntity>
            </performer>
        </serviceEvent>
    </documentationOf>
    <component>
        <structuredBody>
            <component>
                <section>
                    <templateId root="2.16.840.1.113883.10.20.22.2.6.1" extension="2015-08-01"/>
                    <templateId root="2.16.840.1.113883.10.20.22.2.6.1"/>
                    <code code="48765-2" codeSystem="2.16.840.1.113883.6.1" codeSystemName="LOINC"/>
                    <title>ALLERGIES AND ADVERSE REACTIONS</title>
                    <text>
                        <table width="100" border="1">
                            <thead>
<tr>
    <th>Substance</th>
    <th>Reaction</th>
    <th>Severity</th>
</tr>
                            </thead>
                            <tbody>
<tr>
    <td ID="substance1">Penicillin G</td>
    <td ID="reaction1">Hives</td>
    <td ID="severity1">Moderate</td>
</tr>
<tr>
    <td ID="substance2">Ampicillin</td>
    <td ID="reaction2">Hives</td>
    <td ID="severity2">Moderate</td>
</tr>
                            </tbody>
                        </table>
                    </text>
                    <entry typeCode="DRIV">
                        <act classCode="ACT" moodCode="EVN">
                            <templateId root="2.16.840.1.113883.10.20.22.4.30" extension="2015-08-01"/>
                            <templateId root="2.16.840.1.113883.10.20.22.4.30"/>
                            <id root="36e3e930-7b14-11db-9fe1-0800200c9a60"/>
                            <code code="CONC" codeSystem="2.16.840.1.113883.5.6"/>
                            <statusCode code="active"/>
                            <effectiveTime>
<low value="20150622"/>
<high value="20150622"/>
                            </effectiveTime>
                            <entryRelationship typeCode="SUBJ">
<observation classCode="OBS" moodCode="EVN">
    <templateId root="2.16.840.1.113883.10.20.22.4.7" extension="2014-06-09"/>
    <templateId root="2.16.840.1.113883.10.20.22.4.7"/>
    <id root="4adc1020-7b14-11db-9fe1-0800200c9a60"/>
    <code code="ASSERTION" codeSystem="2.16.840.1.113883.5.4"/>
    <text>
        <reference value="Penicillin G"/>
    </text>
    <statusCode code="completed"/>
    <effectiveTime>
        <low value="19800510"/>
    </effectiveTime>
    <value xsi:type="CD" code="419511003" codeSystem="2.16.840.1.113883.6.96" codeSystemName="SNOMED-CT" displayName="Propensity to adverse reaction to drug"/>
    <participant typeCode="CSM">
        <participantRole classCode="MANU">
            <playingEntity classCode="MMAT">
                <code code="7980" codeSystem="2.16.840.1.113883.6.88" codeSystemName="RxNorm" displayName="Penicillin G">
                    <originalText>
                        <reference value="#substance1"/>
                    </originalText>
                </code>
            </playingEntity>
        </participantRole>
    </participant>
    <entryRelationship typeCode="MFST" inversionInd="true">
        <observation classCode="OBS" moodCode="EVN">
            <templateId root="2.16.840.1.113883.10.20.22.4.9" extension="2014-06-09"/>
            <templateId root="2.16.840.1.113883.10.20.22.4.9"/>
            <id root="4adc1020-7b14-11db-9fe1-0800200c9a60"/>
            <code code="ASSERTION" codeSystem="2.16.840.1.113883.5.4"/>
            <text>Hives<reference value="#reaction1"/>
            </text>
            <statusCode code="completed"/>
            <effectiveTime>
                <low value="20150622"/>
            </effectiveTime>
            <value xsi:type="CD" code="247472004" codeSystem="2.16.840.1.113883.6.96" codeSystemName="SNOMED-CT"/>
            <entryRelationship typeCode="SUBJ" inversionInd="true">
                <observation classCode="OBS" moodCode="EVN">
                    <templateId root="2.16.840.1.113883.10.20.22.4.8" extension="2014-06-09"/>
                    <templateId root="2.16.840.1.113883.10.20.22.4.8"/>
                    <code code="SEV" codeSystem="2.16.840.1.113883.5.4" codeSystemName="ActCode" displayName="Severity Observation"/>
                    <text>Moderate<reference value="#allergyseverity1"/>
                    </text>
                    <statusCode code="completed"/>
                    <value xsi:type="CD" code="6736007" codeSystem="2.16.840.1.113883.6.96" codeSystemName="SNOMED-CT" displayName="Moderate"/>
                </observation>
            </entryRelationship>
        </observation>
    </entryRelationship>
</observation>
                            </entryRelationship>
                        </act>
                    </entry>
                    <entry typeCode="DRIV">
                        <act classCode="ACT" moodCode="EVN">
                            <templateId root="2.16.840.1.113883.10.20.22.4.30" extension="2015-08-01"/>
                            <templateId root="2.16.840.1.113883.10.20.22.4.30"/>
                            <id root="36e3e930-7b14-11db-9fe1-0800200c9a61"/>
                            <code code="CONC" codeSystem="2.16.840.1.113883.5.6"/>
                            <statusCode code="active"/>
                            <effectiveTime>
<low value="20150622"/>
<high value="20150622"/>
                            </effectiveTime>
                            <entryRelationship typeCode="SUBJ">
<observation classCode="OBS" moodCode="EVN">
    <templateId root="2.16.840.1.113883.10.20.22.4.7" extension="2014-06-09"/>
    <templateId root="2.16.840.1.113883.10.20.22.4.7"/>
    <id root="4adc1020-7b14-11db-9fe1-0800200c9a61"/>
    <code code="ASSERTION" codeSystem="2.16.840.1.113883.5.4"/>
    <text>
        <reference value="Ampicillin"/>
    </text>
    <statusCode code="completed"/>
    <effectiveTime>
        <low value="19800510"/>
    </effectiveTime>
    <value xsi:type="CD" code="419511003" codeSystem="2.16.840.1.113883.6.96" codeSystemName="SNOMED-CT" displayName="Propensity to adverse reaction to drug"/>
    <participant typeCode="CSM">
        <participantRole classCode="MANU">
            <playingEntity classCode="MMAT">
                <code code="733" codeSystem="2.16.840.1.113883.6.88" codeSystemName="RxNorm" displayName="Ampicillin">
                    <originalText>
                        <reference value="#substance2"/>
                    </originalText>
                </code>
            </playingEntity>
        </participantRole>
    </participant>
    <entryRelationship typeCode="MFST" inversionInd="true">
        <observation classCode="OBS" moodCode="EVN">
            <templateId root="2.16.840.1.113883.10.20.22.4.9" extension="2014-06-09"/>
            <templateId root="2.16.840.1.113883.10.20.22.4.9"/>
            <id root="4adc1020-7b14-11db-9fe1-0800200c9a60"/>
            <code code="ASSERTION" codeSystem="2.16.840.1.113883.5.4"/>
            <text>Hives<reference value="#reaction2"/>
            </text>
            <statusCode code="completed"/>
            <effectiveTime>
                <low value="20150622"/>
            </effectiveTime>
            <value xsi:type="CD" code="247472004" codeSystem="2.16.840.1.113883.6.96" codeSystemName="SNOMED-CT"/>
            <entryRelationship typeCode="SUBJ" inversionInd="true">
                <observation classCode="OBS" moodCode="EVN">
                    <templateId root="2.16.840.1.113883.10.20.22.4.8" extension="2014-06-09"/>
                    <templateId root="2.16.840.1.113883.10.20.22.4.8"/>
                    <code code="SEV" codeSystem="2.16.840.1.113883.5.4" codeSystemName="ActCode" displayName="Severity Observation"/>
                    <text>Moderate<reference value="#allergyseverity2"/>
                    </text>
                    <statusCode code="completed"/>
                    <value xsi:type="CD" code="6736007" codeSystem="2.16.840.1.113883.6.96" codeSystemName="SNOMED-CT" displayName="Moderate"/>
                </observation>
            </entryRelationship>
        </observation>
    </entryRelationship>
</observation>
                            </entryRelationship>
                        </act>
                    </entry>
                </section>
            </component>
            <component>
                <section>
                    <templateId root="2.16.840.1.113883.10.20.22.2.22.1" extension="2015-08-01"/>
                    <templateId root="2.16.840.1.113883.10.20.22.2.22.1"/>
                    <code code="46240-8" codeSystem="2.16.840.1.113883.6.1" codeSystemName="LOINC" displayName="History of encounters"/>
                    <title>ENCOUNTERS</title>
                    <text>
                        <table width="100" border="1">
                            <thead>
<tr>
    <th>Encounter</th>
    <th>Performer</th>
    <th>Location</th>
    <th>Date</th>
</tr>
                            </thead>
                            <tbody>
<tr>
    <td>
        <content ID="Encounter1">New Patient</content>
    </td>
    <td>Davis, Albert</td>
    <td></td>
    <td>Jun 22, 2015</td>
</tr>
                            </tbody>
                        </table>
                    </text>
                    <entry typeCode="DRIV">
                        <encounter classCode="ENC" moodCode="EVN">
                            <templateId root="2.16.840.1.113883.10.20.22.4.49" extension="2015-08-01"/>
                            <templateId root="2.16.840.1.113883.10.20.22.4.49"/>
                            <id root="2a620155-9d11-439e-92b3-5d9815ff4de0"/>
                            <code code="94640" codeSystem="2.16.840.1.113883.6.12" codeSystemName="CPT-4" displayName="Nebulizer Treatment">
<originalText>New Patient<reference value="#Encounter1"/>
</originalText>
                            </code>
                            <effectiveTime value="20150622000000-0400"/>
                            <performer>
<assignedEntity>
    <id root="2.16.840.1.113883.4.6" extension="1316976707"/>
    <code code="332B00000X" codeSystem="2.16.840.1.114222.4.11.1066" codeSystemName="Healthcare Provider Taxonomy (HIPAA)" displayName="General physician"/>
</assignedEntity>
                            </performer>
                            <entryRelationship typeCode="SUBJ">
<act classCode="ACT" moodCode="EVN">
    <templateId root="2.16.840.1.113883.10.20.22.4.80" extension="2015-08-01"/>
    <templateId root="2.16.840.1.113883.10.20.22.4.19"/>
    <id root="5a784260-6857-4f38-9638-80c751aff2fb" extension="32583"/>
    <code code="29308-4" codeSystem="2.16.840.1.113883.6.1" codeSystemName="LOINC" displayName="ENCOUNTER DIAGNOSIS"/>
    <effectiveTime>
        <low value="20150622000000-0400"/>
    </effectiveTime>
    <entryRelationship typeCode="SUBJ">
        <observation classCode="OBS" moodCode="EVN">
            <templateId root="2.16.840.1.113883.10.20.22.4.4" extension="2015-08-01"/>
            <templateId root="2.16.840.1.113883.10.20.22.4.4"/>
            <id root="ab1791b0-5c71-13db-b0de-0800200c9a66"/>
            <code code="404684003" codeSystem="2.16.840.1.113883.6.96" codeSystemName="SNOMED-CT" displayName="Finding">
                <translation code="75321-0" codeSystem="2.16.840.1.113883.6.1" codeSystemName="LOINC" displayName="Clinical Finding"/>
            </code>
            <statusCode code="completed"/>
            <effectiveTime>
                <low value="20150622000000-0400"/>
            </effectiveTime>
            <value xsi:type="CD" code="386661006" codeSystem="2.16.840.1.113883.6.96" codeSystemName="SNOMED-CT" displayName="Fever"/>
        </observation>
    </entryRelationship>
</act>
                            </entryRelationship>
                        </encounter>
                    </entry>
                </section>
            </component>
            <component>
                <section>
                    <templateId root="2.16.840.1.113883.10.20.22.2.1.1" extension="2014-06-09"/>
                    <templateId root="2.16.840.1.113883.10.20.22.2.1.1"/>
                    <code code="10160-0" codeSystem="2.16.840.1.113883.6.1" codeSystemName="LOINC" displayName="HISTORY OF MEDICATION USE"/>
                    <title>MEDICATIONS</title>
                    <text>
                        <table width="100" border="1">
                            <thead>
<tr>
    <th>Medication</th>
    <th>Directions</th>
    <th>Start Date</th>
    <th>Status</th>
</tr>
                            </thead>
                            <tbody>
<tr>
    <td>CefTRIAXone Sodium 1 GM SOLR</td>
    <td>Inject 1 unit two times daily</td>
    <td>20150622</td>
    <td>Posted</td>
</tr>
<tr>
    <td>Tylenol Extra Strength 500 MG TABS</td>
    <td>take 1 unit by mouth as needed</td>
    <td>20150622</td>
    <td>Posted</td>
</tr>
<tr>
    <td>Aranesp (Albumin Free) 500 MCG/ML SOSY</td>
    <td>Inject 1 unit once a week</td>
    <td>20150622</td>
    <td>Posted</td>
</tr>
                            </tbody>
                        </table>
                    </text>
                    <entry typeCode="DRIV">
                        <substanceAdministration classCode="SBADM" moodCode="EVN">
                            <templateId root="2.16.840.1.113883.10.20.22.4.16" extension="2014-06-09"/>
                            <templateId root="2.16.840.1.113883.10.20.22.4.16"/>
                            <id root="cdbd33f0-6cde-11db-9fe1-0800200c9a66"/>
                            <statusCode code="active"/>
                            <effectiveTime xsi:type="IVL_TS">
<low value="20150622"/>
<high nullFlavor="UNK"/>
                            </effectiveTime>
                            <effectiveTime xsi:type="PIVL_TS" institutionSpecified="true" operator="A">
<period nullFlavor="UNK"/>
                            </effectiveTime>
                            <repeatNumber value="0"/>
                            <routeCode code="C38276" codeSystem="2.16.840.1.113883.3.26.1.1" codeSystemName="NCI Thesaurus" displayName="INTRAVENOUS"/>
                            <doseQuantity value="1"/>
                            <consumable>
<manufacturedProduct classCode="MANU">
    <templateId root="2.16.840.1.113883.10.20.22.4.23" extension="2014-06-09"/>
    <templateId root="2.16.840.1.113883.10.20.22.4.23"/>
    <id root="2a620155-9d11-439e-92b3-5d9815ff4ee8"/>
    <manufacturedMaterial>
        <code code="309090" codeSystem="2.16.840.1.113883.6.88" codeSystemName="RxNorm" displayName="CefTRIAXone Sodium 1 GM SOLR"/>
    </manufacturedMaterial>
</manufacturedProduct>
                            </consumable>
                            <performer>
<assignedEntity>
    <id root="2.16.840.1.113883.4.6" extension="1316976707"/>
    <addr nullFlavor="UNK"/>
    <telecom use="WP" value="tel:+1(555)555-1002"/>
    <representedOrganization>
        <name>Agastha Medical Center</name>
    </representedOrganization>
</assignedEntity>
                            </performer>
                        </substanceAdministration>
                    </entry>
                    <entry typeCode="DRIV">
                        <substanceAdministration classCode="SBADM" moodCode="EVN">
                            <templateId root="2.16.840.1.113883.10.20.22.4.16" extension="2014-06-09"/>
                            <templateId root="2.16.840.1.113883.10.20.22.4.16"/>
                            <id root="cdbd33f0-6cde-11db-9fe1-0800200c9a66"/>
                            <statusCode code="active"/>
                            <effectiveTime xsi:type="IVL_TS">
<low value="20150622"/>
<high nullFlavor="UNK"/>
                            </effectiveTime>
                            <effectiveTime xsi:type="PIVL_TS" institutionSpecified="true" operator="A">
<period nullFlavor="UNK"/>
                            </effectiveTime>
                            <repeatNumber value="0"/>
                            <routeCode code="C38288" codeSystem="2.16.840.1.113883.3.26.1.1" codeSystemName="NCI Thesaurus" displayName="ORAL"/>
                            <doseQuantity value="1"/>
                            <consumable>
<manufacturedProduct classCode="MANU">
    <templateId root="2.16.840.1.113883.10.20.22.4.23" extension="2014-06-09"/>
    <templateId root="2.16.840.1.113883.10.20.22.4.23"/>
    <id root="2a620155-9d11-439e-92b3-5d9815ff4ee8"/>
    <manufacturedMaterial>
        <code code="209459" codeSystem="2.16.840.1.113883.6.88" codeSystemName="RxNorm" displayName="Tylenol Extra Strength 500 MG TABS"/>
    </manufacturedMaterial>
</manufacturedProduct>
                            </consumable>
                            <performer>
<assignedEntity>
    <id root="2.16.840.1.113883.4.6" extension="1316976707"/>
    <addr nullFlavor="UNK"/>
    <telecom use="WP" value="tel:+1(555)555-1002"/>
    <representedOrganization>
        <name>Agastha Medical Center</name>
    </representedOrganization>
</assignedEntity>
                            </performer>
                        </substanceAdministration>
                    </entry>
                    <entry typeCode="DRIV">
                        <substanceAdministration classCode="SBADM" moodCode="EVN">
                            <templateId root="2.16.840.1.113883.10.20.22.4.16" extension="2014-06-09"/>
                            <templateId root="2.16.840.1.113883.10.20.22.4.16"/>
                            <id root="cdbd33f0-6cde-11db-9fe1-0800200c9a66"/>
                            <statusCode code="active"/>
                            <effectiveTime xsi:type="IVL_TS">
<low value="20150622"/>
<high nullFlavor="UNK"/>
                            </effectiveTime>
                            <effectiveTime xsi:type="PIVL_TS" institutionSpecified="true" operator="A">
<period nullFlavor="UNK"/>
                            </effectiveTime>
                            <repeatNumber value="0"/>
                            <doseQuantity value="1"/>
                            <consumable>
<manufacturedProduct classCode="MANU">
    <templateId root="2.16.840.1.113883.10.20.22.4.23" extension="2014-06-09"/>
    <templateId root="2.16.840.1.113883.10.20.22.4.23"/>
    <id root="2a620155-9d11-439e-92b3-5d9815ff4ee8"/>
    <manufacturedMaterial>
        <code code="730046" codeSystem="2.16.840.1.113883.6.88" codeSystemName="RxNorm" displayName="Aranesp (Albumin Free) 500 MCG/ML SOSY"/>
    </manufacturedMaterial>
</manufacturedProduct>
                            </consumable>
                            <performer>
<assignedEntity>
    <id root="2.16.840.1.113883.4.6" extension="1316976707"/>
    <addr nullFlavor="UNK"/>
    <telecom use="WP" value="tel:+1(555)555-1002"/>
    <representedOrganization>
        <name>Agastha Medical Center</name>
    </representedOrganization>
</assignedEntity>
                            </performer>
                        </substanceAdministration>
                    </entry>
                </section>
            </component>
            <component>
                <section>
                    <templateId root="2.16.840.1.113883.10.20.22.2.5.1" extension="2015-08-01"/>
                    <templateId root="2.16.840.1.113883.10.20.22.2.5.1"/>
                    <code code="11450-4" codeSystem="2.16.840.1.113883.6.1" codeSystemName="LOINC" displayName="PROBLEM LIST"/>
                    <title>PROBLEMS</title>
                    <text>
                        <paragraph>Active Concerns</paragraph>
                        <list>
                            <item>Problem #1<list>
    <item>Fever (onset 22 Jun,2015)</item>
</list>
                            </item>
                            <item>Problem #2<list>
    <item>Chronic rejection of Renal Transplant (onset 31 Dec,2011)</item>
</list>
                            </item>
                            <item>Problem #3<list>
    <item>Essential Hypertension (onset 05 Oct,2011)</item>
</list>
                            </item>
                            <item>Problem #4<list>
    <item>Hypothyroidism - Severe (onset 31 Dec,2006)</item>
</list>
                            </item>
                        </list>
                        <paragraph>Resolved Concerns</paragraph>
                        <list>
                            <item>Problem #5<list>
    <item>Overweight (onset 31 Dec,2006)</item>
</list>
                            </item>
                        </list>
                    </text>
                    <entry typeCode="DRIV">
                        <act classCode="ACT" moodCode="EVN">
                            <templateId root="2.16.840.1.113883.10.20.22.4.3" extension="2015-08-01"/>
                            <templateId root="2.16.840.1.113883.10.20.22.4.3"/>
                            <id root="ec8a6ff8-ed4b-4f7e-82c3-e98e58b45de7"/>
                            <code code="CONC" codeSystem="2.16.840.1.113883.5.6" displayName="Concern"/>
                            <statusCode code="active"/>
                            <effectiveTime>
<low value="20150622"/>
                            </effectiveTime>
                            <entryRelationship typeCode="SUBJ">
<observation classCode="OBS" moodCode="EVN">
    <templateId root="2.16.840.1.113883.10.20.22.4.4" extension="2015-08-01"/>
    <templateId root="2.16.840.1.113883.10.20.22.4.4"/>
    <id root="ab1791b0-5c71-11db-b0de-0800200c9a66"/>
    <code code="64572001" codeSystem="2.16.840.1.113883.6.96" codeSystemName="SNOMED-CT">
        <translation nullFlavor="NI"/>
    </code>
    <statusCode code="completed"/>
    <effectiveTime>
        <low value="20150622"/>
        <high value="20150622"/>
    </effectiveTime>
    <value xsi:type="CD" code="386661006" codeSystem="2.16.840.1.113883.6.96" displayName="Fever"/>
</observation>
                            </entryRelationship>
                        </act>
                    </entry>
                    <entry typeCode="DRIV">
                        <act classCode="ACT" moodCode="EVN">
                            <templateId root="2.16.840.1.113883.10.20.22.4.3" extension="2015-08-01"/>
                            <templateId root="2.16.840.1.113883.10.20.22.4.3"/>
                            <id root="ec8a6ff8-ed4b-4f7e-82c3-e98e58b45de7"/>
                            <code code="CONC" codeSystem="2.16.840.1.113883.5.6" displayName="Concern"/>
                            <statusCode code="active"/>
                            <effectiveTime>
<low value="20111231"/>
                            </effectiveTime>
                            <entryRelationship typeCode="SUBJ">
<observation classCode="OBS" moodCode="EVN">
    <templateId root="2.16.840.1.113883.10.20.22.4.4" extension="2015-08-01"/>
    <templateId root="2.16.840.1.113883.10.20.22.4.4"/>
    <id root="ab1791b0-5c71-11db-b0de-0800200c9a66"/>
    <code code="64572001" codeSystem="2.16.840.1.113883.6.96" codeSystemName="SNOMED-CT">
        <translation nullFlavor="NI"/>
    </code>
    <statusCode code="completed"/>
    <effectiveTime>
        <low value="20111231"/>
        <high value="20111231"/>
    </effectiveTime>
    <value xsi:type="CD" code="236578006" codeSystem="2.16.840.1.113883.6.96" displayName="Chronic rejection of Renal Transplant"/>
</observation>
                            </entryRelationship>
                        </act>
                    </entry>
                    <entry typeCode="DRIV">
                        <act classCode="ACT" moodCode="EVN">
                            <templateId root="2.16.840.1.113883.10.20.22.4.3" extension="2015-08-01"/>
                            <templateId root="2.16.840.1.113883.10.20.22.4.3"/>
                            <id root="ec8a6ff8-ed4b-4f7e-82c3-e98e58b45de7"/>
                            <code code="CONC" codeSystem="2.16.840.1.113883.5.6" displayName="Concern"/>
                            <statusCode code="active"/>
                            <effectiveTime>
<low value="20111005"/>
                            </effectiveTime>
                            <entryRelationship typeCode="SUBJ">
<observation classCode="OBS" moodCode="EVN">
    <templateId root="2.16.840.1.113883.10.20.22.4.4" extension="2015-08-01"/>
    <templateId root="2.16.840.1.113883.10.20.22.4.4"/>
    <id root="ab1791b0-5c71-11db-b0de-0800200c9a66"/>
    <code code="64572001" codeSystem="2.16.840.1.113883.6.96" codeSystemName="SNOMED-CT">
        <translation nullFlavor="NI"/>
    </code>
    <statusCode code="completed"/>
    <effectiveTime>
        <low value="20111005"/>
        <high value="20111005"/>
    </effectiveTime>
    <value xsi:type="CD" code="59621000" codeSystem="2.16.840.1.113883.6.96" displayName="Essential Hypertension"/>
</observation>
                            </entryRelationship>
                        </act>
                    </entry>
                    <entry typeCode="DRIV">
                        <act classCode="ACT" moodCode="EVN">
                            <templateId root="2.16.840.1.113883.10.20.22.4.3" extension="2015-08-01"/>
                            <templateId root="2.16.840.1.113883.10.20.22.4.3"/>
                            <id root="ec8a6ff8-ed4b-4f7e-82c3-e98e58b45de7"/>
                            <code code="CONC" codeSystem="2.16.840.1.113883.5.6" displayName="Concern"/>
                            <statusCode code="completed"/>
                            <effectiveTime>
<low value="20061231"/>
                            </effectiveTime>
                            <entryRelationship typeCode="SUBJ">
<observation classCode="OBS" moodCode="EVN">
    <templateId root="2.16.840.1.113883.10.20.22.4.4" extension="2015-08-01"/>
    <templateId root="2.16.840.1.113883.10.20.22.4.4"/>
    <id root="ab1791b0-5c71-11db-b0de-0800200c9a66"/>
    <code code="64572001" codeSystem="2.16.840.1.113883.6.96" codeSystemName="SNOMED-CT">
        <translation nullFlavor="NI"/>
    </code>
    <statusCode code="completed"/>
    <effectiveTime>
        <low value="20061231"/>
        <high value="20061231"/>
    </effectiveTime>
    <value xsi:type="CD" code="238131007" codeSystem="2.16.840.1.113883.6.96" displayName="Overweight"/>
</observation>
                            </entryRelationship>
                        </act>
                    </entry>
                    <entry typeCode="DRIV">
                        <act classCode="ACT" moodCode="EVN">
                            <templateId root="2.16.840.1.113883.10.20.22.4.3" extension="2015-08-01"/>
                            <templateId root="2.16.840.1.113883.10.20.22.4.3"/>
                            <id root="ec8a6ff8-ed4b-4f7e-82c3-e98e58b45de7"/>
                            <code code="CONC" codeSystem="2.16.840.1.113883.5.6" displayName="Concern"/>
                            <statusCode code="active"/>
                            <effectiveTime>
<low value="20061231"/>
                            </effectiveTime>
                            <entryRelationship typeCode="SUBJ">
<observation classCode="OBS" moodCode="EVN">
    <templateId root="2.16.840.1.113883.10.20.22.4.4" extension="2015-08-01"/>
    <templateId root="2.16.840.1.113883.10.20.22.4.4"/>
    <id root="ab1791b0-5c71-11db-b0de-0800200c9a66"/>
    <code code="64572001" codeSystem="2.16.840.1.113883.6.96" codeSystemName="SNOMED-CT">
        <translation nullFlavor="NI"/>
    </code>
    <statusCode code="completed"/>
    <effectiveTime>
        <low value="20061231"/>
        <high value="20061231"/>
    </effectiveTime>
    <value xsi:type="CD" code="83986005" codeSystem="2.16.840.1.113883.6.96" displayName="Hypothyroidism - Severe"/>
</observation>
                            </entryRelationship>
                        </act>
                    </entry>
                </section>
            </component>
            <component>
                <section>
                    <templateId root="2.16.840.1.113883.10.20.22.2.17" extension="2015-08-01"/>
                    <templateId root="2.16.840.1.113883.10.20.22.2.17"/>
                    <code code="29762-2" codeSystem="2.16.840.1.113883.6.1" codeSystemName="LOINC" displayName="Social History"/>
                    <title>SOCIAL HISTORY</title>
                    <text>
                        <table width="100" border="1">
                            <thead>
<tr>
    <th>Social History Observation</th>
    <th>Description</th>
    <th>Dates Observed</th>
</tr>
                            </thead>
                            <tbody>
<tr>
    <td>
        <content ID="smok1">Smoking Status</content>
    </td>
    <td>Current every day smoker</td>
    <td>Jun 22, 2015</td>
</tr>
                            </tbody>
                        </table>
                    </text>
                    <entry typeCode="DRIV">
                        <observation classCode="OBS" moodCode="EVN">
                            <templateId root="2.16.840.1.113883.10.20.22.4.78" extension="2014-06-09"/>
                            <templateId root="2.16.840.1.113883.10.20.22.4.78"/>
                            <id root="2.16.840.1.113883.19" extension="12345"/>
                            <code code="72166-2" codeSystem="2.16.840.1.113883.6.1" codeSystemName="LOINC" displayName="Tobacco smoking status NHIS"/>
                            <statusCode code="completed"/>
                            <effectiveTime value="20150622"/>
                            <value xsi:type="CD" code="449868002" codeSystem="2.16.840.1.113883.6.96" displayName="Current every day smoker"/>
                            <author typeCode="AUT">
<templateId root="2.16.840.1.113883.10.20.22.4.119"/>
<time value="20150622"/>
<assignedAuthor>
    <id root="2.16.840.1.113883.4.6" extension="1316976707"/>
    <code code="332B00000X" codeSystem="2.16.840.1.114222.4.11.1066" codeSystemName="Healthcare Provider Taxonomy (HIPAA)"/>
</assignedAuthor>
                            </author>
                        </observation>
                    </entry>
                    <entry typeCode="DRIV">
                        <observation classCode="OBS" moodCode="EVN">
                            <templateId root="2.16.840.1.113883.10.20.22.4.200" extension="2016-06-01"/>
                            <code code="76689-9" codeSystem="2.16.840.1.113883.6.1" codeSystemName="LOINC" displayName="Sex Assigned At Birth"/>
                            <statusCode code="completed"/>
                            <value xsi:type="CD" code="F" codeSystem="2.16.840.1.113883.5.1" codeSystemName="AdministrativeGender" displayName="Female"/>
                        </observation>
                    </entry>
                </section>
            </component>
            <component>
                <section>
                    <templateId root="2.16.840.1.113883.10.20.22.2.4.1" extension="2015-08-01"/>
                    <templateId root="2.16.840.1.113883.10.20.22.2.4.1"/>
                    <code code="8716-3" codeSystem="2.16.840.1.113883.6.1" codeSystemName="LOINC" displayName="VITAL SIGNS"/>
                    <title>VITAL SIGNS</title>
                    <text>
                        <table width="100" border="1">
                            <thead>
<tr>
    <th align="right">Date / Time:</th>
    <th>Jun 22, 2015</th>
</tr>
                            </thead>
                            <tbody>
<tr>
    <th align="left">Height</th>
    <td ID="vit1">1.77 meters</td>
</tr>
<tr>
    <th align="left">Weight</th>
    <td ID="vit2">88 kgs</td>
</tr>
<tr>
    <th align="left">Blood Pressure</th>
    <td ID="vit3">145/88</td>
</tr>
<tr>
    <th align="left">Body Temperature</th>
    <td ID="vit4">38 celsius</td>
</tr>
<tr>
    <th align="left">Heart Rate</th>
    <td ID="vit5">80 beats per minute</td>
</tr>
<tr>
    <th align="left">Respiratory Rate</th>
    <td ID="vit6">18 breaths per minute</td>
</tr>
<tr>
    <th align="left">O2 Percentage BldC Oximetry</th>
    <td ID="vit7">95 percent</td>
</tr>
<tr>
    <th align="left">Inhaled Oxygen Concentration</th>
    <td ID="vit8">36 percent</td>
</tr>
                            </tbody>
                        </table>
                    </text>
                    <entry>
                        <organizer classCode="CLUSTER" moodCode="EVN">
                            <templateId root="2.16.840.1.113883.10.20.22.4.26" extension="2015-08-01"/>
                            <templateId root="2.16.840.1.113883.10.20.22.4.26"/>
                            <id root="31b73bd0-cffc-4599-902e-dbe54bc56cb4"/>
                            <code code="46680005" codeSystem="2.16.840.1.113883.6.96" codeSystemName="SNOMED-CT" displayName="Vital signs">
<translation code="74728-7" codeSystem="2.16.840.1.113883.6.1" codeSystemName="LOINC" displayName="Vital signs"/>
                            </code>
                            <statusCode code="completed"/>
                            <effectiveTime>
<low value="20150622"/>
<high value="20150622"/>
                            </effectiveTime>
                            <component>
<observation classCode="OBS" moodCode="EVN">
    <templateId root="2.16.840.1.113883.10.20.22.4.27" extension="2014-06-09"/>
    <templateId root="2.16.840.1.113883.10.20.22.4.27"/>
    <id root="ed9589fd-fda0-41f7-a3d0-dc537554f5c2"/>
    <code code="8302-2" codeSystem="2.16.840.1.113883.6.1" codeSystemName="LOINC" displayName="Height"/>
    <statusCode code="completed"/>
    <effectiveTime value="20150622"/>
    <value xsi:type="PQ" value="177" unit="cm"/>
    <interpretationCode code="N" codeSystem="2.16.840.1.113883.5.83"/>
    <author typeCode="AUT">
        <templateId root="2.16.840.1.113883.10.20.22.4.119"/>
        <time value="20150622"/>
        <assignedAuthor>
            <id root="2.16.840.1.113883.4.6" extension="1316976707"/>
            <code code="332B00000X" codeSystem="2.16.840.1.113883.6.101" codeSystemName="Healthcare Provider Taxonomy (HIPAA)"/>
        </assignedAuthor>
    </author>
</observation>
                            </component>
                            <component>
<observation classCode="OBS" moodCode="EVN">
    <templateId root="2.16.840.1.113883.10.20.22.4.27" extension="2014-06-09"/>
    <templateId root="2.16.840.1.113883.10.20.22.4.27"/>
    <id root="f4e729e2-a97f-4a7e-8e23-c92f9b6b55cf"/>
    <code code="29463-7" codeSystem="2.16.840.1.113883.6.1" codeSystemName="LOINC" displayName="Weight Measured"/>
    <statusCode code="completed"/>
    <effectiveTime value="20150622"/>
    <value xsi:type="PQ" value="88" unit="kg"/>
    <interpretationCode code="N" codeSystem="2.16.840.1.113883.5.83"/>
    <author typeCode="AUT">
        <templateId root="2.16.840.1.113883.10.20.22.4.119"/>
        <time value="20150622"/>
        <assignedAuthor>
            <id root="2.16.840.1.113883.4.6" extension="1316976707"/>
            <code code="332B00000X" codeSystem="2.16.840.1.113883.6.101" codeSystemName="Healthcare Provider Taxonomy (HIPAA)"/>
        </assignedAuthor>
    </author>
</observation>
                            </component>
                            <component>
<observation classCode="OBS" moodCode="EVN">
    <templateId root="2.16.840.1.113883.10.20.22.4.27" extension="2014-06-09"/>
    <templateId root="2.16.840.1.113883.10.20.22.4.27"/>
    <id root="f4e729e2-a97f-4a7e-8e23-c92f9b6b55cf"/>
    <code code="39156-5" codeSystem="2.16.840.1.113883.6.1" codeSystemName="LOINC" displayName="BMI (Body Mass Index)"/>
    <statusCode code="completed"/>
    <effectiveTime value="20150622"/>
    <value xsi:type="PQ" value="28.1" unit="kg/m2"/>
    <interpretationCode code="N" codeSystem="2.16.840.1.113883.5.83"/>
    <author typeCode="AUT">
        <templateId root="2.16.840.1.113883.10.20.22.4.119"/>
        <time value="20150622"/>
        <assignedAuthor>
            <id root="2.16.840.1.113883.4.6" extension="1316976707"/>
            <code code="332B00000X" codeSystem="2.16.840.1.113883.6.101" codeSystemName="Healthcare Provider Taxonomy (HIPAA)"/>
        </assignedAuthor>
    </author>
</observation>
                            </component>
                            <component>
<observation classCode="OBS" moodCode="EVN">
    <templateId root="2.16.840.1.113883.10.20.22.4.27" extension="2014-06-09"/>
    <templateId root="2.16.840.1.113883.10.20.22.4.27"/>
    <id root="a0e39c70-9674-4b2a-9837-cdf74200d8d5"/>
    <code code="8480-6" codeSystem="2.16.840.1.113883.6.1" codeSystemName="LOINC" displayName="Intravascular Systolic"/>
    <statusCode code="completed"/>
    <effectiveTime value="20150622"/>
    <value xsi:type="PQ" value="145" unit="mm[Hg]"/>
    <interpretationCode code="N" codeSystem="2.16.840.1.113883.5.83"/>
    <author typeCode="AUT">
        <templateId root="2.16.840.1.113883.10.20.22.4.119"/>
        <time value="20150622"/>
        <assignedAuthor>
            <id root="2.16.840.1.113883.4.6" extension="1316976707"/>
            <code code="332B00000X" codeSystem="2.16.840.1.113883.6.101" codeSystemName="Healthcare Provider Taxonomy (HIPAA)"/>
        </assignedAuthor>
    </author>
</observation>
                            </component>
                            <component>
<observation classCode="OBS" moodCode="EVN">
    <templateId root="2.16.840.1.113883.10.20.22.4.27" extension="2014-06-09"/>
    <templateId root="2.16.840.1.113883.10.20.22.4.27"/>
    <id root="1c2748b7-e440-41ba-bc01-dde97d84a036"/>
    <code code="8462-4" codeSystem="2.16.840.1.113883.6.1" codeSystemName="LOINC" displayName="BP Diastolic"/>
    <statusCode code="completed"/>
    <effectiveTime value="20150622"/>
    <value xsi:type="PQ" value="88" unit="mm[Hg]"/>
    <interpretationCode code="N" codeSystem="2.16.840.1.113883.5.83"/>
    <author typeCode="AUT">
        <templateId root="2.16.840.1.113883.10.20.22.4.119"/>
        <time value="20150622"/>
        <assignedAuthor>
            <id root="2.16.840.1.113883.4.6" extension="1316976707"/>
            <code code="332B00000X" codeSystem="2.16.840.1.113883.6.101" codeSystemName="Healthcare Provider Taxonomy (HIPAA)"/>
        </assignedAuthor>
    </author>
</observation>
                            </component>
                            <component>
<observation classCode="OBS" moodCode="EVN">
    <templateId root="2.16.840.1.113883.10.20.22.4.27" extension="2014-06-09"/>
    <templateId root="2.16.840.1.113883.10.20.22.4.27"/>
    <id root="a0e39c70-9675-4b2a-9841-cdf74200d8d5"/>
    <code code="8310-5" codeSystem="2.16.840.1.113883.6.1" codeSystemName="LOINC" displayName="Body Temperature"/>
    <statusCode code="completed"/>
    <effectiveTime value="20150622"/>
    <value xsi:type="PQ" value="38" unit="Cel"/>
    <interpretationCode code="N" codeSystem="2.16.840.1.113883.5.83"/>
    <author typeCode="AUT">
        <templateId root="2.16.840.1.113883.10.20.22.4.119"/>
        <time value="20150622"/>
        <assignedAuthor>
            <id root="2.16.840.1.113883.4.6" extension="1316976707"/>
            <code code="332B00000X" codeSystem="2.16.840.1.113883.6.101" codeSystemName="Healthcare Provider Taxonomy (HIPAA)"/>
        </assignedAuthor>
    </author>
</observation>
                            </component>
                            <component>
<observation classCode="OBS" moodCode="EVN">
    <templateId root="2.16.840.1.113883.10.20.22.4.27" extension="2014-06-09"/>
    <templateId root="2.16.840.1.113883.10.20.22.4.27"/>
    <id root="a0e39c70-9675-4b2a-9838-cdf74200d8d5"/>
    <code code="8867-4" codeSystem="2.16.840.1.113883.6.1" codeSystemName="LOINC" displayName="Heart Rate"/>
    <statusCode code="completed"/>
    <effectiveTime value="20150622"/>
    <value xsi:type="PQ" value="80" unit="/min"/>
    <interpretationCode code="N" codeSystem="2.16.840.1.113883.5.83"/>
    <author typeCode="AUT">
        <templateId root="2.16.840.1.113883.10.20.22.4.119"/>
        <time value="20150622"/>
        <assignedAuthor>
            <id root="2.16.840.1.113883.4.6" extension="1316976707"/>
            <code code="332B00000X" codeSystem="2.16.840.1.113883.6.101" codeSystemName="Healthcare Provider Taxonomy (HIPAA)"/>
        </assignedAuthor>
    </author>
</observation>
                            </component>
                            <component>
<observation classCode="OBS" moodCode="EVN">
    <templateId root="2.16.840.1.113883.10.20.22.4.27" extension="2014-06-09"/>
    <templateId root="2.16.840.1.113883.10.20.22.4.27"/>
    <id root="a0e39c70-9675-4b2a-9839-cdf74200d8d5"/>
    <code code="59408-5" codeSystem="2.16.840.1.113883.6.1" codeSystemName="LOINC" displayName="O2 % BldC Oximetry"/>
    <statusCode code="completed"/>
    <effectiveTime value="20150622"/>
    <value xsi:type="PQ" value="95" unit="%"/>
    <interpretationCode code="N" codeSystem="2.16.840.1.113883.5.83"/>
    <author typeCode="AUT">
        <templateId root="2.16.840.1.113883.10.20.22.4.119"/>
        <time value="20150622"/>
        <assignedAuthor>
            <id root="2.16.840.1.113883.4.6" extension="1316976707"/>
            <code code="332B00000X" codeSystem="2.16.840.1.113883.6.101" codeSystemName="Healthcare Provider Taxonomy (HIPAA)"/>
        </assignedAuthor>
    </author>
</observation>
                            </component>
                            <component>
<observation classCode="OBS" moodCode="EVN">
    <templateId root="2.16.840.1.113883.10.20.22.4.27" extension="2014-06-09"/>
    <templateId root="2.16.840.1.113883.10.20.22.4.27"/>
    <id root="a0e39c70-9675-4b2a-9842-cdf74200d8d5"/>
    <code code="9279-1" codeSystem="2.16.840.1.113883.6.1" codeSystemName="LOINC" displayName="Respiratory Rate"/>
    <statusCode code="completed"/>
    <effectiveTime value="20150622"/>
    <value xsi:type="PQ" value="18" unit="/min"/>
    <interpretationCode code="N" codeSystem="2.16.840.1.113883.5.83"/>
    <author typeCode="AUT">
        <templateId root="2.16.840.1.113883.10.20.22.4.119"/>
        <time value="20150622"/>
        <assignedAuthor>
            <id root="2.16.840.1.113883.4.6" extension="1316976707"/>
            <code code="332B00000X" codeSystem="2.16.840.1.113883.6.101" codeSystemName="Healthcare Provider Taxonomy (HIPAA)"/>
        </assignedAuthor>
    </author>
</observation>
                            </component>
                            <component>
<observation classCode="OBS" moodCode="EVN">
    <templateId root="2.16.840.1.113883.10.20.22.4.27" extension="2014-06-09"/>
    <templateId root="2.16.840.1.113883.10.20.22.4.27"/>
    <id root="a0e39c70-9675-4b2a-9842-cdf74200d8d5"/>
    <code code="3150-0" codeSystem="2.16.840.1.113883.6.1" codeSystemName="LOINC" displayName="Inhaled Oxygen Concentration"/>
    <statusCode code="completed"/>
    <effectiveTime value="20150622"/>
    <value xsi:type="PQ" value="36" unit="%"/>
    <interpretationCode code="N" codeSystem="2.16.840.1.113883.5.83"/>
    <author typeCode="AUT">
        <templateId root="2.16.840.1.113883.10.20.22.4.119"/>
        <time value="20150622"/>
        <assignedAuthor>
            <id root="2.16.840.1.113883.4.6" extension="1316976707"/>
            <code code="332B00000X" codeSystem="2.16.840.1.113883.6.101" codeSystemName="Healthcare Provider Taxonomy (HIPAA)"/>
        </assignedAuthor>
    </author>
</observation>
                            </component>
                        </organizer>
                    </entry>
                </section>
            </component>
            <component>
                <section>
                    <templateId root="2.16.840.1.113883.10.20.22.2.7.1" extension="2014-06-09"/>
                    <templateId root="2.16.840.1.113883.10.20.22.2.7.1"/>
                    <code code="47519-4" codeSystem="2.16.840.1.113883.6.1" codeSystemName="LOINC" displayName="HISTORY OF PROCEDURES"/>
                    <title>PROCEDURES</title>
                    <text>
                        <table width="100" border="1">
                            <thead>
<tr>
    <th>Procedure</th>
    <th>Date</th>
    <th>Body Site</th>
</tr>
                            </thead>
                            <tbody>
<tr>
    <td>
        <content ID="Proc1">Introduction of cardiac pacemaker system via vein</content>
    </td>
    <td>Oct 05, 2011</td>
    <td></td>
</tr>
<tr>
    <td>
        <content ID="Proc2">Nebulizer Therapy</content>
    </td>
    <td>Jun 22, 2015</td>
    <td></td>
</tr>
                            </tbody>
                        </table>
                    </text>
                    <entry typeCode="DRIV">
                        <procedure classCode="PROC" moodCode="EVN">
                            <templateId root="2.16.840.1.113883.10.20.22.4.14" extension="2014-06-09"/>
                            <templateId root="2.16.840.1.113883.10.20.22.4.14"/>
                            <id root="d68b7e32-7810-4f5b-9cc2-acd54b0fd850"/>
                            <code code="175135009" codeSystem="2.16.840.1.113883.6.96" codeSystemName="SNOMED-CT" displayName="Introduction of cardiac pacemaker system via vein"/>
                            <statusCode code="completed"/>
                            <effectiveTime value="20111005"/>
                            <methodCode nullFlavor="UNK"/>
                            <performer>
<assignedEntity>
    <id root="2.16.840.1.113883.19.5.9999.456" extension="1316976707"/>
    <addr nullFlavor="UNK"/>
    <telecom use="WP" value="tel:+1(555)555-1002"/>
    <representedOrganization classCode="ORG">
        <id root="2.16.840.1.113883.19.5.9999.1393"/>
        <name>Agastha Medical Center</name>
        <telecom use="WP" value="tel:+1(704)544-6504"/>
        <addr>
            <streetAddressLine>15720 John J. Delaney Drive</streetAddressLine>
            <city>Charlotte</city>
            <state>NC</state>
            <postalCode>28277</postalCode>
            <country>United States</country>
        </addr>
    </representedOrganization>
</assignedEntity>
                            </performer>
                            <participant typeCode="DEV">
<participantRole classCode="MANU">
    <templateId root="2.16.840.1.113883.10.20.22.4.37"/>
    <id root="2.16.840.1.113883.3.3719" extension="(01)00643169007222(17)160128(21)BLC200461H" assigningAuthorityName="FDA"/>
    <playingDevice>
        <code code="704707009" codeSystem="2.16.840.1.113883.6.96" codeSystemName="SNOMED-CT" displayName="Cardiac resynchronization therapy implantable defibrillator (physical object)"/>
    </playingDevice>
    <scopingEntity>
        <id root="2.16.840.1.113883.3.3719"/>
    </scopingEntity>
</participantRole>
                            </participant>
                        </procedure>
                    </entry>
                    <entry typeCode="DRIV">
                        <procedure classCode="PROC" moodCode="EVN">
                            <templateId root="2.16.840.1.113883.10.20.22.4.14" extension="2014-06-09"/>
                            <templateId root="2.16.840.1.113883.10.20.22.4.14"/>
                            <id root="d68b7e32-7810-4f5b-9cc2-acd54b0fd85d"/>
                            <code code="56251003" codeSystem="2.16.840.1.113883.6.96" codeSystemName="SNOMED-CT" displayName="Nebulizer Therapy">
<originalText>Nebulizer Therapy<reference value="#Proc2"/>
</originalText>
                            </code>
                            <statusCode code="completed"/>
                            <effectiveTime value="20150622"/>
                            <methodCode nullFlavor="UNK"/>
                            <performer>
<assignedEntity>
    <id root="2.16.840.1.113883.19.5.9999.456" extension="1316976707"/>
    <addr nullFlavor="UNK"/>
    <telecom use="WP" value="tel:+1(555)555-1002"/>
    <representedOrganization classCode="ORG">
        <id root="2.16.840.1.113883.19.5.9999.1393"/>
        <name>Agastha Medical Center</name>
        <telecom use="WP" value="tel:+1(704)544-6504"/>
        <addr>
            <streetAddressLine>15720 John J. Delaney Drive</streetAddressLine>
            <city>Charlotte</city>
            <state>NC</state>
            <postalCode>28277</postalCode>
            <country>United States</country>
        </addr>
    </representedOrganization>
</assignedEntity>
                            </performer>
                        </procedure>
                    </entry>
                </section>
            </component>
            <component>
                <section>
                    <templateId root="2.16.840.1.113883.10.20.22.2.3.1" extension="2015-08-01"/>
                    <templateId root="2.16.840.1.113883.10.20.22.2.3.1"/>
                    <code code="30954-2" codeSystem="2.16.840.1.113883.6.1" codeSystemName="LOINC" displayName="RESULTS"/>
                    <title>RESULTS</title>
                    <text>
                        <table>
                            <thead>
<tr>
    <th>Result Type</th>
    <th>Result Value</th>
    <th>Relevant Reference Range</th>
    <th>Interpretation</th>
    <th>Date</th>
</tr>
                            </thead>
                            <tbody>
<tr>
    <td ID="result1">Color of Urine (YELLOW)</td>
    <td ID="resultvalue1">YELLOW</td>
    <td ID="referencerange1">YELLOW</td>
    <td></td>
    <td>Jun 22, 2015</td>
</tr>
<tr>
    <td ID="result2">Appearance of Urine (CLEAR)</td>
    <td ID="resultvalue2">CLEAR</td>
    <td ID="referencerange2">CLEAR</td>
    <td></td>
    <td>Jun 22, 2015</td>
</tr>
<tr>
    <td ID="result3">Specific gravity of Urine by Test strip (1.005-1.030)</td>
    <td ID="resultvalue3">1.015</td>
    <td ID="referencerange3">1.005-1.030</td>
    <td></td>
    <td>Jun 22, 2015</td>
</tr>
<tr>
    <td ID="result4">pH of Urine by Test strip (5.0-8.0)</td>
    <td ID="resultvalue4">5.0</td>
    <td ID="referencerange4">5.0-8.0</td>
    <td></td>
    <td>Jun 22, 2015</td>
</tr>
<tr>
    <td ID="result5">Glucose [Mass/volume] in urine by test strip (Neg)</td>
    <td ID="resultvalue5">50</td>
    <td ID="referencerange5">Neg</td>
    <td></td>
    <td>Jun 22, 2015</td>
</tr>
<tr>
    <td ID="result6">Ketones [Mass/Volume] in urine by test strip (Negative)</td>
    <td ID="resultvalue6">Negative</td>
    <td ID="referencerange6">Negative</td>
    <td></td>
    <td>Jun 22, 2015</td>
</tr>
<tr>
    <td ID="result7">Protein[Mass/Volume] in urine by test strip (Negative)</td>
    <td ID="resultvalue7">100</td>
    <td ID="referencerange7">Negative</td>
    <td></td>
    <td>Jun 22, 2015</td>
</tr>
                            </tbody>
                        </table>
                    </text>
                    <entry typeCode="DRIV">
                        <organizer classCode="BATTERY" moodCode="EVN">
                            <templateId root="2.16.840.1.113883.10.20.22.4.1" extension="2015-08-01"/>
                            <templateId root="2.16.840.1.113883.10.20.22.4.1"/>
                            <id root="7d5a02b0-67a4-11db-bd13-0800200c9a60"/>
                            <code code="24357-6" codeSystem="2.16.840.1.113883.6.1" codeSystemName="LOINC" displayName="Urinanalysis macro (dipstick) panel"/>
                            <statusCode code="completed"/>
                            <effectiveTime>
<low value="20150622"/>
<high value="20150622"/>
                            </effectiveTime>
                            <component>
<observation classCode="OBS" moodCode="EVN">
    <templateId root="2.16.840.1.113883.10.20.22.4.2" extension="2015-08-01"/>
    <templateId root="2.16.840.1.113883.10.20.22.4.2"/>
    <id root="107c2dc0-67a5-11db-bd13-0800200c9a66"/>
    <code code="5778-6" codeSystem="2.16.840.1.113883.6.1" codeSystemName="LOINC" displayName="Color of Urine"/>
    <statusCode code="completed"/>
    <effectiveTime value="20150622"/>
    <value xsi:type="ST">YELLOW</value>
    <interpretationCode code="N" codeSystem="2.16.840.1.113883.5.83"/>
</observation>
                            </component>
                            <component>
<observation classCode="OBS" moodCode="EVN">
    <templateId root="2.16.840.1.113883.10.20.22.4.2" extension="2015-08-01"/>
    <templateId root="2.16.840.1.113883.10.20.22.4.2"/>
    <id root="107c2dc0-67a5-11db-bd13-0800200c9a66"/>
    <code code="5767-9" codeSystem="2.16.840.1.113883.6.1" codeSystemName="LOINC" displayName="Appearance of Urine"/>
    <statusCode code="completed"/>
    <effectiveTime value="20150622"/>
    <value xsi:type="ST">CLEAR</value>
    <interpretationCode code="N" codeSystem="2.16.840.1.113883.5.83"/>
</observation>
                            </component>
                            <component>
<observation classCode="OBS" moodCode="EVN">
    <templateId root="2.16.840.1.113883.10.20.22.4.2" extension="2015-08-01"/>
    <templateId root="2.16.840.1.113883.10.20.22.4.2"/>
    <id root="107c2dc0-67a5-11db-bd13-0800200c9a66"/>
    <code code="5811-5" codeSystem="2.16.840.1.113883.6.1" codeSystemName="LOINC" displayName="Specific gravity of Urine by Test strip"/>
    <statusCode code="completed"/>
    <effectiveTime value="20150622"/>
    <value xsi:type="PQ" value="1.015"/>
    <interpretationCode code="N" codeSystem="2.16.840.1.113883.5.83"/>
    <referenceRange>
        <observationRange>
            <value xsi:type="IVL_PQ">
                <low value="1.005"/>
                <high value="1.030"/>
            </value>
        </observationRange>
    </referenceRange>
</observation>
                            </component>
                            <component>
<observation classCode="OBS" moodCode="EVN">
    <templateId root="2.16.840.1.113883.10.20.22.4.2" extension="2015-08-01"/>
    <templateId root="2.16.840.1.113883.10.20.22.4.2"/>
    <id root="107c2dc0-67a5-11db-bd13-0800200c9a66"/>
    <code code="5803-2" codeSystem="2.16.840.1.113883.6.1" codeSystemName="LOINC" displayName="pH of Urine by Test strip"/>
    <statusCode code="completed"/>
    <effectiveTime value="20150622"/>
    <value xsi:type="PQ" value="5.0" unit="[pH]"/>
    <interpretationCode code="N" codeSystem="2.16.840.1.113883.5.83"/>
    <referenceRange>
        <observationRange>
            <value xsi:type="IVL_PQ">
                <low value="5.0" unit="[pH]"/>
                <high value="8.0" unit="[pH]"/>
            </value>
        </observationRange>
    </referenceRange>
</observation>
                            </component>
                            <component>
<observation classCode="OBS" moodCode="EVN">
    <templateId root="2.16.840.1.113883.10.20.22.4.2" extension="2015-08-01"/>
    <templateId root="2.16.840.1.113883.10.20.22.4.2"/>
    <id root="107c2dc0-67a5-11db-bd13-0800200c9a66"/>
    <code code="5792-7" codeSystem="2.16.840.1.113883.6.1" codeSystemName="LOINC" displayName="Glucose [Mass/volume] in urine by test strip"/>
    <statusCode code="completed"/>
    <effectiveTime value="20150622"/>
    <value xsi:type="PQ" value="50" unit="mg/dL"/>
    <interpretationCode code="N" codeSystem="2.16.840.1.113883.5.83"/>
</observation>
                            </component>
                            <component>
<observation classCode="OBS" moodCode="EVN">
    <templateId root="2.16.840.1.113883.10.20.22.4.2" extension="2015-08-01"/>
    <templateId root="2.16.840.1.113883.10.20.22.4.2"/>
    <id root="107c2dc0-67a5-11db-bd13-0800200c9a66"/>
    <code code="5797-6" codeSystem="2.16.840.1.113883.6.1" codeSystemName="LOINC" displayName="Ketones [Mass/Volume] in urine by test strip"/>
    <statusCode code="completed"/>
    <effectiveTime value="20150622"/>
    <value xsi:type="ST">Negative</value>
    <interpretationCode code="N" codeSystem="2.16.840.1.113883.5.83"/>
</observation>
                            </component>
                            <component>
<observation classCode="OBS" moodCode="EVN">
    <templateId root="2.16.840.1.113883.10.20.22.4.2" extension="2015-08-01"/>
    <templateId root="2.16.840.1.113883.10.20.22.4.2"/>
    <id root="107c2dc0-67a5-11db-bd13-0800200c9a66"/>
    <code code="5804-0" codeSystem="2.16.840.1.113883.6.1" codeSystemName="LOINC" displayName="Protein[Mass/Volume] in urine by test strip"/>
    <statusCode code="completed"/>
    <effectiveTime value="20150622"/>
    <value xsi:type="PQ" value="100" unit="mg/dL"/>
    <interpretationCode code="N" codeSystem="2.16.840.1.113883.5.83"/>
</observation>
                            </component>
                        </organizer>
                    </entry>
                </section>
            </component>
            <component>
                <section>
                    <templateId root="2.16.840.1.113883.10.20.22.2.2.1" extension="2015-08-01"/>
                    <templateId root="2.16.840.1.113883.10.20.22.2.2.1"/>
                    <code code="11369-6" codeSystem="2.16.840.1.113883.6.1" codeSystemName="LOINC" displayName="History of immunizations"/>
                    <title>IMMUNIZATIONS</title>
                    <text>
                        <table width="100" border="1">
                            <thead>
<tr>
    <th>Vaccine</th>
    <th>Date</th>
    <th>Status</th>
    <th>Series number</th>
</tr>
                            </thead>
                            <tbody>
<tr>
    <td>
        <content ID="immun1">influenza, unspecified formulation</content>
    </td>
    <td>May 10, 2014</td>
    <td>Completed</td>
    <td>N/A</td>
</tr>
<tr>
    <td>
        <content ID="immun2">DTaP, 5 pertussis antigens</content>
    </td>
    <td>Jan 04, 2012</td>
    <td>Completed</td>
    <td>N/A</td>
</tr>
<tr>
    <td>
        <content ID="immun3">influenza, intradermal, quadrivalent, preservative</content>
    </td>
    <td>Jun 22, 2015</td>
    <td>Completed</td>
    <td>N/A</td>
</tr>
                            </tbody>
                        </table>
                    </text>
                    <entry typeCode="DRIV">
                        <substanceAdministration classCode="SBADM" moodCode="EVN" negationInd="false">
                            <templateId root="2.16.840.1.113883.10.20.22.4.52" extension="2015-08-01"/>
                            <templateId root="2.16.840.1.113883.10.20.22.4.52"/>
                            <id root="e6f1ba43-c0ed-4b9b-9f12-f435d8ad8f90"/>
                            <text>influenza, unspecified formulation</text>
                            <statusCode code="completed"/>
                            <effectiveTime xsi:type="IVL_TS" value="20140510"/>
                            <doseQuantity nullFlavor="UNK"/>
                            <consumable>
<manufacturedProduct classCode="MANU">
    <templateId root="2.16.840.1.113883.10.20.22.4.54" extension="2014-06-09"/>
    <templateId root="2.16.840.1.113883.10.20.22.4.54"/>
    <manufacturedMaterial>
        <code code="88" codeSystem="2.16.840.1.113883.12.292" codeSystemName="CVX" displayName="influenza, unspecified formulation"/>
    </manufacturedMaterial>
    <manufacturerOrganization>
        <name>Immuno Inc</name>
    </manufacturerOrganization>
</manufacturedProduct>
                            </consumable>
                        </substanceAdministration>
                    </entry>
                    <entry typeCode="DRIV">
                        <substanceAdministration classCode="SBADM" moodCode="EVN" negationInd="false">
                            <templateId root="2.16.840.1.113883.10.20.22.4.52" extension="2015-08-01"/>
                            <templateId root="2.16.840.1.113883.10.20.22.4.52"/>
                            <id root="e6f1ba43-c0ed-4b9b-9f12-f435d8ad8f91"/>
                            <text>DTaP, 5 pertussis antigens</text>
                            <statusCode code="completed"/>
                            <effectiveTime xsi:type="IVL_TS" value="20120104"/>
                            <doseQuantity nullFlavor="UNK"/>
                            <consumable>
<manufacturedProduct classCode="MANU">
    <templateId root="2.16.840.1.113883.10.20.22.4.54" extension="2014-06-09"/>
    <templateId root="2.16.840.1.113883.10.20.22.4.54"/>
    <manufacturedMaterial>
        <code code="106" codeSystem="2.16.840.1.113883.12.292" codeSystemName="CVX" displayName="DTaP, 5 pertussis antigens"/>
    </manufacturedMaterial>
    <manufacturerOrganization>
        <name>Immuno Inc</name>
    </manufacturerOrganization>
</manufacturedProduct>
                            </consumable>
                        </substanceAdministration>
                    </entry>
                    <entry typeCode="DRIV">
                        <substanceAdministration classCode="SBADM" moodCode="EVN" negationInd="true">
                            <templateId root="2.16.840.1.113883.10.20.22.4.52" extension="2015-08-01"/>
                            <templateId root="2.16.840.1.113883.10.20.22.4.52"/>
                            <id root="e6f1ba43-c0ed-4b9b-9f12-f435d8ad8f92"/>
                            <text>influenza, intradermal, quadrivalent, preservative</text>
                            <statusCode code="completed"/>
                            <effectiveTime xsi:type="IVL_TS" value="20150622"/>
                            <doseQuantity value="0.25" unit="ug"/>
                            <consumable>
<manufacturedProduct classCode="MANU">
    <templateId root="2.16.840.1.113883.10.20.22.4.54" extension="2014-06-09"/>
    <templateId root="2.16.840.1.113883.10.20.22.4.54"/>
    <manufacturedMaterial>
        <code code="166" codeSystem="2.16.840.1.113883.12.292" codeSystemName="CVX" displayName="influenza, intradermal, quadrivalent, preservative"/>
    </manufacturedMaterial>
    <manufacturerOrganization>
        <name>Immuno Inc</name>
    </manufacturerOrganization>
</manufacturedProduct>
                            </consumable>
                            <entryRelationship typeCode="RSON">
<observation classCode="OBS" moodCode="EVN">
    <templateId root="2.16.840.1.113883.10.20.22.4.53"/>
    <id root="ab1791b0-5c71-11db-b0de-0800200c9a62"/>
    <code code="PATOBJ" codeSystem="2.16.840.1.113883.5.8" codeSystemName="ActReason" displayName="Patient objection"/>
    <statusCode code="completed"/>
</observation>
                            </entryRelationship>
                        </substanceAdministration>
                    </entry>
                </section>
            </component>
            <component>
                <section>
                    <templateId root="2.16.840.1.113883.10.20.22.2.14" extension="2014-06-09"/>
                    <templateId root="2.16.840.1.113883.10.20.22.2.14"/>
                    <code code="47420-5" codeSystem="2.16.840.1.113883.6.1" codeSystemName="LOINC" displayName="Functional Status"/>
                    <title>FUNCTIONAL STATUS</title>
                    <text>
                        <table width="100" border="1">
                            <thead>
<tr>
    <th>Functional Category</th>
    <th>Effective Dates</th>
    <th>Results of Evaluation</th>
</tr>
                            </thead>
                            <tbody>
<tr>
    <td ID="FUNC1">Dependence on walking stick</td>
    <td>01 May,2005</td>
    <td></td>
</tr>
                            </tbody>
                        </table>
                    </text>
                    <entry>
                        <organizer classCode="CLUSTER" moodCode="EVN">
                            <templateId root="2.16.840.1.113883.10.20.22.4.66" extension="2014-06-09"/>
                            <templateId root="2.16.840.1.113883.10.20.22.4.66"/>
                            <id root="a7bc1062-8649-42a0-833d-eed65bd017c9"/>
                            <code code="d5" codeSystem="2.16.840.1.113883.6.254" codeSystemName="ICF" displayName="Self-Care"/>
                            <statusCode code="completed"/>
                            <component>
<observation classCode="OBS" moodCode="EVN">
    <templateId root="2.16.840.1.113883.10.20.22.4.67" extension="2014-06-09"/>
    <templateId root="2.16.840.1.113883.10.20.22.4.67"/>
    <id root="b63a8636-cfff-4461-b018-40ba58ba8b32"/>
    <code code="54522-8" codeSystem="2.16.840.1.113883.6.1" codeSystemName="LOINC" displayName="Functional Status"/>
    <text>
        <reference value="#FUNC1"/>
    </text>
    <statusCode code="completed"/>
    <effectiveTime value="20050501"/>
    <value xsi:type="CD" code="105504002" codeSystem="2.16.840.1.113883.6.96" codeSystemName="SNOMED-CT" displayName="Dependence on walking stick"/>
    <author typeCode="AUT">
        <templateId root="2.16.840.1.113883.10.20.22.4.119"/>
        <time value="20050501"/>
        <assignedAuthor>
            <id root="2.16.840.1.113883.4.6" extension="1316976707"/>
            <code code="332B00000X" codeSystem="2.16.840.1.113883.6.101" codeSystemName="Healthcare Provider Taxonomy (HIPAA)"/>
        </assignedAuthor>
    </author>
</observation>
                            </component>
                            <component>
<observation classCode="OBS" moodCode="EVN">
    <templateId root="2.16.840.1.113883.10.20.22.4.128"/>
    <id root="c6b5a04b-2bf4-49d1-8336-636a3813df0a"/>
    <code nullFlavor="NA"/>
    <statusCode code="completed"/>
    <effectiveTime value="20050501"/>
    <value xsi:type="CD" code="371153006" codeSystem="2.16.840.1.113883.6.96" codeSystemName="SNOMED-CT" displayName="Independent"/>
</observation>
                            </component>
                        </organizer>
                    </entry>
                </section>
            </component>
            <component>
                <section>
                    <templateId root="2.16.840.1.113883.10.20.22.2.56" extension="2015-08-01"/>
                    <code code="10190-7" codeSystem="2.16.840.1.113883.6.1" codeSystemName="LOINC" displayName="MENTAL STATUS"/>
                    <title>MENTAL STATUS</title>
                    <text>
                        <table width="100" border="1">
                            <thead>
<tr>
    <th>Status</th>
    <th>Date</th>
</tr>
                            </thead>
                            <tbody>
<tr>
    <td>Amnesia</td>
    <td>01 May,2005</td>
</tr>
                            </tbody>
                        </table>
                    </text>
                    <entry>
                        <observation classCode="OBS" moodCode="EVN">
                            <templateId root="2.16.840.1.113883.10.20.22.4.74" extension="2015-08-01"/>
                            <templateId root="2.16.840.1.113883.10.20.22.4.74"/>
                            <id root="a7bc1062-8649-42a0-833d-ekd65bd013d1"/>
                            <code code="373930000" codeSystem="2.16.840.1.113883.6.96" codeSystemName="SNOMED-CT" displayName="Cognitive function">
<translation code="75275-8" codeSystem="2.16.840.1.113883.6.1" codeSystemName="LOINC" displayName="Cognitive function"/>
                            </code>
                            <statusCode code="completed"/>
                            <effectiveTime>
<low value="20050501"/>
<high nullFlavor="UNK"/>
                            </effectiveTime>
                            <value xsi:type="CD" code="48167000" codeSystem="2.16.840.1.113883.6.96" codeSystemName="SNOMED-CT" displayName="Amnesia"/>
                        </observation>
                    </entry>
                </section>
            </component>
            <component>
                <section>
                    <templateId root="1.3.6.1.4.1.19376.1.5.3.1.3.1" extension="2014-06-09"/>
                    <templateId root="1.3.6.1.4.1.19376.1.5.3.1.3.1"/>
                    <code code="42349-1" codeSystem="2.16.840.1.113883.6.1" codeSystemName="LOINC" displayName="Reason for Referral"/>
                    <title>REASON FOR REFERRAL</title>
                    <text>Ms Alice Newman is being referred to Community House Hospitals Inpatient facility because of the high fever noticed and suspected Anemia</text>
                </section>
            </component>
            <component>
                <section>
                    <templateId root="2.16.840.1.113883.10.20.22.2.58" extension="2015-08-01"/>
                    <code code="75310-3" codeSystem="2.16.840.1.113883.6.1" codeSystemName="LOINC" displayName="Health Concerns Document"/>
                    <title>Health Concerns Section</title>
                    <text>
                        <br></br>
                        <table width="100" border="1">
                            <thead>
<tr>
    <th>Concern</th>
    <th>Status</th>
    <th>Date</th>
</tr>
                            </thead>
                            <tbody>
<tr>
    <td>Chronic Sickness exhibited by Patient</td>
    <td>Active</td>
    <td>06/22/2015</td>
</tr>
<tr>
    <td>Documented HyperTension problem</td>
    <td>Active</td>
    <td>06/22/2015</td>
</tr>
<tr>
    <td>Documented HypoThyroidism problem</td>
    <td>Active</td>
    <td>06/22/2015</td>
</tr>
<tr>
    <td>Watch Weight of patient</td>
    <td>Active</td>
    <td>06/22/2015</td>
</tr>
                            </tbody>
                        </table>
                    </text>
                    <entry>
                        <observation classCode="OBS" moodCode="EVN">
                            <templateId root="2.16.840.1.113883.10.20.22.4.5" extension="2014-06-09"/>
                            <templateId root="2.16.840.1.113883.10.20.22.4.5"/>
                            <id root="a7bc1062-8649-42a0-833d-ekd65bd013d8"/>
                            <code code="11323-3" codeSystem="2.16.840.1.113883.6.1" codeSystemName="LOINC" displayName="Health status"/>
                            <statusCode code="completed"/>
                            <value xsi:type="CD" code="161901003" codeSystem="2.16.840.1.113883.6.96" codeSystemName="SNOMED-CT" displayName="Chronically ill"/>
                        </observation>
                    </entry>
                    <entry>
                        <act classCode="ACT" moodCode="EVN">
                            <templateId root="2.16.840.1.113883.10.20.22.4.132" extension="2015-08-01"/>
                            <id root="4eab0e52-dd7d-4285-99eb-72d32ddb195c"/>
                            <code code="75310-3" codeSystem="2.16.840.1.113883.6.1" codeSystemName="LOINC" displayName="Health Concern"/>
                            <statusCode code="completed"/>
                            <entryRelationship typeCode="REFR">
<act classCode="ACT" moodCode="EVN">
    <templateId root="2.16.840.1.113883.10.20.22.4.122"/>
    <id root="ab1791b0-5c71-11db-b0de-0800200c9a68"/>
    <code nullFlavor="NP"/>
    <statusCode code="completed"/>
</act>
                            </entryRelationship>
                            <entryRelationship typeCode="REFR">
<act classCode="ACT" moodCode="EVN">
    <templateId root="2.16.840.1.113883.10.20.22.4.122"/>
    <id root="ab1791b0-5c71-11db-b0de-0800200c2b11"/>
    <code nullFlavor="NP"/>
    <statusCode code="completed"/>
</act>
                            </entryRelationship>
                            <entryRelationship typeCode="REFR">
<act classCode="ACT" moodCode="EVN">
    <templateId root="2.16.840.1.113883.10.20.22.4.122"/>
    <id root="ab1791b0-5c71-11db-b0de-0800200c2b13"/>
    <code nullFlavor="NP"/>
    <statusCode code="completed"/>
</act>
                            </entryRelationship>
                        </act>
                    </entry>
                </section>
            </component>
            <component>
                <section>
                    <templateId root="2.16.840.1.113883.10.20.22.2.60"/>
                    <code code="61146-7" codeSystem="2.16.840.1.113883.6.1" codeSystemName="LOINC" displayName="Goals"/>
                    <title>Goals Section</title>
                    <text>
                        <table width="100" border="1">
                            <thead>
<tr>
    <th>Goal</th>
    <th>Type</th>
    <th>Status</th>
    <th>Date</th>
</tr>
                            </thead>
                            <tbody>
<tr>
    <td>Get rid of intermittent fever that is occurring every few weeks</td>
    <td>Provider and Patient</td>
    <td>Active</td>
    <td>20150622</td>
</tr>
<tr>
    <td>Need to gain more energy to do regular activities</td>
    <td>Patient</td>
    <td>Active</td>
    <td>20150622</td>
</tr>
                            </tbody>
                        </table>
                    </text>
                    <entry>
                        <observation classCode="OBS" moodCode="GOL">
                            <templateId root="2.16.840.1.113883.10.20.22.4.121"/>
                            <id root="3700b3b0-fbed-12e2-b778-0800200c9a66"/>
                            <code code="58144-7" codeSystem="2.16.840.1.113883.6.1" codeSystemName="LOINC" displayName="Resident's overall goal established during assessment process"/>
                            <statusCode code="active"/>
                            <effectiveTime value="20150622"/>
                            <value xsi:type="ST">Get rid of intermittent fever that is occurring every few weeks</value>
                            <author>
<templateId root="2.16.840.1.113883.10.20.22.4.119"/>
<time value="20150622"/>
<assignedAuthor>
    <id root="2.16.840.1.113883.4.6" extension="1316976707"/>
    <code code="332B00000X" codeSystem="2.16.840.1.114222.4.11.1066" codeSystemName="Healthcare Provider Taxonomy (HIPAA)"/>
</assignedAuthor>
                            </author>
                        </observation>
                    </entry>
                    <entry>
                        <observation classCode="OBS" moodCode="GOL">
                            <templateId root="2.16.840.1.113883.10.20.22.4.121"/>
                            <id root="3700b3b0-fbed-12e2-b778-0800200c9a66"/>
                            <code code="58144-7" codeSystem="2.16.840.1.113883.6.1" codeSystemName="LOINC" displayName="Resident's overall goal established during assessment process"/>
                            <statusCode code="active"/>
                            <effectiveTime value="20150622"/>
                            <value xsi:type="ST">Need to gain more energy to do regular activities</value>
                            <author>
<templateId root="2.16.840.1.113883.10.20.22.4.119"/>
<time value="20150622"/>
<assignedAuthor>
    <id root="2.16.840.1.113883.4.6" extension="1316976707"/>
    <code code="332B00000X" codeSystem="2.16.840.1.114222.4.11.1066" codeSystemName="Healthcare Provider Taxonomy (HIPAA)"/>
</assignedAuthor>
                            </author>
                        </observation>
                    </entry>
                </section>
            </component>
            <component>
                <section>
                    <templateId root="2.16.840.1.113883.10.20.22.2.8"/>
                    <code code="51848-0" codeSystem="2.16.840.1.113883.6.1" codeSystemName="LOINC" displayName="ASSESSMENTS"/>
                    <title>ASSESSMENTS</title>
                    <text>The patient was found to have fever and Dr Davis is suspecting Anemia based on the patient history. So Dr Davis asked the patient to closely monitor the temperature and blood pressure and get admitted to Community Health Hospitals if the fever does not subside within a day.</text>
                </section>
            </component>
            <component>
                <section>
                    <templateId root="2.16.840.1.113883.10.20.22.2.10" extension="2014-06-09"/>
                    <templateId root="2.16.840.1.113883.10.20.22.2.10"/>
                    <code code="18776-5" codeSystem="2.16.840.1.113883.6.1" codeSystemName="LOINC" displayName="Treatment plan"/>
                    <title>TREATMENT PLAN</title>
                    <text>i. Get an EKG done on 6/23/2015. 
ii. Get a Chest X-ray done on 6/23/2015 showing the Lower Respiratory Tract Structure. 
iii. Take Clindamycin 300mg three times a day as needed if pain does not subside 
iv. Schedule follow on visit with Neighborhood Physicians Practice on 7/1/2015.Future Test(s):Have Urinalysis -Dipstick(LOINC-24357-6) ON 06/29/2015</text>
                </section>
            </component>
        </structuredBody>
    </component>
</ClinicalDocument>
