<?xml version="1.0" encoding="UTF-8" standalone="yes"?>
<?xml-stylesheet type="text/xsl" href="https://demo.agastha.com/agastha12/xmlSchema/meaningfulUse3/CDA_SDTC/infrastructure/cda/CDA.xsl"?>
<ClinicalDocument xmlns="urn:hl7-org:v3" xmlns:sdtc="urn:hl7-org:sdtc" xmlns:xsi="http://www.w3.org/2001/XMLSchema-instance" xsi:schemaLocation="urn:hl7-org:v3 https://demo.agastha.com/agastha12/xmlSchema/meaningfulUse3/CDA_SDTC/infrastructure/cda/CDA_SDTC.xsd">
    <realmCode code="US"/>
    <typeId root="2.16.840.1.113883.1.3" extension="POCD_HD000040"/>
    <templateId root="2.16.840.1.113883.10.20.22.1.1" extension="2015-08-01"/>
    <templateId root="2.16.840.1.113883.10.20.22.1.1"/>
    <templateId root="2.16.840.1.113883.10.20.22.1.2" extension="2015-08-01"/>
    <templateId root="2.16.840.1.113883.10.20.22.1.2"/>
    <id root="2.16.840.1.113883.19.5.99999.1" extension="TT988"/>
    <code code="34133-9" codeSystem="2.16.840.1.113883.6.1" codeSystemName="LOINC" displayName="Summarization of Episode Note"/>
    <title>Agastha Medical Center Transitions of Care : Consolidated CDA</title>
    <effectiveTime value="20170502144355-0400"/>
    <confidentialityCode code="N" codeSystem="2.16.840.1.113883.5.25" codeSystemName="Confidentiality" displayName="normal"/>
    <languageCode code="en-US"/>
    <setId root="2.16.840.1.113883.19.5.99999.19" extension="Transitions of Care"/>
    <versionNumber value="1"/>
    <recordTarget>
        <patientRole>
            <id root="2.16.840.1.113883.4.1" extension="123-33-3346"/>
            <addr use="HP">
                <streetAddressLine>1011 Amber Dr</streetAddressLine>
                <city>Beaverton</city>
                <state>OR</state>
                <postalCode>97006</postalCode>
                <country>United States</country>
            </addr>
            <telecom use="HP" value="tel:+1(555)336-1544"/>
            <patient>
                <name use="L">
                    <given>Susan</given>
                    <given>Susy</given>
                    <family>Turner</family>
                </name>
                <administrativeGenderCode code="F" codeSystem="2.16.840.1.113883.5.1" codeSystemName="AdministrativeGender" displayName="Female"/>
                <birthTime value="19700801"/>
                <maritalStatusCode code="M" codeSystem="2.16.840.1.113883.5.2" codeSystemName="MaritalStatus" displayName="Married"/>
                <raceCode code="2106-3" codeSystem="2.16.840.1.113883.6.238" codeSystemName="Race &amp; Ethnicity - CDC" displayName="White"/>
                <sdtc:raceCode code="2108-9" codeSystem="2.16.840.1.113883.6.238" codeSystemName="Race &amp; Ethnicity - CDC" displayName="European"/>
                <ethnicGroupCode code="2186-5" codeSystem="2.16.840.1.113883.6.238" codeSystemName="Race &amp; Ethnicity - CDC" displayName="Not Hispanic or Latino"/>
                <guardian>
                    <code code="GUARD" codeSystem="2.16.840.1.113883.5.111" codeSystemName="Personal And Legal Relationship Role Type" displayName="guardian"/>
                    <addr use="HP">
                        <streetAddressLine>1011 Amber Dr</streetAddressLine>
                        <city>Beaverton</city>
                        <state>OR</state>
                        <postalCode>97006</postalCode>
                        <country>United States</country>
                    </addr>
                    <telecom use="MC" value="tel:+1(555)336-1544"/>
                    <guardianPerson>
                        <name>
                            <given>Mr.Jeremy</given>
                            <family>Maxwell</family>
                        </name>
                    </guardianPerson>
                </guardian>
                <languageCommunication>
                    <languageCode code="en-US"/>
                    <modeCode code="ESP" codeSystem="2.16.840.1.113883.5.60" codeSystemName="LanguageAbilityMode" displayName="Expressed spoken"/>
                    <proficiencyLevelCode code="G" codeSystem="2.16.840.1.113883.5.61" codeSystemName="LanguageAbilityProficiency" displayName="Good"/>
                    <preferenceInd value="true"/>
                </languageCommunication>
            </patient>
            <providerOrganization>
                <id root="2.16.840.1.113883.4.6" extension="1298765654"/>
                <name>Agastha Medical Center</name>
                <telecom use="WP" value="tel:+1(704)544-6504"/>
                <addr use="WP">
                    <streetAddressLine>15720 John J. Delaney Drive</streetAddressLine>
                    <city>Charlotte</city>
                    <state>NC</state>
                    <postalCode>28277</postalCode>
                    <country>United States</country>
                </addr>
            </providerOrganization>
        </patientRole>
    </recordTarget>
    <author>
        <time value="201705020243-0400"/>
        <assignedAuthor>
            <id root="2.16.840.1.113883.4.6" extension="1316976707"/>
            <code code="332B00000X" codeSystem="2.16.840.1.113883.6.101" codeSystemName="Healthcare Provider Taxonomy (HIPAA)" displayName="Internal Medicine"/>
            <addr use="WP">
                <streetAddressLine>2472 Rocky Place</streetAddressLine>
                <city>Beaverton</city>
                <state>OR</state>
                <postalCode>97006</postalCode>
                <country>United States</country>
            </addr>
            <telecom use="WP" value="tel:+1(555)555-1002"/>
            <assignedPerson>
                <name>
                    <given>Albert</given>
                    <family>Davis</family>
                    <suffix>Dr</suffix>
                </name>
            </assignedPerson>
        </assignedAuthor>
    </author>
    <dataEnterer>
        <assignedEntity>
            <id root="2.16.840.1.113883.4.6" extension="1316976707"/>
            <addr use="WP">
                <streetAddressLine>2472 Rocky Place</streetAddressLine>
                <city>Beaverton</city>
                <state>OR</state>
                <postalCode>97006</postalCode>
                <country>United States</country>
            </addr>
            <telecom use="WP" value="tel:+1(555)555-1002"/>
            <assignedPerson>
                <name>
                    <given>Albert</given>
                    <family>Davis</family>
                </name>
            </assignedPerson>
        </assignedEntity>
    </dataEnterer>
    <informant>
        <assignedEntity>
            <id root="2.16.840.1.113883.4.6" extension="1316976707"/>
            <addr use="WP">
                <streetAddressLine>2472 Rocky Place</streetAddressLine>
                <city>Beaverton</city>
                <state>OR</state>
                <postalCode>97006</postalCode>
                <country>United States</country>
            </addr>
            <telecom use="WP" value="tel:+1(555)555-1002"/>
            <assignedPerson>
                <name>
                    <given>Albert</given>
                    <family>Davis</family>
                </name>
            </assignedPerson>
        </assignedEntity>
    </informant>
    <informant>
        <relatedEntity classCode="PRS">
            <code code="GRPRN" codeSystem="2.16.840.1.113883.1.11.19563" codeSystemName="Personal Relationship Role Type Value Set" displayName="Grandparent"/>
            <relatedPerson>
                <name>
                    <given>Mr.Jeremy</given>
                    <family>Maxwell</family>
                </name>
            </relatedPerson>
        </relatedEntity>
    </informant>
    <custodian>
        <assignedCustodian>
            <representedCustodianOrganization>
                <id root="2.16.840.1.113883.4.6" extension="1298765654"/>
                <name>Agastha Medical Center</name>
                <telecom use="WP" value="tel:+1(704)544-6504"/>
                <addr use="WP">
                    <streetAddressLine>15720 John J. Delaney Drive</streetAddressLine>
                    <city>Charlotte</city>
                    <state>NC</state>
                    <postalCode>28277</postalCode>
                    <country>United States</country>
                </addr>
            </representedCustodianOrganization>
        </assignedCustodian>
    </custodian>
    <legalAuthenticator>
        <time value="20170502144355-0400"/>
        <signatureCode code="S"/>
        <assignedEntity>
            <id root="2.16.840.1.113883.4.6" extension="1316976707"/>
            <code code="332B00000X" codeSystem="2.16.840.1.113883.6.101" codeSystemName="Healthcare Provider Taxonomy (HIPAA)" displayName="Internal Medicine"/>
            <addr use="WP">
                <streetAddressLine>2472 Rocky Place</streetAddressLine>
                <city>Beaverton</city>
                <state>OR</state>
                <postalCode>97006</postalCode>
                <country>United States</country>
            </addr>
            <telecom use="WP" value="tel:+1(555)555-1002"/>
            <assignedPerson>
                <name>
                    <given>Albert</given>
                    <family>Davis</family>
                    <prefix>Dr</prefix>
                </name>
            </assignedPerson>
        </assignedEntity>
    </legalAuthenticator>
    <authenticator>
        <time value="20170502144355-0400"/>
        <signatureCode code="S"/>
        <assignedEntity>
            <id root="2.16.840.1.113883.4.6" extension="1316976707"/>
            <code code="332B00000X" codeSystem="2.16.840.1.113883.6.101" codeSystemName="Healthcare Provider Taxonomy (HIPAA)" displayName="Internal Medicine"/>
            <addr use="WP">
                <streetAddressLine>2472 Rocky Place</streetAddressLine>
                <city>Beaverton</city>
                <state>OR</state>
                <postalCode>97006</postalCode>
                <country>United States</country>
            </addr>
            <telecom use="WP" value="tel:+1(555)555-1002"/>
            <assignedPerson>
                <name>
                    <given>Albert</given>
                    <family>Davis</family>
                    <prefix>Dr</prefix>
                </name>
            </assignedPerson>
        </assignedEntity>
    </authenticator>
    <participant typeCode="IND">
        <associatedEntity classCode="PRS">
            <code code="GRPRN" codeSystem="2.16.840.1.113883.1.11.19563" codeSystemName="Personal Relationship Role Type Value Set" displayName="Grandparent"/>
            <addr use="HP">
                <streetAddressLine>1011 Amber Dr</streetAddressLine>
                <city>Beaverton</city>
                <state>OR</state>
                <postalCode>97006</postalCode>
                <country>United States</country>
            </addr>
            <telecom use="HP" value="tel:+1(555)336-1544"/>
            <associatedPerson>
                <name>
                    <given>Jeremy</given>
                    <family>Maxwell</family>
                    <prefix>Mr</prefix>
                </name>
            </associatedPerson>
        </associatedEntity>
    </participant>
    <documentationOf>
        <serviceEvent classCode="PCPR">
            <effectiveTime>
                <low value="20170502144355-0400"/>
                <high value="20170502144355-0400"/>
            </effectiveTime>
            <performer typeCode="PRF">
                <functionCode code="PCP" codeSystem="2.16.840.1.113883.5.88" codeSystemName="ParticipationFunction" displayName="Primary Care Provider">
                    <originalText>Primary Care Provider</originalText>
                </functionCode>
                <assignedEntity>
                    <id root="2.16.840.1.113883.4.6" extension="1316976707"/>
                    <code code="332B00000X" codeSystem="2.16.840.1.113883.6.101" codeSystemName="Healthcare Provider Taxonomy (HIPAA)" displayName="Internal Medicine"/>
                    <addr>
                        <streetAddressLine>2472 Rocky Place</streetAddressLine>
                        <city>Beaverton</city>
                        <state>OR</state>
                        <postalCode>97006</postalCode>
                        <country>United States</country>
                    </addr>
                    <telecom use="WP" value="tel:+1(555)555-1002"/>
                    <assignedPerson>
                        <name>
                            <given>Albert</given>
                            <family>Davis</family>
                            <prefix>Dr</prefix>
                        </name>
                    </assignedPerson>
                    <representedOrganization>
                        <id root="2.16.840.1.113883.4.6" extension="219BX"/>
                        <name>Agastha Medical Center</name>
                        <telecom use="WP" value="tel:+1(704)544-6504"/>
                        <addr>
                            <streetAddressLine>15720 John J. Delaney Drive</streetAddressLine>
                            <city>Charlotte</city>
                            <state>NC</state>
                            <postalCode>28277</postalCode>
                            <country>United States</country>
                        </addr>
                    </representedOrganization>
                </assignedEntity>
            </performer>
        </serviceEvent>
    </documentationOf>
    <component>
        <structuredBody>
            <component>
                <section>
                    <templateId root="2.16.840.1.113883.10.20.22.2.6.1" extension="2015-08-01"/>
                    <templateId root="2.16.840.1.113883.10.20.22.2.6.1"/>
                    <code code="48765-2" codeSystem="2.16.840.1.113883.6.1" codeSystemName="LOINC"/>
                    <title>ALLERGIES AND ADVERSE REACTIONS</title>
                    <text>
                        <table width="100" border="1">
                            <thead>
<tr>
    <th>Substance</th>
    <th>Reaction</th>
    <th>Severity</th>
</tr>
                            </thead>
                            <tbody>
<tr>
    <td ID="substance1">Penicillin G benzathine</td>
    <td ID="reaction1">Hives</td>
    <td ID="severity1">Moderate</td>
</tr>
<tr>
    <td ID="substance2">Ampicillin</td>
    <td ID="reaction2">Hives</td>
    <td ID="severity2">Moderate</td>
</tr>
                            </tbody>
                        </table>
                    </text>
                    <entry typeCode="DRIV">
                        <act classCode="ACT" moodCode="EVN">
                            <templateId root="2.16.840.1.113883.10.20.22.4.30" extension="2015-08-01"/>
                            <templateId root="2.16.840.1.113883.10.20.22.4.30"/>
                            <id root="36e3e930-7b14-11db-9fe1-0800200c9a60"/>
                            <code code="CONC" codeSystem="2.16.840.1.113883.5.6"/>
                            <statusCode code="active"/>
                            <effectiveTime>
<low value="19800501"/>
<high value="19800501"/>
                            </effectiveTime>
                            <entryRelationship typeCode="SUBJ">
<observation classCode="OBS" moodCode="EVN">
    <templateId root="2.16.840.1.113883.10.20.22.4.7" extension="2014-06-09"/>
    <templateId root="2.16.840.1.113883.10.20.22.4.7"/>
    <id root="4adc1020-7b14-11db-9fe1-0800200c9a60"/>
    <code code="ASSERTION" codeSystem="2.16.840.1.113883.5.4"/>
    <text>
        <reference value="Penicillin G benzathine"/>
    </text>
    <statusCode code="completed"/>
    <effectiveTime>
        <low value="19800501"/>
    </effectiveTime>
    <value xsi:type="CD" code="419511003" codeSystem="2.16.840.1.113883.6.96" codeSystemName="SNOMED-CT" displayName="Propensity to adverse reaction to drug"/>
    <participant typeCode="CSM">
        <participantRole classCode="MANU">
            <playingEntity classCode="MMAT">
                <code code="7980" codeSystem="2.16.840.1.113883.6.88" codeSystemName="RxNorm" displayName="Penicillin G benzathine">
                    <originalText>
                        <reference value="#substance1"/>
                    </originalText>
                </code>
            </playingEntity>
        </participantRole>
    </participant>
    <entryRelationship typeCode="MFST" inversionInd="true">
        <observation classCode="OBS" moodCode="EVN">
            <templateId root="2.16.840.1.113883.10.20.22.4.9" extension="2014-06-09"/>
            <templateId root="2.16.840.1.113883.10.20.22.4.9"/>
            <id root="4adc1020-7b14-11db-9fe1-0800200c9a60"/>
            <code code="ASSERTION" codeSystem="2.16.840.1.113883.5.4"/>
            <text>Hives<reference value="#reaction1"/>
            </text>
            <statusCode code="completed"/>
            <effectiveTime>
                <low value="19800501"/>
            </effectiveTime>
            <value xsi:type="CD" code="247472004" codeSystem="2.16.840.1.113883.6.96" codeSystemName="SNOMED-CT"/>
            <entryRelationship typeCode="SUBJ" inversionInd="true">
                <observation classCode="OBS" moodCode="EVN">
                    <templateId root="2.16.840.1.113883.10.20.22.4.8" extension="2014-06-09"/>
                    <templateId root="2.16.840.1.113883.10.20.22.4.8"/>
                    <code code="SEV" codeSystem="2.16.840.1.113883.5.4" codeSystemName="ActCode" displayName="Severity Observation"/>
                    <text>Moderate<reference value="#allergyseverity1"/>
                    </text>
                    <statusCode code="completed"/>
                    <value xsi:type="CD" code="6736007" codeSystem="2.16.840.1.113883.6.96" codeSystemName="SNOMED-CT" displayName="Moderate"/>
                </observation>
            </entryRelationship>
        </observation>
    </entryRelationship>
</observation>
                            </entryRelationship>
                        </act>
                    </entry>
                    <entry typeCode="DRIV">
                        <act classCode="ACT" moodCode="EVN">
                            <templateId root="2.16.840.1.113883.10.20.22.4.30" extension="2015-08-01"/>
                            <templateId root="2.16.840.1.113883.10.20.22.4.30"/>
                            <id root="36e3e930-7b14-11db-9fe1-0800200c9a61"/>
                            <code code="CONC" codeSystem="2.16.840.1.113883.5.6"/>
                            <statusCode code="active"/>
                            <effectiveTime>
<low value="19800501"/>
<high value="19800501"/>
                            </effectiveTime>
                            <entryRelationship typeCode="SUBJ">
<observation classCode="OBS" moodCode="EVN">
    <templateId root="2.16.840.1.113883.10.20.22.4.7" extension="2014-06-09"/>
    <templateId root="2.16.840.1.113883.10.20.22.4.7"/>
    <id root="4adc1020-7b14-11db-9fe1-0800200c9a61"/>
    <code code="ASSERTION" codeSystem="2.16.840.1.113883.5.4"/>
    <text>
        <reference value="Ampicillin"/>
    </text>
    <statusCode code="completed"/>
    <effectiveTime>
        <low value="19800501"/>
    </effectiveTime>
    <value xsi:type="CD" code="419511003" codeSystem="2.16.840.1.113883.6.96" codeSystemName="SNOMED-CT" displayName="Propensity to adverse reaction to drug"/>
    <participant typeCode="CSM">
        <participantRole classCode="MANU">
            <playingEntity classCode="MMAT">
                <code code="733" codeSystem="2.16.840.1.113883.6.88" codeSystemName="RxNorm" displayName="Ampicillin">
                    <originalText>
                        <reference value="#substance2"/>
                    </originalText>
                </code>
            </playingEntity>
        </participantRole>
    </participant>
    <entryRelationship typeCode="MFST" inversionInd="true">
        <observation classCode="OBS" moodCode="EVN">
            <templateId root="2.16.840.1.113883.10.20.22.4.9" extension="2014-06-09"/>
            <templateId root="2.16.840.1.113883.10.20.22.4.9"/>
            <id root="4adc1020-7b14-11db-9fe1-0800200c9a60"/>
            <code code="ASSERTION" codeSystem="2.16.840.1.113883.5.4"/>
            <text>Hives<reference value="#reaction2"/>
            </text>
            <statusCode code="completed"/>
            <effectiveTime>
                <low value="19800501"/>
            </effectiveTime>
            <value xsi:type="CD" code="247472004" codeSystem="2.16.840.1.113883.6.96" codeSystemName="SNOMED-CT"/>
            <entryRelationship typeCode="SUBJ" inversionInd="true">
                <observation classCode="OBS" moodCode="EVN">
                    <templateId root="2.16.840.1.113883.10.20.22.4.8" extension="2014-06-09"/>
                    <templateId root="2.16.840.1.113883.10.20.22.4.8"/>
                    <code code="SEV" codeSystem="2.16.840.1.113883.5.4" codeSystemName="ActCode" displayName="Severity Observation"/>
                    <text>Moderate<reference value="#allergyseverity2"/>
                    </text>
                    <statusCode code="completed"/>
                    <value xsi:type="CD" code="6736007" codeSystem="2.16.840.1.113883.6.96" codeSystemName="SNOMED-CT" displayName="Moderate"/>
                </observation>
            </entryRelationship>
        </observation>
    </entryRelationship>
</observation>
                            </entryRelationship>
                        </act>
                    </entry>
                </section>
            </component>
            <component>
                <section nullFlavor="NI">
                    <templateId root="2.16.840.1.113883.10.20.22.2.22.1" extension="2015-08-01"/>
                    <templateId root="2.16.840.1.113883.10.20.22.2.22.1"/>
                    <code code="46240-8" codeSystem="2.16.840.1.113883.6.1" codeSystemName="LOINC" displayName="History of encounters"/>
                    <title>ENCOUNTERS</title>
                    <text>No Information</text>
                </section>
            </component>
            <component>
                <section>
                    <templateId root="2.16.840.1.113883.10.20.22.2.1.1" extension="2014-06-09"/>
                    <templateId root="2.16.840.1.113883.10.20.22.2.1.1"/>
                    <code code="10160-0" codeSystem="2.16.840.1.113883.6.1" codeSystemName="LOINC" displayName="HISTORY OF MEDICATION USE"/>
                    <title>MEDICATIONS</title>
                    <text>
                        <table width="100" border="1">
                            <thead>
<tr>
    <th>Medication</th>
    <th>Directions</th>
    <th>Start Date</th>
    <th>Status</th>
</tr>
                            </thead>
                            <tbody>
<tr>
    <td>Ceftriaxone 100MG/ML</td>
    <td>Two times daily</td>
    <td>20150622</td>
    <td>Posted</td>
</tr>
<tr>
    <td>Tylenol 500mg</td>
    <td>As needed</td>
    <td>20150622</td>
    <td>Posted</td>
</tr>
<tr>
    <td>Aranesp 0.5 MG/ML</td>
    <td>Once a week</td>
    <td>20150222</td>
    <td>Posted</td>
</tr>
                            </tbody>
                        </table>
                    </text>
                    <entry typeCode="DRIV">
                        <substanceAdministration classCode="SBADM" moodCode="EVN">
                            <templateId root="2.16.840.1.113883.10.20.22.4.16" extension="2014-06-09"/>
                            <templateId root="2.16.840.1.113883.10.20.22.4.16"/>
                            <id root="cdbd33f0-6cde-11db-9fe1-0800200c9a66"/>
                            <statusCode code="active"/>
                            <effectiveTime xsi:type="IVL_TS">
<low value="20150622"/>
<high nullFlavor="UNK"/>
                            </effectiveTime>
                            <effectiveTime xsi:type="PIVL_TS" institutionSpecified="true" operator="A">
<period nullFlavor="UNK"/>
                            </effectiveTime>
                            <repeatNumber value="1"/>
                            <doseQuantity value="1"/>
                            <consumable>
<manufacturedProduct classCode="MANU">
    <templateId root="2.16.840.1.113883.10.20.22.4.23" extension="2014-06-09"/>
    <templateId root="2.16.840.1.113883.10.20.22.4.23"/>
    <id root="2a620155-9d11-439e-92b3-5d9815ff4ee8"/>
    <manufacturedMaterial>
        <code code="309090" codeSystem="2.16.840.1.113883.6.88" codeSystemName="RxNorm" displayName="Ceftriaxone 100MG/ML"/>
    </manufacturedMaterial>
</manufacturedProduct>
                            </consumable>
                            <performer>
<assignedEntity>
    <id root="2.16.840.1.113883.4.6" extension="1316976707"/>
    <addr nullFlavor="UNK"/>
    <telecom use="WP" value="tel:+1(555)555-1002"/>
    <representedOrganization>
        <name>Agastha Medical Center</name>
    </representedOrganization>
</assignedEntity>
                            </performer>
                        </substanceAdministration>
                    </entry>
                    <entry typeCode="DRIV">
                        <substanceAdministration classCode="SBADM" moodCode="EVN">
                            <templateId root="2.16.840.1.113883.10.20.22.4.16" extension="2014-06-09"/>
                            <templateId root="2.16.840.1.113883.10.20.22.4.16"/>
                            <id root="cdbd33f0-6cde-11db-9fe1-0800200c9a66"/>
                            <statusCode code="active"/>
                            <effectiveTime xsi:type="IVL_TS">
<low value="20150622"/>
<high nullFlavor="UNK"/>
                            </effectiveTime>
                            <effectiveTime xsi:type="PIVL_TS" institutionSpecified="true" operator="A">
<period nullFlavor="UNK"/>
                            </effectiveTime>
                            <repeatNumber value="1"/>
                            <doseQuantity value="1"/>
                            <consumable>
<manufacturedProduct classCode="MANU">
    <templateId root="2.16.840.1.113883.10.20.22.4.23" extension="2014-06-09"/>
    <templateId root="2.16.840.1.113883.10.20.22.4.23"/>
    <id root="2a620155-9d11-439e-92b3-5d9815ff4ee8"/>
    <manufacturedMaterial>
        <code code="209459" codeSystem="2.16.840.1.113883.6.88" codeSystemName="RxNorm" displayName="Tylenol 500mg"/>
    </manufacturedMaterial>
</manufacturedProduct>
                            </consumable>
                            <performer>
<assignedEntity>
    <id root="2.16.840.1.113883.4.6" extension="1316976707"/>
    <addr nullFlavor="UNK"/>
    <telecom use="WP" value="tel:+1(555)555-1002"/>
    <representedOrganization>
        <name>Agastha Medical Center</name>
    </representedOrganization>
</assignedEntity>
                            </performer>
                        </substanceAdministration>
                    </entry>
                    <entry typeCode="DRIV">
                        <substanceAdministration classCode="SBADM" moodCode="EVN">
                            <templateId root="2.16.840.1.113883.10.20.22.4.16" extension="2014-06-09"/>
                            <templateId root="2.16.840.1.113883.10.20.22.4.16"/>
                            <id root="cdbd33f0-6cde-11db-9fe1-0800200c9a66"/>
                            <statusCode code="active"/>
                            <effectiveTime xsi:type="IVL_TS">
<low value="20150222"/>
<high nullFlavor="UNK"/>
                            </effectiveTime>
                            <effectiveTime xsi:type="PIVL_TS" institutionSpecified="true" operator="A">
<period value="7" unit="d"/>
                            </effectiveTime>
                            <repeatNumber value="1"/>
                            <doseQuantity value="1"/>
                            <consumable>
<manufacturedProduct classCode="MANU">
    <templateId root="2.16.840.1.113883.10.20.22.4.23" extension="2014-06-09"/>
    <templateId root="2.16.840.1.113883.10.20.22.4.23"/>
    <id root="2a620155-9d11-439e-92b3-5d9815ff4ee8"/>
    <manufacturedMaterial>
        <code code="731241" codeSystem="2.16.840.1.113883.6.88" codeSystemName="RxNorm" displayName="Aranesp 0.5 MG/ML"/>
    </manufacturedMaterial>
</manufacturedProduct>
                            </consumable>
                            <performer>
<assignedEntity>
    <id root="2.16.840.1.113883.4.6" extension="1316976707"/>
    <addr nullFlavor="UNK"/>
    <telecom use="WP" value="tel:+1(555)555-1002"/>
    <representedOrganization>
        <name>Agastha Medical Center</name>
    </representedOrganization>
</assignedEntity>
                            </performer>
                        </substanceAdministration>
                    </entry>
                </section>
            </component>
            <component>
                <section>
                    <templateId root="2.16.840.1.113883.10.20.22.2.5.1" extension="2015-08-01"/>
                    <templateId root="2.16.840.1.113883.10.20.22.2.5.1"/>
                    <code code="11450-4" codeSystem="2.16.840.1.113883.6.1" codeSystemName="LOINC" displayName="PROBLEM LIST"/>
                    <title>PROBLEMS</title>
                    <text>
                        <paragraph>Active Concerns</paragraph>
                        <list>
                            <item>Problem #1<list>
    <item>Fever (onset 22 Jun,2015)</item>
</list>
                            </item>
                            <item>Problem #2<list>
    <item>Chronic rejection of renal transplant (onset 31 Dec,2011)</item>
</list>
                            </item>
                            <item>Problem #3<list>
    <item>Essential hypertension (onset 05 Oct,2011)</item>
</list>
                            </item>
                            <item>Problem #4<list>
    <item>Severe Hypothyroidism (onset 31 Dec,2006)</item>
</list>
                            </item>
                        </list>
                        <paragraph>Resolved Concerns</paragraph>
                        <list>
                            <item>Problem #5<list>
    <item>Overweight (onset 31 Dec,2006)</item>
</list>
                            </item>
                        </list>
                    </text>
                    <entry typeCode="DRIV">
                        <act classCode="ACT" moodCode="EVN">
                            <templateId root="2.16.840.1.113883.10.20.22.4.3" extension="2015-08-01"/>
                            <templateId root="2.16.840.1.113883.10.20.22.4.3"/>
                            <id root="ec8a6ff8-ed4b-4f7e-82c3-e98e58b45de7"/>
                            <code code="CONC" codeSystem="2.16.840.1.113883.5.6" displayName="Concern"/>
                            <statusCode code="active"/>
                            <effectiveTime>
<low value="20150622"/>
                            </effectiveTime>
                            <entryRelationship typeCode="SUBJ">
<observation classCode="OBS" moodCode="EVN">
    <templateId root="2.16.840.1.113883.10.20.22.4.4" extension="2015-08-01"/>
    <templateId root="2.16.840.1.113883.10.20.22.4.4"/>
    <id root="ab1791b0-5c71-11db-b0de-0800200c9a66"/>
    <code code="64572001" codeSystem="2.16.840.1.113883.6.96" codeSystemName="SNOMED-CT">
        <translation nullFlavor="NI"/>
    </code>
    <statusCode code="completed"/>
    <effectiveTime>
        <low value="20150622"/>
        <high value="20150622"/>
    </effectiveTime>
    <value xsi:type="CD" code="386661006" codeSystem="2.16.840.1.113883.6.96" displayName="Fever"/>
</observation>
                            </entryRelationship>
                        </act>
                    </entry>
                    <entry typeCode="DRIV">
                        <act classCode="ACT" moodCode="EVN">
                            <templateId root="2.16.840.1.113883.10.20.22.4.3" extension="2015-08-01"/>
                            <templateId root="2.16.840.1.113883.10.20.22.4.3"/>
                            <id root="ec8a6ff8-ed4b-4f7e-82c3-e98e58b45de7"/>
                            <code code="CONC" codeSystem="2.16.840.1.113883.5.6" displayName="Concern"/>
                            <statusCode code="active"/>
                            <effectiveTime>
<low value="20111231"/>
                            </effectiveTime>
                            <entryRelationship typeCode="SUBJ">
<observation classCode="OBS" moodCode="EVN">
    <templateId root="2.16.840.1.113883.10.20.22.4.4" extension="2015-08-01"/>
    <templateId root="2.16.840.1.113883.10.20.22.4.4"/>
    <id root="ab1791b0-5c71-11db-b0de-0800200c9a66"/>
    <code code="64572001" codeSystem="2.16.840.1.113883.6.96" codeSystemName="SNOMED-CT">
        <translation nullFlavor="NI"/>
    </code>
    <statusCode code="completed"/>
    <effectiveTime>
        <low value="20111231"/>
        <high value="20111231"/>
    </effectiveTime>
    <value xsi:type="CD" code="236578006" codeSystem="2.16.840.1.113883.6.96" displayName="Chronic rejection of renal transplant"/>
</observation>
                            </entryRelationship>
                        </act>
                    </entry>
                    <entry typeCode="DRIV">
                        <act classCode="ACT" moodCode="EVN">
                            <templateId root="2.16.840.1.113883.10.20.22.4.3" extension="2015-08-01"/>
                            <templateId root="2.16.840.1.113883.10.20.22.4.3"/>
                            <id root="ec8a6ff8-ed4b-4f7e-82c3-e98e58b45de7"/>
                            <code code="CONC" codeSystem="2.16.840.1.113883.5.6" displayName="Concern"/>
                            <statusCode code="active"/>
                            <effectiveTime>
<low value="20111005"/>
                            </effectiveTime>
                            <entryRelationship typeCode="SUBJ">
<observation classCode="OBS" moodCode="EVN">
    <templateId root="2.16.840.1.113883.10.20.22.4.4" extension="2015-08-01"/>
    <templateId root="2.16.840.1.113883.10.20.22.4.4"/>
    <id root="ab1791b0-5c71-11db-b0de-0800200c9a66"/>
    <code code="64572001" codeSystem="2.16.840.1.113883.6.96" codeSystemName="SNOMED-CT">
        <translation nullFlavor="NI"/>
    </code>
    <statusCode code="completed"/>
    <effectiveTime>
        <low value="20111005"/>
        <high value="20111005"/>
    </effectiveTime>
    <value xsi:type="CD" code="59621000" codeSystem="2.16.840.1.113883.6.96" displayName="Essential hypertension"/>
</observation>
                            </entryRelationship>
                        </act>
                    </entry>
                    <entry typeCode="DRIV">
                        <act classCode="ACT" moodCode="EVN">
                            <templateId root="2.16.840.1.113883.10.20.22.4.3" extension="2015-08-01"/>
                            <templateId root="2.16.840.1.113883.10.20.22.4.3"/>
                            <id root="ec8a6ff8-ed4b-4f7e-82c3-e98e58b45de7"/>
                            <code code="CONC" codeSystem="2.16.840.1.113883.5.6" displayName="Concern"/>
                            <statusCode code="active"/>
                            <effectiveTime>
<low value="20061231"/>
                            </effectiveTime>
                            <entryRelationship typeCode="SUBJ">
<observation classCode="OBS" moodCode="EVN">
    <templateId root="2.16.840.1.113883.10.20.22.4.4" extension="2015-08-01"/>
    <templateId root="2.16.840.1.113883.10.20.22.4.4"/>
    <id root="ab1791b0-5c71-11db-b0de-0800200c9a66"/>
    <code code="64572001" codeSystem="2.16.840.1.113883.6.96" codeSystemName="SNOMED-CT">
        <translation nullFlavor="NI"/>
    </code>
    <statusCode code="completed"/>
    <effectiveTime>
        <low value="20061231"/>
        <high value="20061231"/>
    </effectiveTime>
    <value xsi:type="CD" code="83986005" codeSystem="2.16.840.1.113883.6.96" displayName="Severe Hypothyroidism"/>
</observation>
                            </entryRelationship>
                        </act>
                    </entry>
                    <entry typeCode="DRIV">
                        <act classCode="ACT" moodCode="EVN">
                            <templateId root="2.16.840.1.113883.10.20.22.4.3" extension="2015-08-01"/>
                            <templateId root="2.16.840.1.113883.10.20.22.4.3"/>
                            <id root="ec8a6ff8-ed4b-4f7e-82c3-e98e58b45de7"/>
                            <code code="CONC" codeSystem="2.16.840.1.113883.5.6" displayName="Concern"/>
                            <statusCode code="completed"/>
                            <effectiveTime>
<low value="20061231"/>
                            </effectiveTime>
                            <entryRelationship typeCode="SUBJ">
<observation classCode="OBS" moodCode="EVN">
    <templateId root="2.16.840.1.113883.10.20.22.4.4" extension="2015-08-01"/>
    <templateId root="2.16.840.1.113883.10.20.22.4.4"/>
    <id root="ab1791b0-5c71-11db-b0de-0800200c9a66"/>
    <code code="64572001" codeSystem="2.16.840.1.113883.6.96" codeSystemName="SNOMED-CT">
        <translation nullFlavor="NI"/>
    </code>
    <statusCode code="completed"/>
    <effectiveTime>
        <low value="20061231"/>
        <high value="20061231"/>
    </effectiveTime>
    <value xsi:type="CD" code="238131007" codeSystem="2.16.840.1.113883.6.96" displayName="Overweight"/>
</observation>
                            </entryRelationship>
                        </act>
                    </entry>
                </section>
            </component>
            <component>
                <section nullFlavor="NI">
                    <templateId root="2.16.840.1.113883.10.20.22.2.17" extension="2015-08-01"/>
                    <templateId root="2.16.840.1.113883.10.20.22.2.17"/>
                    <code code="29762-2" codeSystem="2.16.840.1.113883.6.1" codeSystemName="LOINC" displayName="SOCIAL HISTORY"/>
                    <title>Social History</title>
                    <text>No Information</text>
                </section>
            </component>
            <component>
                <section nullFlavor="NI">
                    <templateId root="2.16.840.1.113883.10.20.22.2.4.1" extension="2015-08-01"/>
                    <templateId root="2.16.840.1.113883.10.20.22.2.4.1"/>
                    <code code="8716-3" codeSystem="2.16.840.1.113883.6.1" codeSystemName="LOINC" displayName="VITAL SIGNS"/>
                    <title>VITAL SIGNS</title>
                    <text>No Information</text>
                </section>
            </component>
            <component>
                <section nullFlavor="NI">
                    <templateId root="2.16.840.1.113883.10.20.22.2.7.1" extension="2014-06-09"/>
                    <templateId root="2.16.840.1.113883.10.20.22.2.7.1"/>
                    <code code="47519-4" codeSystem="2.16.840.1.113883.6.1" codeSystemName="LOINC" displayName="HISTORY OF PROCEDURES"/>
                    <title>PROCEDURES</title>
                    <text>No Procedure information</text>
                    <entry typeCode="DRIV">
                        <procedure classCode="PROC" moodCode="EVN" negationInd="true">
                            <templateId root="2.16.840.1.113883.10.20.22.4.14" extension="2014-06-09"/>
                            <templateId root="2.16.840.1.113883.10.20.22.4.14"/>
                            <id root="d68b7e32-7810-4f5b-9cc2-acd54b0fd85d"/>
                            <code code="71388002" codeSystem="2.16.840.1.113883.6.96" codeSystemName="SNOMED-CT" displayName="Procedure"/>
                            <statusCode code="completed"/>
                            <effectiveTime nullFlavor="NA"/>
                            <participant typeCode="DEV">
<participantRole classCode="MANU">
    <templateId root="2.16.840.1.113883.10.20.22.4.37"/>
    <id root="2.16.840.1.113883.3.3719" nullFlavor="NA"/>
    <playingDevice>
        <code code="40388003" codeSystem="2.16.840.1.113883.6.96" codeSystemName="SNOMED-CT" displayName="Implant"/>
    </playingDevice>
    <scopingEntity>
        <id root="2.16.840.1.113883.3.3719"/>
    </scopingEntity>
</participantRole>
                            </participant>
                        </procedure>
                    </entry>
                </section>
            </component>
            <component>
                <section nullFlavor="NI">
                    <templateId root="2.16.840.1.113883.10.20.22.2.3.1" extension="2015-08-01"/>
                    <templateId root="2.16.840.1.113883.10.20.22.2.3.1"/>
                    <code code="30954-2" codeSystem="2.16.840.1.113883.6.1" codeSystemName="LOINC" displayName="RESULTS"/>
                    <title>RESULTS</title>
                    <text>No Lab results.</text>
                </section>
            </component>
            <component>
                <section nullFlavor="NI">
                    <templateId root="2.16.840.1.113883.10.20.22.2.2.1" extension="2014-06-09"/>
                    <templateId root="2.16.840.1.113883.10.20.22.2.2.1"/>
                    <code code="11369-6" codeSystem="2.16.840.1.113883.6.1" codeSystemName="LOINC" displayName="History of immunizations"/>
                    <title>IMMUNIZATIONS</title>
                    <text>No known immunization history</text>
                    <entry typeCode="DRIV">
                        <substanceAdministration classCode="SBADM" moodCode="EVN" negationInd="true">
                            <templateId root="2.16.840.1.113883.10.20.22.4.52" extension="2015-08-01"/>
                            <templateId root="2.16.840.1.113883.10.20.22.4.52"/>
                            <id root="e6f1ba43-c0ed-4b9b-9f12-f435d8ad8f92"/>
                            <statusCode code="active"/>
                            <effectiveTime xsi:type="IVL_TS" nullFlavor="NA"/>
                            <routeCode nullFlavor="NA"/>
                            <consumable>
<manufacturedProduct classCode="MANU">
    <templateId root="2.16.840.1.113883.10.20.22.4.54" extension="2014-06-09"/>
    <templateId root="2.16.840.1.113883.10.20.22.4.54"/>
    <manufacturedMaterial>
        <code nullFlavor="OTH">
            <originalText>Vaccination</originalText>
            <translation code="71181003" codeSystem="2.16.840.1.113883.6.96" codeSystemName="SNOMED-CT" displayName="vaccine"/>
        </code>
        <lotNumberText nullFlavor="NA"/>
    </manufacturedMaterial>
</manufacturedProduct>
                            </consumable>
                        </substanceAdministration>
                    </entry>
                </section>
            </component>
            <component>
                <section nullFlavor="NI">
                    <templateId root="2.16.840.1.113883.10.20.22.2.14" extension="2014-06-09"/>
                    <templateId root="2.16.840.1.113883.10.20.22.2.14"/>
                    <code code="47420-5" codeSystem="2.16.840.1.113883.6.1" codeSystemName="LOINC" displayName="Functional Status"/>
                    <title>FUNCTIONAL STATUS</title>
                    <text>No Information</text>
                </section>
            </component>
            <component>
                <section nullFlavor="NI">
                    <templateId root="2.16.840.1.113883.10.20.22.2.56" extension="2015-08-01"/>
                    <code code="10190-7" codeSystem="2.16.840.1.113883.6.1" codeSystemName="LOINC" displayName="MENTAL STATUS"/>
                    <title>MENTAL STATUS</title>
                    <text>No Information</text>
                </section>
            </component>
            <component>
                <section nullFlavor="NI">
                    <templateId root="1.3.6.1.4.1.19376.1.5.3.1.3.1" extension="2014-06-09"/>
                    <templateId root="1.3.6.1.4.1.19376.1.5.3.1.3.1"/>
                    <code code="42349-1" codeSystem="2.16.840.1.113883.6.1" codeSystemName="LOINC" displayName="Reason for Referral"/>
                    <title>REASON FOR REFERRAL</title>
                    <text>No Reason For Referral Info</text>
                </section>
            </component>
            <component>
                <section nullFlavor="NI">
                    <templateId root="2.16.840.1.113883.10.20.22.2.58" extension="2015-08-01"/>
                    <code code="75310-3" codeSystem="2.16.840.1.113883.6.1" codeSystemName="LOINC" displayName="Health Concerns Document"/>
                    <title>Health Concerns</title>
                    <text>No Information</text>
                </section>
            </component>
            <component>
                <section nullFlavor="NI">
                    <templateId root="2.16.840.1.113883.10.20.22.2.60"/>
                    <code code="61146-7" codeSystem="2.16.840.1.113883.6.1" codeSystemName="LOINC" displayName="Goals"/>
                    <title>Goals Section</title>
                    <text>No Information</text>
                </section>
            </component>
            <component>
                <section nullFlavor="NI">
                    <templateId root="2.16.840.1.113883.10.20.22.2.8"/>
                    <code code="51848-0" codeSystem="2.16.840.1.113883.6.1" codeSystemName="LOINC" displayName="ASSESSMENTS"/>
                    <title>ASSESSMENTS</title>
                    <text>No Information</text>
                </section>
            </component>
            <component>
                <section nullFlavor="NI">
                    <templateId root="2.16.840.1.113883.10.20.22.2.10" extension="2014-06-09"/>
                    <templateId root="2.16.840.1.113883.10.20.22.2.10"/>
                    <code code="18776-5" codeSystem="2.16.840.1.113883.6.1" codeSystemName="LOINC" displayName="Treatment plan"/>
                    <title>TREATMENT PLAN</title>
                    <text>No Information</text>
                </section>
            </component>
        </structuredBody>
    </component>
</ClinicalDocument>
