<?xml version="1.0" encoding="utf-8" standalone="yes"?><?xml-stylesheet type="text/xsl" href="CDA.xsl"?>
<ClinicalDocument xmlns="urn:hl7-org:v3" xmlns:xsi="http://www.w3.org/2001/XMLSchema-instance" xmlns:voc="urn:hl7-org:v3/voc" xmlns:sdtc="urn:hl7-org:sdtc">
  <realmCode code="US" />
  <typeId extension="POCD_HD000040" root="2.16.840.1.113883.1.3" />
  <templateId root="2.16.840.1.113883.10.20.22.1.1" extension="2015-08-01" />
  <templateId root="2.16.840.1.113883.10.20.22.1.1" />
  <templateId root="2.16.840.1.113883.10.20.22.1.2" extension="2015-08-01" />
  <templateId root="2.16.840.1.113883.10.20.22.1.2" />
  <id extension="TT101" root="2.16.840.1.113883.19.5.99999.1" />
  <code code="34133-9" displayName="Summarization of Episode Note" codeSystem="2.16.840.1.113883.6.1" codeSystemName="LOINC" />
  <title>Patient Health Record</title>
  <effectiveTime value="20171023044412-0400" />
  <confidentialityCode code="N" displayName="normal" codeSystem="2.16.840.1.113883.5.25" codeSystemName="Confidentiality" />
  <languageCode code="en-US" />
  <setId extension="sTT101" root="2.16.840.1.113883.19.5.99999.19" />
  <versionNumber value="1" />
  <recordTarget>
    <patientRole>
      <id extension="3369" root="2.16.840.1.113883.4.6" />
      <addr use="HP">
        <streetAddressLine>1357 Amber Dr.</streetAddressLine>
        <city>Beaverton</city>
        <state>OR</state>
        <postalCode>97006</postalCode>
        <country>US</country>
      </addr>
      <telecom value="5557231544" use="HP" />
      <telecom value="5557771234" use="MC" />
      <patient>
        <name use="L">
          <given>Jeremy</given>
          <given>V</given>
          <family>Bates</family>
          <suffix>Jr.</suffix>
        </name>
        <administrativeGenderCode code="M" codeSystem="2.16.840.1.113883.5.1" displayName="Male" />
        <birthTime value="19800801" />
        <raceCode nullFlavor="UNK" />
        <sdtc:raceCode nullFlavor="UNK" />
        <ethnicGroupCode nullFlavor="UNK" />
        <languageCommunication>
          <languageCode code="en" />
          <modeCode code="ESP" codeSystem="2.16.840.1.113883.5.60" displayName="Expressed spoken" codeSystemName="LanguageAbilityMode" />
          <preferenceInd value="true" />
        </languageCommunication>
      </patient>
      <providerOrganization>
        <id root="b1b111bd-5114-4e30-8d99-f0afbb6ff7d4" />
        <name>Ifa Test Clinic</name>
        <telecom value="3523729414" use="WP" />
        <addr>
          <streetAddressLine>4340 W Newberry Rd </streetAddressLine>
          <streetAddressLine>suite 301</streetAddressLine>
          <city>Gainesville</city>
          <state>FL</state>
          <country>USA</country>
        </addr>
      </providerOrganization>
    </patientRole>
  </recordTarget>
  <author>
    <time value="20171023" />
    <assignedAuthor>
      <id extension="87AAFF56-C9D2-42BB-9387-870DFBE925DE" root="2.16.840.1.113883.4.6" />
      <addr>
        <streetAddressLine>2472 Rocky place</streetAddressLine>
        <city>Beaverton</city>
        <state>OR</state>
        <postalCode>97006</postalCode>
        <country>USA</country>
      </addr>
      <telecom value="555-555-1002" use="WP" />
      <assignedAuthoringDevice>
        <manufacturerModelName>Sophrona SageBridge</manufacturerModelName>
        <softwareName>CcdProducer</softwareName>
      </assignedAuthoringDevice>
      <representedOrganization>
        <id root="2.16.840.1.113883.19.5" />
        <name>Neighborhood Physicians Practice</name>
      </representedOrganization>
    </assignedAuthor>
  </author>
  <custodian>
    <assignedCustodian>
      <representedCustodianOrganization>
        <id extension="0613B537-A62B-44E5-B1D9-DF9AB8BC5961" root="2.16.840.1.113883.4.6" />
        <name>Neighborhood Physicians Practice</name>
        <telecom value="555-555-1002" use="WP" />
        <addr>
          <streetAddressLine>2472 Rocky place</streetAddressLine>
          <city>Beaverton</city>
          <state>OR</state>
          <postalCode>97006</postalCode>
          <country>USA</country>
        </addr>
      </representedCustodianOrganization>
    </assignedCustodian>
  </custodian>
  <documentationOf>
    <serviceEvent classCode="PCPR">
      <code code="102513008" codeSystem="2.16.840.1.113883.6.96" codeSystemName="SNOMED CT" displayName="Healthy male adult" />
      <effectiveTime>
        <low value="20150722" />
        <high value="20150722" />
      </effectiveTime>
      <performer typeCode="PRF">
        <functionCode code="PCP" codeSystem="2.16.840.1.113883.5.88" codeSystemName="ParticipationFunction" displayName="Care Team Provider">
          <originalText>
            <reference value="Care Team Provider" />
          </originalText>
        </functionCode>
        <assignedEntity>
          <id extension="87AAFF56-C9D2-42BB-9387-870DFBE925DE" root="2.16.840.1.113883.4.6" />
          <code code="281P00000X" codeSystem="2.16.840.1.113883.6.101" displayName="Neighborhood Physicians Practice" />
          <addr>
            <streetAddressLine>2472 Rocky place</streetAddressLine>
            <city>Beaverton</city>
            <state>OR</state>
            <postalCode>97006</postalCode>
            <country>USA</country>
          </addr>
          <telecom value="555-555-1002" use="WP" />
          <assignedPerson>
            <name>
              <prefix qualifier="TITLE">Dr</prefix>
              <given>Albert</given>
              <family>Davis</family>
            </name>
          </assignedPerson>
          <representedOrganization>
            <id extension="0613B537-A62B-44E5-B1D9-DF9AB8BC5961" root="2.16.840.1.113883.4.6" />
            <name>Neighborhood Physicians Practice</name>
            <telecom value="555-555-1002" use="WP" />
            <addr>
              <streetAddressLine>2472 Rocky place</streetAddressLine>
              <city>Beaverton</city>
              <state>OR</state>
              <postalCode>97006</postalCode>
              <country>USA</country>
            </addr>
          </representedOrganization>
        </assignedEntity>
      </performer>
      <performer typeCode="PRF">
        <functionCode code="PCP" codeSystem="2.16.840.1.113883.5.88" codeSystemName="ParticipationFunction" displayName="Care Team Provider">
          <originalText>
            <reference value="Care Team Provider" />
          </originalText>
        </functionCode>
        <assignedEntity>
          <id extension="0F5403BE-6068-491D-BCCB-6E7B25B2206D" root="2.16.840.1.113883.4.6" />
          <code code="281P00000X" codeSystem="2.16.840.1.113883.6.101" displayName="Neighborhood Physicians Practice" />
          <addr>
            <streetAddressLine>2472 Rocky place</streetAddressLine>
            <city>Beaverton</city>
            <state>OR</state>
            <postalCode>97006</postalCode>
            <country>USA</country>
          </addr>
          <telecom value="555-555-1002" use="WP" />
          <assignedPerson>
            <name>
              <given>Tracy</given>
              <family>Davis</family>
            </name>
          </assignedPerson>
          <representedOrganization>
            <id extension="0613B537-A62B-44E5-B1D9-DF9AB8BC5961" root="2.16.840.1.113883.4.6" />
            <name>Neighborhood Physicians Practice</name>
            <telecom value="555-555-1002" use="WP" />
            <addr>
              <streetAddressLine>2472 Rocky place</streetAddressLine>
              <city>Beaverton</city>
              <state>OR</state>
              <postalCode>97006</postalCode>
              <country>USA</country>
            </addr>
          </representedOrganization>
        </assignedEntity>
      </performer>
    </serviceEvent>
  </documentationOf>
  <componentOf>
    <encompassingEncounter>
      <id extension="29710281-087E-44AB-8797-FA4193157BBB" root="2.16.840.1.113883.4.6" />
      <code code="102513008" codeSystem="2.16.840.1.113883.6.96" codeSystemName="SNOMED CT" displayName="Healthy male adult" />
      <effectiveTime>
        <low value="201507221200-0400" />
        <high value="201507221200-0400" />
      </effectiveTime>
    </encompassingEncounter>
  </componentOf>
  <component>
    <structuredBody>
      <component>
        <section>
          <templateId root="2.16.840.1.113883.10.20.22.2.6.1" extension="2015-08-01" />
          <templateId root="2.16.840.1.113883.10.20.22.2.6.1" />
          <code code="48765-2" codeSystem="2.16.840.1.113883.6.1" codeSystemName="LOINC" />
          <title>ALLERGIES, ADVERSE REACTIONS, ALERTS</title>
          <text> No Known Allergies</text>
          <entry typeCode="DRIV">
            <act classCode="ACT" moodCode="EVN">
              <templateId root="2.16.840.1.113883.10.20.22.4.30" extension="2015-08-01" />
              <templateId root="2.16.840.1.113883.10.20.22.4.30" />
              <id root="e34e593d-fa8c-4adb-9060-20e4468096e3" />
              <code code="CONC" codeSystem="2.16.840.1.113883.5.6" />
              <statusCode code="active" />
              <effectiveTime>
                <low nullFlavor="NA" />
              </effectiveTime>
              <entryRelationship typeCode="SUBJ">
                <observation classCode="OBS" moodCode="EVN">
                  <templateId root="2.16.840.1.113883.10.20.22.4.7" extension="2014-06-09" />
                  <templateId root="2.16.840.1.113883.10.20.22.4.7" />
                  <id root="f8c8f2e5-a918-4969-901a-4d4282633cb1" />
                  <code code="ASSERTION" codeSystem="2.16.840.1.113883.5.4" />
                  <statusCode code="completed" />
                  <effectiveTime nullFlavor="NA" />
                  <value xsi:type="CD" code="419199007" codeSystem="2.16.840.1.113883.6.96" codeSystemName="SNOMED-CT" displayName="Allergy to substance (disorder)"> </value>
                  <participant typeCode="CSM">
                    <participantRole classCode="MANU">
                      <playingEntity classCode="MMAT">
                        <code nullFlavor="NA" />
                      </playingEntity>
                    </participantRole>
                  </participant>
                </observation>
              </entryRelationship>
            </act>
          </entry>
        </section>
      </component>
      <component>
        <section nullFlavor="NI">
          <templateId root="2.16.840.1.113883.10.20.22.2.1.1" extension="2014-06-09" />
          <templateId root="2.16.840.1.113883.10.20.22.2.1.1" />
          <code code="10160-0" codeSystem="2.16.840.1.113883.6.1" codeSystemName="LOINC" displayName="HISTORY OF MEDICATION USE" />
          <title>MEDICATIONS</title>
          <text>No Information</text>
        </section>
      </component>
      <component>
        <section>
          <templateId root="2.16.840.1.113883.10.20.22.2.5.1" extension="2015-08-01" />
          <templateId root="2.16.840.1.113883.10.20.22.2.5.1" />
          <code code="11450-4" codeSystem="2.16.840.1.113883.6.1" codeSystemName="LOINC" displayName="PROBLEM LIST" />
          <title>PROBLEMS</title>
          <text>
            <content ID="problems" />
            <list listType="ordered">
              <item>
                <content ID="problem1">Problem</content>
              </item>
              <item>
                <content ID="problem2">Healthy male adult</content>
              </item>
            </list>
          </text>
          <entry typeCode="DRIV">
            <act classCode="ACT" moodCode="EVN">
              <templateId root="2.16.840.1.113883.10.20.22.4.3" extension="2015-08-01" />
              <templateId root="2.16.840.1.113883.10.20.22.4.3" />
              <id root="1B71BF18-B0C6-40F5-B46B-A8ADEC3F3F9A" />
              <code code="CONC" codeSystem="2.16.840.1.113883.5.6" displayName="Concern" />
              <statusCode code="completed" />
              <effectiveTime>
                <low value="20171018" />
                <high value="20171018" />
              </effectiveTime>
              <entryRelationship typeCode="SUBJ">
                <observation classCode="OBS" moodCode="EVN">
                  <templateId root="2.16.840.1.113883.10.20.22.4.4" extension="2015-08-01" />
                  <templateId root="2.16.840.1.113883.10.20.22.4.4" />
                  <id root="1B71BF18-B0C6-40F5-B46B-A8ADEC3F3F9A" />
                  <code code="64572001" codeSystem="2.16.840.1.113883.6.96" displayName="Condition">
                    <translation code="75323-6" codeSystem="2.16.840.1.113883.6.1" codeSystemName="LOINC" displayName="Condition" />
                  </code>
                  <statusCode code="completed" />
                  <effectiveTime>
                    <low value="20171018" />
                  </effectiveTime>
                  <value xsi:type="CD" code="55607006" codeSystem="2.16.840.1.113883.6.96" displayName="Problem" />
                </observation>
              </entryRelationship>
            </act>
          </entry>
          <entry typeCode="DRIV">
            <act classCode="ACT" moodCode="EVN">
              <templateId root="2.16.840.1.113883.10.20.22.4.3" extension="2015-08-01" />
              <templateId root="2.16.840.1.113883.10.20.22.4.3" />
              <id root="E549B70E-8002-44B2-A23D-451AD4A37981" />
              <code code="CONC" codeSystem="2.16.840.1.113883.5.6" displayName="Concern" />
              <statusCode code="active" />
              <effectiveTime>
                <low value="20150722" />
              </effectiveTime>
              <entryRelationship typeCode="SUBJ">
                <observation classCode="OBS" moodCode="EVN">
                  <templateId root="2.16.840.1.113883.10.20.22.4.4" extension="2015-08-01" />
                  <templateId root="2.16.840.1.113883.10.20.22.4.4" />
                  <id root="E549B70E-8002-44B2-A23D-451AD4A37981" />
                  <code code="64572001" codeSystem="2.16.840.1.113883.6.96" displayName="Condition">
                    <translation code="75323-6" codeSystem="2.16.840.1.113883.6.1" codeSystemName="LOINC" displayName="Condition" />
                  </code>
                  <statusCode code="completed" />
                  <effectiveTime>
                    <low value="20150722" />
                  </effectiveTime>
                  <value xsi:type="CD" code="102513008" codeSystem="2.16.840.1.113883.6.96" displayName="Healthy male adult" />
                </observation>
              </entryRelationship>
            </act>
          </entry>
        </section>
      </component>
      <component>
        <section>
          <templateId root="2.16.840.1.113883.10.20.22.2.22.1" />
          <code code="46240-8" codeSystem="2.16.840.1.113883.6.1" codeSystemName="LOINC" displayName="History of encounters" />
          <title>ENCOUNTERS</title>
          <text>
            <table border="1" width="100%">
              <thead>
                <tr>
                  <th>Encounter</th>
                  <th>Performer</th>
                  <th>Location</th>
                  <th>Date</th>
                </tr>
              </thead>
              <tbody>
                <tr>
                  <td>
                    <content ID="Encounter1">Healthy male adult</content>
                  </td>
                  <td>Dr Albert Davis, MD</td>
                  <td>Neighborhood Physicians Practice</td>
                  <td>July 22, 2015</td>
                </tr>
              </tbody>
            </table>
          </text>
          <entry typeCode="DRIV">
            <encounter classCode="ENC" moodCode="EVN">
              <templateId root="2.16.840.1.113883.10.20.22.4.49" extension="2015-08-01" />
              <templateId root="2.16.840.1.113883.10.20.22.4.49" />
              <id root="29710281-087E-44AB-8797-FA4193157BBB" />
              <code code="CPT" codeSystem="2.16.840.1.113883.6.12" codeSystemVersion="4" displayName="Outpatient Visit">
                <originalText>
                  <reference value="#Encounter1" />Outpatient Visit</originalText>
              </code>
              <effectiveTime value="20150722" />
              <performer>
                <assignedEntity>
                  <id root="0613B537-A62B-44E5-B1D9-DF9AB8BC5961" />
                  <code code="59058001" codeSystem="2.16.840.1.113883.6.96" codeSystemName="SNOMED CT" displayName="General Physician" />
                </assignedEntity>
              </performer>
              <participant typeCode="LOC">
                <participantRole classCode="SDLOC">
                  <templateId root="2.16.840.1.113883.10.20.22.4.32" />
                  <code code="1117-1" codeSystem="2.16.840.1.113883.6.259" codeSystemName="HealthcareServiceLocation" displayName="Neighborhood Physicians Practice" />
                  <addr>
                    <streetAddressLine>2472 Rocky place</streetAddressLine>
                    <city>Beaverton</city>
                    <state>OR</state>
                    <postalCode>97006</postalCode>
                    <country>USA</country>
                  </addr>
                  <playingEntity classCode="PLC">
                    <name>Neighborhood Physicians Practice</name>
                  </playingEntity>
                </participantRole>
              </participant>
              <entryRelationship typeCode="SUBJ" inversionInd="false">
                <act classCode="ACT" moodCode="EVN">
                  <templateId root="2.16.840.1.113883.10.20.22.4.80" />
                  <id root="29710281-087E-44AB-8797-FA4193157BBB" />
                  <code xsi:type="CE" code="29308-4" codeSystem="2.16.840.1.113883.6.1" codeSystemName="LOINC" displayName="ENCOUNTER DIAGNOSIS" />
                  <statusCode code="active" />
                  <effectiveTime>
                    <low value="20171018" />
                  </effectiveTime>
                  <entryRelationship typeCode="SUBJ" inversionInd="false">
                    <observation classCode="OBS" moodCode="EVN">
                      <templateId root="2.16.840.1.113883.10.20.22.4.4" extension="2015-08-01" />
                      <templateId root="2.16.840.1.113883.10.20.22.4.4" />
                      <id root="29710281-087E-44AB-8797-FA4193157BBB" />
                      <code code="404684003" codeSystem="2.16.840.1.113883.6.96" displayName="Finding">
                        <translation code="75321-0" codeSystem="2.16.840.1.113883.6.1" codeSystemName="LOINC" displayName="Clinical finding" />
                      </code>
                      <statusCode code="completed" />
                      <effectiveTime>
                        <low value="20171018" />
                      </effectiveTime>
                      <value xsi:type="CD" code="102513008" codeSystem="2.16.840.1.113883.6.96" displayName="Healthy male adult" />
                    </observation>
                  </entryRelationship>
                </act>
              </entryRelationship>
            </encounter>
          </entry>
        </section>
      </component>
      <component>
        <section nullFlavor="NI">
          <templateId root="2.16.840.1.113883.10.20.22.2.2.1" />
          <code code="11369-6" codeSystem="2.16.840.1.113883.6.1" codeSystemName="LOINC" displayName="History of immunizations" />
          <title>IMMUNIZATIONS</title>
          <text>No Information</text>
        </section>
      </component>
      <component>
        <section>
          <templateId root="2.16.840.1.113883.10.20.22.2.10" />
          <code code="18776-5" codeSystem="2.16.840.1.113883.6.1" codeSystemName="LOINC" displayName="Treatment plan" />
          <title>CARE PLAN</title>
          <text>
            <table border="1" width="100%">
              <thead>
                <tr>
                  <th>Planned Activity</th>
                  <th>PlannedDate</th>
                </tr>
              </thead>
              <tbody>
                <tr>
                  <td>
                    <content ID="immun163">Schedule a visit for next year.</content>
                  </td>
                  <td>20181012</td>
                </tr>
              </tbody>
            </table>
          </text>
          <entry typeCode="DRIV">
            <act classCode="ACT" moodCode="INT">
              <templateId root="2.16.840.1.113883.10.20.22.4.20" />
              <code xsi:type="CE" code="409073007" codeSystem="2.16.840.1.113883.6.96" displayName="instruction" />
              <statusCode code="completed" />
            </act>
          </entry>
        </section>
      </component>
      <component>
        <section nullFlavor="NI">
          <templateId root="2.16.840.1.113883.10.20.22.2.60" />
          <code code="61146-7" codeSystem="2.16.840.1.113883.6.1" codeSystemName="LOINC" displayName="Goals" />
          <title>Goals Section</title>
          <text>No Information</text>
        </section>
      </component>
      <component>
        <section nullFlavor="NI">
          <templateId root="2.16.840.1.113883.10.20.22.2.58" extension="2015-08-01" />
          <code code="75310-3" codeSystem="2.16.840.1.113883.6.1" codeSystemName="LOINC" displayName="Health Concerns Document" />
          <title>Health Concerns Section</title>
          <text>No Information</text>
        </section>
      </component>
      <component>
        <section nullFlavor="NI">
          <templateId root="2.16.840.1.113883.10.20.22.2.7.1" extension="2014-06-09" />
          <templateId root="2.16.840.1.113883.10.20.22.2.7.1" />
          <code code="47519-4" codeSystem="2.16.840.1.113883.6.1" codeSystemName="LOINC" displayName="HISTORY OF PROCEDURES" />
          <title>HISTORY OF PROCEDURES</title>
          <text>No Information</text>
        </section>
      </component>
      <component>
        <section nullFlavor="NI">
          <templateId root="2.16.840.1.113883.10.20.22.2.3.1" extension="2015-08-01" />
          <templateId root="2.16.840.1.113883.10.20.22.2.3.1" />
          <code code="30954-2" codeSystem="2.16.840.1.113883.6.1" codeSystemName="LOINC" displayName="RESULTS" />
          <title>RESULTS</title>
          <text>No Information</text>
        </section>
      </component>
      <component>
        <section>
          <templateId root="2.16.840.1.113883.10.20.22.2.17" extension="2015-08-01" />
          <templateId root="2.16.840.1.113883.10.20.22.2.17" />
          <code code="29762-2" codeSystem="2.16.840.1.113883.6.1" codeSystemName="LOINC" displayName="Social History" />
          <title>SOCIAL HISTORY</title>
          <text>
            <table border="1" width="100%">
              <thead>
                <tr>
                  <th>Social History Observation</th>
                  <th>Description</th>
                  <th>Dates Observed</th>
                </tr>
              </thead>
              <tbody>
                <tr>
                  <td>Smoking status</td>
                  <td>Smokes tobacco daily (finding)</td>
                  <td>July 22, 2015</td>
                </tr>
                <tr>
                  <td ID="BirthSexInfo">Birth Sex</td>
                  <td>M</td>
                  <td>August 01, 1980</td>
                </tr>
              </tbody>
            </table>
          </text>
          <entry typeCode="DRIV">
            <observation classCode="OBS" moodCode="EVN">
              <templateId root="2.16.840.1.113883.10.20.22.4.78" extension="2014-06-09" />
              <templateId root="2.16.840.1.113883.10.20.22.4.78" />
              <id extension="336920171012013344" root="2.16.840.1.113883.19" />
              <code code="72166-2" codeSystem="2.16.840.1.113883.6.1" codeSystemName="LOINC" displayName="Tobacco smoking status NHIS" />
              <statusCode code="completed" />
              <effectiveTime value="20171023" />
              <value xsi:type="CD" code="449868002" codeSystem="2.16.840.1.113883.6.96" displayName="Current every day smoker" />
            </observation>
          </entry>
          <entry typeCode="DRIV">
            <observation classCode="OBS" moodCode="EVN">
              <templateId root="2.16.840.1.113883.10.20.22.4.200" extension="2016-06-01" />
              <code code="76689-9" codeSystem="2.16.840.1.113883.6.1" codeSystemName="LOINC" displayName="Sex Assigned At Birth" />
              <text>
                <reference value="#BirthSexInfo" />
              </text>
              <statusCode code="completed" />
              <value xsi:type="CD" code="M" codeSystem="2.16.840.1.113883.5.1" displayName="M" />
            </observation>
          </entry>
        </section>
      </component>
      <component>
        <section nullFlavor="NI">
          <templateId root="2.16.840.1.113883.10.20.22.2.23" extension="2014-06-09" />
          <templateId root="2.16.840.1.113883.10.20.22.2.23" />
          <code code="46264-8" codeSystem="2.16.840.1.113883.6.1" codeSystemName="LOINC" displayName="Medical Equipment" />
          <title>Implants</title>
          <text>No Information</text>
        </section>
      </component>
      <component>
        <section>
          <templateId root="2.16.840.1.113883.10.20.22.2.8" />
          <code code="51848-0" codeSystem="2.16.840.1.113883.6.1" codeSystemName="LOINC" displayName="ASSESSMENTS" />
          <title>ASSESSMENTS</title>
          <text>The patient was found to be healthy and advised to follow his current routine of exercise, work, sleep and quality of life.</text>
        </section>
      </component>
      <component>
        <section>
          <templateId root="2.16.840.1.113883.10.20.22.2.4.1" extension="2015-08-01" />
          <templateId root="2.16.840.1.113883.10.20.22.2.4.1" />
          <code code="8716-3" codeSystem="2.16.840.1.113883.6.1" codeSystemName="LOINC" displayName="VITAL SIGNS" />
          <title>VITAL SIGNS</title>
          <text>
            <table border="1" width="100%">
              <thead>
                <tr>
                  <th>Vital</th>
                  <th>Value</th>
                  <th>Date</th>
                </tr>
              </thead>
              <tbody>
                <tr>
                  <td align="left">Blood Presure Systolic</td>
                  <td ID="vit1001">145 mm[Hg]</td>
                  <td>10/12/2017 1:33:45 PM</td>
                </tr>
                <tr>
                  <td align="left">Blood Pressure Diastolic</td>
                  <td ID="vit1002">88 mm[Hg]</td>
                  <td>10/12/2017 1:33:45 PM</td>
                </tr>
                <tr>
                  <td align="left">Weight</td>
                  <td ID="vit1003">88 kg</td>
                  <td>10/12/2017 1:33:45 PM</td>
                </tr>
                <tr>
                  <td align="left">Height</td>
                  <td ID="vit1004">177 cm</td>
                  <td>10/12/2017 1:33:45 PM</td>
                </tr>
              </tbody>
            </table>
          </text>
          <entry typeCode="DRIV">
            <organizer classCode="CLUSTER" moodCode="EVN">
              <templateId root="2.16.840.1.113883.10.20.22.4.26" extension="2015-08-01" />
              <templateId root="2.16.840.1.113883.10.20.22.4.26" />
              <id root="8620c14f-b3a5-41e8-823d-18edf53d4e42" />
              <code code="46680005" codeSystem="2.16.840.1.113883.6.96" codeSystemName="SNOMED -CT" displayName="Vital signs">
                <translation code="74728-7" codeSystem="2.16.840.1.113883.6.1" codeSystemName="LOINC" displayName="Vital signs" />
              </code>
              <statusCode code="completed" />
              <effectiveTime value="20171012" />
              <component>
                <observation classCode="OBS" moodCode="EVN">
                  <templateId root="2.16.840.1.113883.10.20.22.4.27" extension="2014-06-09" />
                  <templateId root="2.16.840.1.113883.10.20.22.4.27" />
                  <id root="29710281-087E-44AB-8797-FA4193157BBB" />
                  <code code="8480-6" codeSystem="2.16.840.1.113883.6.1" codeSystemName="LOINC" displayName="Blood Presure Systolic" />
                  <text>
                    <reference value="#vit1001" />
                  </text>
                  <statusCode code="completed" />
                  <effectiveTime value="20171012" />
                  <value xsi:type="PQ" value="145" unit="mm[Hg]" />
                  <interpretationCode code="N" codeSystem="2.16.840.1.113883.5.83" />
                </observation>
              </component>
              <component>
                <observation classCode="OBS" moodCode="EVN">
                  <templateId root="2.16.840.1.113883.10.20.22.4.27" extension="2014-06-09" />
                  <templateId root="2.16.840.1.113883.10.20.22.4.27" />
                  <id root="29710281-087E-44AB-8797-FA4193157BBB" />
                  <code code="8462-4" codeSystem="2.16.840.1.113883.6.1" codeSystemName="LOINC" displayName="Blood Pressure Diastolic" />
                  <text>
                    <reference value="#vit1002" />
                  </text>
                  <statusCode code="completed" />
                  <effectiveTime value="20171012" />
                  <value xsi:type="PQ" value="88" unit="mm[Hg]" />
                  <interpretationCode code="N" codeSystem="2.16.840.1.113883.5.83" />
                </observation>
              </component>
              <component>
                <observation classCode="OBS" moodCode="EVN">
                  <templateId root="2.16.840.1.113883.10.20.22.4.27" extension="2014-06-09" />
                  <templateId root="2.16.840.1.113883.10.20.22.4.27" />
                  <id root="29710281-087E-44AB-8797-FA4193157BBB" />
                  <code code="29463-7" codeSystem="2.16.840.1.113883.6.1" codeSystemName="LOINC" displayName="Weight" />
                  <text>
                    <reference value="#vit1003" />
                  </text>
                  <statusCode code="completed" />
                  <effectiveTime value="20171012" />
                  <value xsi:type="PQ" value="88" unit="kg" />
                  <interpretationCode code="N" codeSystem="2.16.840.1.113883.5.83" />
                </observation>
              </component>
              <component>
                <observation classCode="OBS" moodCode="EVN">
                  <templateId root="2.16.840.1.113883.10.20.22.4.27" extension="2014-06-09" />
                  <templateId root="2.16.840.1.113883.10.20.22.4.27" />
                  <id root="29710281-087E-44AB-8797-FA4193157BBB" />
                  <code code="8302-2" codeSystem="2.16.840.1.113883.6.1" codeSystemName="LOINC" displayName="Height" />
                  <text>
                    <reference value="#vit1004" />
                  </text>
                  <statusCode code="completed" />
                  <effectiveTime value="20171012" />
                  <value xsi:type="PQ" value="177" unit="cm" />
                  <interpretationCode code="N" codeSystem="2.16.840.1.113883.5.83" />
                </observation>
              </component>
            </organizer>
          </entry>
        </section>
      </component>
    </structuredBody>
  </component>
</ClinicalDocument>