<?xml version="1.0" encoding="UTF-8"?><?xml-stylesheet type='text/xsl' href='CDA.xsl'?><ClinicalDocument xmlns:xsi="http://www.w3.org/2001/XMLSchema-instance" xmlns="urn:hl7-org:v3" xmlns:voc="urn:hl7-org:v3/voc" xmlns:sdtc="urn:hl7-org:sdtc">
<realmCode code="US"/>
<typeId root="2.16.840.1.113883.1.3" extension="POCD_HD000040"/>
<!--US Realm Header ID-->
<templateId root="2.16.840.1.113883.10.20.22.1.1" extension="2015-08-01"/>
<templateId root="2.16.840.1.113883.10.20.22.1.1"/>
<!--Document template ID-->
<templateId root="2.16.840.1.113883.10.20.22.1.2" extension="2015-08-01"/>
<templateId root="2.16.840.1.113883.10.20.22.1.2"/>
<!--GUID that isn't a guid, just our noteid.-->
<id extension="12" root="a30093aa-2dba-4645-aa3f-a57841115148"/>
<code code="34133-9" displayName="Summarization of Episode Note" codeSystem="2.16.840.1.113883.6.1" codeSystemName="LOINC"/>
<title>Summarization of Episode Note for Turner, Susan Susy created on 2017-08-10</title>
<effectiveTime value="20170810135403-0500"/>
<confidentialityCode code="N" displayName="normal" codeSystem="2.16.840.1.113883.5.25" codeSystemName="Confidentiality"/>
<languageCode code="en-US"/>
<recordTarget>
<patientRole>
<id root="2.16.840.1.113883.4.1" extension="UNK"/>
<addr use="HP">
<!--HP is from code system 2.16.840.1.113883.5.1119 : Primary home address-->
<streetAddressLine>1011 Amber Dr</streetAddressLine>
<city>Beaverton</city>
<state>TX</state>
<postalCode>97006</postalCode>
</addr>
<telecom value="tel: tel:+1(555)-335-1234tel:+1(555)-336-1544" use="HP"/>
<telecom nullFlavor="UNK" use="MC"/>
<patient>
<name>
<given qualifier="BR">Susan</given>
<given>Susy</given>
<family>Turner</family>
</name>
<administrativeGenderCode code="F" displayName="Female" codeSystem="2.16.840.1.113883.5.1"/>
<birthTime value="19700801"/>
<raceCode code="2106-3" displayName="White" codeSystem="2.16.840.1.113883.6.238"/>
<sdtc:raceCode code="2106-3" displayName="White" codeSystem="2.16.840.1.113883.6.238"/>
<sdtc:raceCode code="2108-9" displayName="European" codeSystem="2.16.840.1.113883.6.238"/>
<ethnicGroupCode code="2186-5" displayName="Not Hispanic or Latino" codeSystem="2.16.840.1.113883.6.238"/>
<sdtc:ethnicGroupCode code="2186-5" displayName="Not Hispanic or Latino" codeSystem="2.16.840.1.113883.6.238"/>
<languageCommunication>
<languageCode code="en"/>
</languageCommunication>
</patient>
<providerOrganization>
<id extension="unknown" root="2.16.840.1.113883.4.6"/>
<name>Neighborhood Physicians Practice</name>
<telecom value="tel: 555-555-1002" use="WP"/>
<addr>
<streetAddressLine>2472 Rocky place</streetAddressLine>
<city>Beaverton</city>
<state>OR</state>
<postalCode>97006</postalCode>
</addr>
</providerOrganization>
</patientRole>
</recordTarget>
<author>
<time value="20170810"/>
<assignedAuthor>
<id nullFlavor="UNK" root="2.16.840.1.113883.5.1008"/>
<addr>
<streetAddressLine>Unknown</streetAddressLine>
<city>Unknown</city>
<state>TX</state>
<postalCode>78701</postalCode>
</addr>
<telecom value="tel: 555-1212" use="WP"/>
<assignedPerson>
<name>
<given>Mike</given>
<family>Burns</family>
</name>
</assignedPerson>
<representedOrganization>
<id root="authorsOrganizationRoot" extension="authorsOrganizationExt"/>
<name/>
</representedOrganization>
</assignedAuthor>
</author>
<custodian>
<assignedCustodian>
<representedCustodianOrganization>
<id extension="unknown" root="2.16.840.1.113883.4.6"/>
<name>Neighborhood Physicians Practice</name>
<telecom value="tel: 555-555-1002" use="WP"/>
<addr>
<streetAddressLine>2472 Rocky place</streetAddressLine>
<city>Beaverton</city>
<state>OR</state>
<postalCode>97006</postalCode>
</addr>
</representedCustodianOrganization>
</assignedCustodian>
</custodian>
<informationRecipient>
<intendedRecipient>
<informationRecipient>
<name>
<prefix>Dr</prefix>
<given>Abraham</given>
<family>Vigoda</family>
</name>
</informationRecipient>
<receivedOrganization>
<name>Receiving Oraganization</name>
</receivedOrganization>
</intendedRecipient>
</informationRecipient>
<documentationOf>
<serviceEvent classCode="PCPR">
<effectiveTime>
<low value="20170809"/>
<high value="20170810"/>
</effectiveTime>
<performer typeCode="PRF">
<assignedEntity>
<id extension="UNKNOWN" root="2.16.840.1.113883.4.6"/>
<addr>
<streetAddressLine>2472 Rocky place</streetAddressLine>
<city>Beaverton</city>
<state>OR</state>
<postalCode>97006</postalCode>
</addr>
<telecom value="tel: 555-555-1002" use="WP"/>
<assignedPerson>
<name>
<given>Mike</given>
<family>Burns</family>
</name>
</assignedPerson>
<representedOrganization>
<id root="authorsOrganizationRoot" extension="authorsOrganizationExt"/>
<name/>
</representedOrganization>
</assignedEntity>
</performer>
<performer typeCode="PRF">
<assignedEntity>
<id extension="2" root="2.16.840.1.113883.4.6"/>
<addr>
<streetAddressLine>2472 Rocky place</streetAddressLine>
<city>Beaverton</city>
<state>OR</state>
<postalCode>97006</postalCode>
</addr>
<telecom value="tel: 555-555-1002" use="WP"/>
<assignedPerson>
<name>
<given>Albert</given>
<family>Davis</family>
</name>
</assignedPerson>
<representedOrganization>
<id root="authorsOrganizationRoot" extension="authorsOrganizationExt"/>
<name/>
</representedOrganization>
</assignedEntity>
</performer>
</serviceEvent>
</documentationOf>
<component>
<structuredBody>
<component>
<section>
<templateId root="2.16.840.1.113883.10.20.22.2.6.1" extension="2015-08-01"/>
<templateId root="2.16.840.1.113883.10.20.22.2.6.1"/>
<code code="48765-2" codeSystem="2.16.840.1.113883.6.1" codeSystemName="LOINC"/>
<title>Allergies</title>
<text>
<table border="1" width="100%">
<thead>
<tr>
<th>Substance</th>
<th>Reaction</th>
<th>Severity</th>
<th>Status</th>
</tr>
</thead>
<tbody>
<tr>
<td>
<content ID="product1">PENICILLIN G</content>
</td>
<td>
<content ID="reaction1">Hives</content>
</td>
<td>
<content ID="severity1">Moderate</content>
</td>
<td>Active</td>
</tr>
<tr>
<td>
<content ID="product2">AMPICILLIN</content>
</td>
<td>
<content ID="reaction2">Hives</content>
</td>
<td>
<content ID="severity2">Moderate</content>
</td>
<td>Active</td>
</tr>
</tbody>
</table>
</text>
<entry typeCode="DRIV">
<act classCode="ACT" moodCode="EVN">
<templateId root="2.16.840.1.113883.10.20.22.4.30" extension="2015-08-01"/>
<templateId root="2.16.840.1.113883.10.20.22.4.30"/>
<id root="97be5d3c-2844-4fbb-91d5-c94f11998baa"/>
<code code="CONC" codeSystem="2.16.840.1.113883.5.6"/>
<statusCode code="active"/>
<effectiveTime>
<low value="19800501"/>
</effectiveTime>
<entryRelationship typeCode="SUBJ">
<observation classCode="OBS" moodCode="EVN">
<templateId root="2.16.840.1.113883.10.20.22.4.7" extension="2014-06-09"/>
<templateId root="2.16.840.1.113883.10.20.22.4.7"/>
<id root="76d40d3f-f60f-4c54-ac52-947c82e15313"/>
<code code="ASSERTION" codeSystem="2.16.840.1.113883.5.4"/>
<statusCode code="completed"/>
<effectiveTime>
<low value="19800501"/>
</effectiveTime>
<value xsi:type="CD" code="419511003" displayName="Propensity to adverse reaction to drug" codeSystem="2.16.840.1.113883.6.96" codeSystemName="SNOMED-CT"/>
<participant typeCode="CSM">
<participantRole classCode="MANU">
<playingEntity classCode="MMAT">
<code code="7980" displayName="PENICILLIN G" codeSystem="2.16.840.1.113883.6.88"/>
</playingEntity>
</participantRole>
</participant>
<entryRelationship typeCode="MFST" inversionInd="true">
<observation classCode="OBS" moodCode="EVN">
<templateId root="2.16.840.1.113883.10.20.22.4.9" extension="2014-06-09"/>
<templateId root="2.16.840.1.113883.10.20.22.4.9"/>
<id root="0e4d3113-1d45-4af8-ac02-d25ff12085b6"/>
<code code="ASSERTION" codeSystem="2.16.840.1.113883.5.4"/>
<statusCode code="completed"/>
<value xsi:type="CD" code="247472004" displayName="Hives" codeSystem="2.16.840.1.113883.6.96" codeSystemName="SNOMED-CT"/>
<entryRelationship typeCode="SUBJ" inversionInd="true">
<observation classCode="OBS" moodCode="EVN">
<templateId root="2.16.840.1.113883.10.20.22.4.8" extension="2014-06-09"/>
<templateId root="2.16.840.1.113883.10.20.22.4.8"/>
<code code="SEV" displayName="Severity Observation" codeSystem="2.16.840.1.113883.5.4" codeSystemName="ActCode"/>
<statusCode code="completed"/>
<value xsi:type="CD" code="6736007" displayName="Moderate" codeSystem="2.16.840.1.113883.6.96" codeSystemName="SNOMED-CT"/>
</observation>
</entryRelationship>
</observation>
</entryRelationship>
</observation>
</entryRelationship>
</act>
</entry>
<entry typeCode="DRIV">
<act classCode="ACT" moodCode="EVN">
<templateId root="2.16.840.1.113883.10.20.22.4.30" extension="2015-08-01"/>
<templateId root="2.16.840.1.113883.10.20.22.4.30"/>
<id root="e44f0be9-ec14-4ebf-8dfa-c36b00d96e0c"/>
<code code="CONC" codeSystem="2.16.840.1.113883.5.6"/>
<statusCode code="active"/>
<effectiveTime>
<low value="19800501"/>
</effectiveTime>
<entryRelationship typeCode="SUBJ">
<observation classCode="OBS" moodCode="EVN">
<templateId root="2.16.840.1.113883.10.20.22.4.7" extension="2014-06-09"/>
<templateId root="2.16.840.1.113883.10.20.22.4.7"/>
<id root="385782db-ec21-4d9c-bd01-61a0d5774153"/>
<code code="ASSERTION" codeSystem="2.16.840.1.113883.5.4"/>
<statusCode code="completed"/>
<effectiveTime>
<low value="19800501"/>
</effectiveTime>
<value xsi:type="CD" code="419511003" displayName="Propensity to adverse reaction to drug" codeSystem="2.16.840.1.113883.6.96" codeSystemName="SNOMED-CT"/>
<participant typeCode="CSM">
<participantRole classCode="MANU">
<playingEntity classCode="MMAT">
<code code="733" displayName="AMPICILLIN" codeSystem="2.16.840.1.113883.6.88"/>
</playingEntity>
</participantRole>
</participant>
<entryRelationship typeCode="MFST" inversionInd="true">
<observation classCode="OBS" moodCode="EVN">
<templateId root="2.16.840.1.113883.10.20.22.4.9" extension="2014-06-09"/>
<templateId root="2.16.840.1.113883.10.20.22.4.9"/>
<id root="ca0a238c-c0a5-4edf-a977-ab952dc2070e"/>
<code code="ASSERTION" codeSystem="2.16.840.1.113883.5.4"/>
<statusCode code="completed"/>
<value xsi:type="CD" code="247472004" displayName="Hives" codeSystem="2.16.840.1.113883.6.96" codeSystemName="SNOMED-CT"/>
<entryRelationship typeCode="SUBJ" inversionInd="true">
<observation classCode="OBS" moodCode="EVN">
<templateId root="2.16.840.1.113883.10.20.22.4.8" extension="2014-06-09"/>
<templateId root="2.16.840.1.113883.10.20.22.4.8"/>
<code code="SEV" displayName="Severity Observation" codeSystem="2.16.840.1.113883.5.4" codeSystemName="ActCode"/>
<statusCode code="completed"/>
<value xsi:type="CD" code="6736007" displayName="Moderate" codeSystem="2.16.840.1.113883.6.96" codeSystemName="SNOMED-CT"/>
</observation>
</entryRelationship>
</observation>
</entryRelationship>
</observation>
</entryRelationship>
</act>
</entry>
</section>
</component>
<component>
<section>
<templateId root="2.16.840.1.113883.10.20.22.2.1.1" extension="2014-06-09"/>
<templateId root="2.16.840.1.113883.10.20.22.2.1.1"/>
<code code="10160-0" codeSystem="2.16.840.1.113883.6.1" codeSystemName="LOINC"/>
<title>Medications</title>
<text>
<table border="1" width="100%">
<thead>
<tr>
<th>Medication</th>
<th>Directions</th>
<th>Start Date</th>
<th>End Date</th>
</tr>
</thead>
<tbody>
<tr>
<td>
<content ID="medication1">Ceftriaxone 100 MG/ML Injectable Solution</content>
</td>
<td>
<content ID="meddirections1">Two times daily</content>
</td>
<td>
<content ID="medstartdate1">2015-06-22</content>
</td>
<td>
<content ID="medenddate1">2015-06-30</content>
</td>
</tr>
<tr>
<td>
<content ID="medication2">Acetaminophen 500 MG Oral Tablet [Tylenol]</content>
</td>
<td>
<content ID="meddirections2">As needed</content>
</td>
<td>
<content ID="medstartdate2">2015-06-22</content>
</td>
<td>
<content ID="medenddate2"/>
</td>
</tr>
<tr>
<td>
<content ID="medication3">1 ML darbepoetin alfa 0.5 MG/ML Prefilled Syringe [Aranesp]</content>
</td>
<td>
<content ID="meddirections3">Once a week</content>
</td>
<td>
<content ID="medstartdate3">2015-02-22</content>
</td>
<td>
<content ID="medenddate3"/>
</td>
</tr>
</tbody>
</table>
</text>
<!--Medication Entry-->
<entry>
<substanceAdministration classCode="SBADM" moodCode="EVN" negationInd="false">
<templateId root="2.16.840.1.113883.10.20.22.4.16" extension="2014-06-09"/>
<templateId root="2.16.840.1.113883.10.20.22.4.16"/>
<id root="1.3.6.1.4.1.115" extension="263bf839-cb4b-46d2-a00c-72592caa3832"/>
<text>
<reference value="meddirections1"/>Two times daily</text>
<statusCode code="active"/>
<effectiveTime xsi:type="IVL_TS">
<low value="20150622"/>
<high value="20150630"/>
</effectiveTime>
<effectiveTime xsi:type="PIVL_TS" institutionSpecified="true" operator="A">
<period value="12" unit="h"/>
</effectiveTime>
<doseQuantity value="1"/>
<consumable>
<manufacturedProduct classCode="MANU">
<templateId root="2.16.840.1.113883.10.20.22.4.23" extension="2014-06-09"/>
<templateId root="2.16.840.1.113883.10.20.22.4.23"/>
<id root="19d9bece-7d97-4878-87b5-d33c314595af"/>
<manufacturedMaterial>
<code code="309090" codeSystem="2.16.840.1.113883.6.88" displayName="Ceftriaxone 100 MG/ML Injectable Solution"/>
</manufacturedMaterial>
</manufacturedProduct>
</consumable>
<author>
<templateId root="2.16.840.1.113883.10.20.22.4.119"/>
<time value="20150622"/>
<assignedAuthor>
<id root="d959ab10-e6f7-4e2f-ba46-660eb0a889ff"/>
</assignedAuthor>
</author>
</substanceAdministration>
</entry>
<!--Medication Entry-->
<entry>
<substanceAdministration classCode="SBADM" moodCode="EVN" negationInd="false">
<templateId root="2.16.840.1.113883.10.20.22.4.16" extension="2014-06-09"/>
<templateId root="2.16.840.1.113883.10.20.22.4.16"/>
<id root="1.3.6.1.4.1.115" extension="ac295981-0a32-41ae-92f7-62a0d2600087"/>
<text>
<reference value="meddirections2"/>As needed</text>
<statusCode code="active"/>
<effectiveTime xsi:type="IVL_TS">
<low value="20150622"/>
</effectiveTime>
<effectiveTime xsi:type="PIVL_TS" institutionSpecified="true" operator="A">
<period value="24" unit="h"/>
</effectiveTime>
<doseQuantity value="1"/>
<consumable>
<manufacturedProduct classCode="MANU">
<templateId root="2.16.840.1.113883.10.20.22.4.23" extension="2014-06-09"/>
<templateId root="2.16.840.1.113883.10.20.22.4.23"/>
<id root="983d4a13-2a73-45ff-9d64-01f6984226fa"/>
<manufacturedMaterial>
<code code="209459" codeSystem="2.16.840.1.113883.6.88" displayName="Acetaminophen 500 MG Oral Tablet [Tylenol]"/>
</manufacturedMaterial>
</manufacturedProduct>
</consumable>
<author>
<templateId root="2.16.840.1.113883.10.20.22.4.119"/>
<time value="20150622"/>
<assignedAuthor>
<id root="37d98093-b019-4796-ac87-6778e69a83f6"/>
</assignedAuthor>
</author>
</substanceAdministration>
</entry>
<!--Medication Entry-->
<entry>
<substanceAdministration classCode="SBADM" moodCode="EVN" negationInd="false">
<templateId root="2.16.840.1.113883.10.20.22.4.16" extension="2014-06-09"/>
<templateId root="2.16.840.1.113883.10.20.22.4.16"/>
<id root="1.3.6.1.4.1.115" extension="0c9ce8b2-0099-463a-87c9-47f413b38555"/>
<text>
<reference value="meddirections3"/>Once a week</text>
<statusCode code="active"/>
<effectiveTime xsi:type="IVL_TS">
<low value="20150222"/>
</effectiveTime>
<effectiveTime xsi:type="PIVL_TS" institutionSpecified="true" operator="A">
<period value="7" unit="d"/>
</effectiveTime>
<doseQuantity value="1"/>
<consumable>
<manufacturedProduct classCode="MANU">
<templateId root="2.16.840.1.113883.10.20.22.4.23" extension="2014-06-09"/>
<templateId root="2.16.840.1.113883.10.20.22.4.23"/>
<id root="5f21d5fb-928b-417f-96b2-77425b1a7320"/>
<manufacturedMaterial>
<code code="731241" codeSystem="2.16.840.1.113883.6.88" displayName="1 ML darbepoetin alfa 0.5 MG/ML Prefilled Syringe [Aranesp]"/>
</manufacturedMaterial>
</manufacturedProduct>
</consumable>
<author>
<templateId root="2.16.840.1.113883.10.20.22.4.119"/>
<time value="20150222"/>
<assignedAuthor>
<id root="54b1ca9f-4ab5-47ba-a317-b084e8a265f2"/>
</assignedAuthor>
</author>
</substanceAdministration>
</entry>
</section>
</component>
<component>
<section>
<templateId root="2.16.840.1.113883.10.20.22.2.5.1" extension="2015-08-01"/>
<templateId root="2.16.840.1.113883.10.20.22.2.5.1"/>
<code code="11450-4" codeSystem="2.16.840.1.113883.6.1" codeSystemName="LOINC"/>
<title>Med Problems</title>
<text>
<paragraph>Active Concerns</paragraph>
<list>
<item>Fever 2015-06-22 </item>
<item>Essential hypertension 2011-10-05 </item>
<item>Severe hypothyroidism 2006-12-31 </item>
<item>Chronic rejection of renal transplant 2011-12-31 </item>
</list>
<paragraph>Resolved Concerns</paragraph>
<list>
<item>Overweight 2006-12-31 - 2007-06-01 </item>
</list>
</text>
<entry typeCode="DRIV">
<act classCode="ACT" moodCode="EVN">
<templateId root="2.16.840.1.113883.10.20.22.4.3" extension="2015-08-01"/>
<templateId root="2.16.840.1.113883.10.20.22.4.3"/>
<id root="caa293d6-c95c-42dc-b24f-60914e808eb3"/>
<code code="CONC" codeSystem="2.16.840.1.113883.5.6"/>
<statusCode code="active"/>
<effectiveTime>
<low value="20150622"/>
</effectiveTime>
<entryRelationship typeCode="SUBJ">
<observation classCode="OBS" moodCode="EVN">
<templateId root="2.16.840.1.113883.10.20.22.4.4" extension="2015-08-01"/>
<templateId root="2.16.840.1.113883.10.20.22.4.4"/>
<id root="9e5ab9ed-f276-45f0-845a-5928dea32ee2"/>
<code code="64572001" displayName="Condition" codeSystemName="SNOMED-CT" codeSystem="2.16.840.1.113883.6.96">
<translation code="75323-6" codeSystem="2.16.840.1.113883.6.1" codeSystemName="LOINC" displayName="Condition"/>
</code>
<statusCode code="completed"/>
<effectiveTime>
<low value="20150622"/>
</effectiveTime>
<value xsi:type="CD" code="386661006" displayName="Fever" codeSystem="2.16.840.1.113883.6.96" codeSystemName="SNOMED-CT"/>
</observation>
</entryRelationship>
</act>
</entry>
<entry typeCode="DRIV">
<act classCode="ACT" moodCode="EVN">
<templateId root="2.16.840.1.113883.10.20.22.4.3" extension="2015-08-01"/>
<templateId root="2.16.840.1.113883.10.20.22.4.3"/>
<id root="69f1ceff-a089-468d-a5df-ff75d63e08e0"/>
<code code="CONC" codeSystem="2.16.840.1.113883.5.6"/>
<statusCode code="active"/>
<effectiveTime>
<low value="20061231"/>
<high value="20070601"/>
</effectiveTime>
<entryRelationship typeCode="SUBJ">
<observation classCode="OBS" moodCode="EVN">
<templateId root="2.16.840.1.113883.10.20.22.4.4" extension="2015-08-01"/>
<templateId root="2.16.840.1.113883.10.20.22.4.4"/>
<id root="406af563-c6a6-4ff8-823b-343a03d43d31"/>
<code code="64572001" displayName="Condition" codeSystemName="SNOMED-CT" codeSystem="2.16.840.1.113883.6.96">
<translation code="75323-6" codeSystem="2.16.840.1.113883.6.1" codeSystemName="LOINC" displayName="Condition"/>
</code>
<statusCode code="completed"/>
<effectiveTime>
<low value="20061231"/>
<high value="20070601"/>
</effectiveTime>
<value xsi:type="CD" code="238131007" displayName="Overweight" codeSystem="2.16.840.1.113883.6.96" codeSystemName="SNOMED-CT"/>
</observation>
</entryRelationship>
</act>
</entry>
<entry typeCode="DRIV">
<act classCode="ACT" moodCode="EVN">
<templateId root="2.16.840.1.113883.10.20.22.4.3" extension="2015-08-01"/>
<templateId root="2.16.840.1.113883.10.20.22.4.3"/>
<id root="bc18c0df-640a-4b63-84eb-ee0adf29c78c"/>
<code code="CONC" codeSystem="2.16.840.1.113883.5.6"/>
<statusCode code="active"/>
<effectiveTime>
<low value="20111005"/>
</effectiveTime>
<entryRelationship typeCode="SUBJ">
<observation classCode="OBS" moodCode="EVN">
<templateId root="2.16.840.1.113883.10.20.22.4.4" extension="2015-08-01"/>
<templateId root="2.16.840.1.113883.10.20.22.4.4"/>
<id root="074b3ce7-0932-48a9-a5ad-2bc6df66dec0"/>
<code code="64572001" displayName="Condition" codeSystemName="SNOMED-CT" codeSystem="2.16.840.1.113883.6.96">
<translation code="75323-6" codeSystem="2.16.840.1.113883.6.1" codeSystemName="LOINC" displayName="Condition"/>
</code>
<statusCode code="completed"/>
<effectiveTime>
<low value="20111005"/>
</effectiveTime>
<value xsi:type="CD" code="59621000" displayName="Essential hypertension" codeSystem="2.16.840.1.113883.6.96" codeSystemName="SNOMED-CT"/>
</observation>
</entryRelationship>
</act>
</entry>
<entry typeCode="DRIV">
<act classCode="ACT" moodCode="EVN">
<templateId root="2.16.840.1.113883.10.20.22.4.3" extension="2015-08-01"/>
<templateId root="2.16.840.1.113883.10.20.22.4.3"/>
<id root="06968423-d6f3-4a29-b926-b653f7a9cf5f"/>
<code code="CONC" codeSystem="2.16.840.1.113883.5.6"/>
<statusCode code="active"/>
<effectiveTime>
<low value="20061231"/>
</effectiveTime>
<entryRelationship typeCode="SUBJ">
<observation classCode="OBS" moodCode="EVN">
<templateId root="2.16.840.1.113883.10.20.22.4.4" extension="2015-08-01"/>
<templateId root="2.16.840.1.113883.10.20.22.4.4"/>
<id root="39a5832f-9a98-40df-acfc-36010fc6110b"/>
<code code="64572001" displayName="Condition" codeSystemName="SNOMED-CT" codeSystem="2.16.840.1.113883.6.96">
<translation code="75323-6" codeSystem="2.16.840.1.113883.6.1" codeSystemName="LOINC" displayName="Condition"/>
</code>
<statusCode code="completed"/>
<effectiveTime>
<low value="20061231"/>
</effectiveTime>
<value xsi:type="CD" code="83986005" displayName="Severe hypothyroidism" codeSystem="2.16.840.1.113883.6.96" codeSystemName="SNOMED-CT"/>
</observation>
</entryRelationship>
</act>
</entry>
<entry typeCode="DRIV">
<act classCode="ACT" moodCode="EVN">
<templateId root="2.16.840.1.113883.10.20.22.4.3" extension="2015-08-01"/>
<templateId root="2.16.840.1.113883.10.20.22.4.3"/>
<id root="154a5536-5e30-44ab-a169-b45f1c0ba4c9"/>
<code code="CONC" codeSystem="2.16.840.1.113883.5.6"/>
<statusCode code="active"/>
<effectiveTime>
<low value="20111231"/>
</effectiveTime>
<entryRelationship typeCode="SUBJ">
<observation classCode="OBS" moodCode="EVN">
<templateId root="2.16.840.1.113883.10.20.22.4.4" extension="2015-08-01"/>
<templateId root="2.16.840.1.113883.10.20.22.4.4"/>
<id root="c78a9f8f-096d-4d9d-9fce-367b518608ee"/>
<code code="64572001" displayName="Condition" codeSystemName="SNOMED-CT" codeSystem="2.16.840.1.113883.6.96">
<translation code="75323-6" codeSystem="2.16.840.1.113883.6.1" codeSystemName="LOINC" displayName="Condition"/>
</code>
<statusCode code="completed"/>
<effectiveTime>
<low value="20111231"/>
</effectiveTime>
<value xsi:type="CD" code="236578006" displayName="Chronic rejection of renal transplant" codeSystem="2.16.840.1.113883.6.96" codeSystemName="SNOMED-CT"/>
</observation>
</entryRelationship>
</act>
</entry>
</section>
</component>
<component>
<section nullFlavor="NI">
<templateId root="2.16.840.1.113883.10.20.22.2.2.1" extension="2015-08-01"/>
<templateId root="2.16.840.1.113883.10.20.22.2.2.1"/>
<code code="11369-6" codeSystem="2.16.840.1.113883.6.1"/>
<title>Immunizations</title>
<text>No Immunizations Entered</text>
</section>
</component>
<component>
<section nullFlavor="NI">
<templateId root="2.16.840.1.113883.10.20.22.2.4.1" extension="2015-08-01"/>
<templateId root="2.16.840.1.113883.10.20.22.2.4.1"/>
<code code="8716-3" codeSystem="2.16.840.1.113883.6.1"/>
<title>Vital Signs</title>
<text>No Vital Signs Entered</text>
</section>
</component>
<component>
<section>
<templateId root="2.16.840.1.113883.10.20.22.2.17" extension="2015-08-01"/>
<templateId root="2.16.840.1.113883.10.20.22.2.17"/>
<code code="29762-2" codeSystem="2.16.840.1.113883.6.1"/>
<title>Social History</title>
<text>No Social History Smoking Status available</text>
<entry typeCode="DRIV">
<observation classCode="OBS" moodCode="EVN">
<templateId root="2.16.840.1.113883.10.20.22.4.200" extension="2016-06-01"/>
<templateId root="2.16.840.1.113883.10.20.22.4.200"/>
<id root="fec582c5-0f38-4246-aa9d-636ea1379ccc"/>
<code code="76689-9" codeSystem="2.16.840.1.113883.6.1" codeSystemName="LOINC" displayName="Birth Sex"/>
<statusCode code="completed"/>
<effectiveTime value="19700801"/>
<value xsi:type="CD" code="F" codeSystem="2.16.840.1.113883.5.1"/>
</observation>
</entry>
</section>
</component>
<component>
<section nullFlavor="NI">
<templateId root="2.16.840.1.113883.10.20.22.2.7.1" extension="2014-06-09"/>
<templateId root="2.16.840.1.113883.10.20.22.2.7.1"/>
<code code="47519-4" codeSystem="2.16.840.1.113883.6.1" codeSystemName="LOINC" displayName="HISTORY OF PROCEDURES"/>
<title>PROCEDURES</title>
<text>No Known Procedures</text>
</section>
</component>
<component>
<section nullFlavor="NI">
<templateId root="2.16.840.1.113883.10.20.22.2.3.1" extension="2015-08-01"/>
<templateId root="2.16.840.1.113883.10.20.22.2.3.1"/>
<code code="30954-2" codeSystem="2.16.840.1.113883.6.1" codeSystemName="LOINC"/>
<title>Relevant diagnostic tests and/or laboratory data</title>
<text>No Lab Results</text>
</section>
</component>
<component>
<section>
<templateId root="2.16.840.1.113883.10.20.22.2.14" extension="2014-06-09"/>
<templateId root="2.16.840.1.113883.10.20.22.2.14"/>
<code code="47420-5" displayName="Functional Status" codeSystem="2.16.840.1.113883.6.1" codeSystemName="LOINC"/>
<title>Functional Status</title>
<text>Functional Status information not available</text>
</section>
</component>
<component>
<section>
<templateId root="2.16.840.1.113883.10.20.22.2.8"/>
<code codeSystem="2.16.840.1.113883.6.1" codeSystemName="LOINC" code="51848-0" displayName="ASSESSMENTS"/>
<title>ASSESSMENTS</title>
<text>Not Assessment Documented</text>
</section>
</component>
<component>
<section>
<templateId root="2.16.840.1.113883.10.20.22.2.10" extension="2014-06-09"/>
<templateId root="2.16.840.1.113883.10.20.22.2.10"/>
<code codeSystem="2.16.840.1.113883.6.1" codeSystemName="LOINC" code="18776-5" displayName="Treatment plan"/>
<title>TREATMENT PLAN</title>
<text>No Treatment Plan recorded</text>
</section>
</component>
<component>
<section>
<templateId root="2.16.840.1.113883.10.20.22.2.56" extension="2015-08-01"/>
<templateId root="2.16.840.1.113883.10.20.22.2.56"/>
<code code="10190-7" displayName="Mental Status" codeSystem="2.16.840.1.113883.6.1" codeSystemName="LOINC"/>
<title>Mental Status</title>
<text>Mental Status information not available</text>
</section>
</component>
<component>
<section nullFlavor="NI">
<templateId root="2.16.840.1.113883.10.20.22.2.22.1" extension="2015-08-01"/>
<templateId root="2.16.840.1.113883.10.20.22.2.22.1"/>
<code code="46240-8" displayName="Encounter History" codeSystem="2.16.840.1.113883.6.1" codeSystemName="LOINC"/>
<title>Encounters</title>
<text>No Encounter information</text>
</section>
</component>
<component>
<section>
<templateId root="2.16.840.1.113883.10.20.22.2.23" extension="2014-06-09"/>
<templateId root="2.16.840.1.113883.10.20.22.2.23"/>
<code code="46264-8" displayName="Medical Equipment" codeSystem="2.16.840.1.113883.6.1" codeSystemName="LOINC"/>
<title>Medical Equipment</title>
<text>No implanted devices documented</text>
</section>
</component>
</structuredBody>
</component>
</ClinicalDocument>
