<?xml version="1.0" encoding="UTF-8"?><?xml-stylesheet type='text/xsl' href='CDA.xsl'?><ClinicalDocument xmlns:xsi="http://www.w3.org/2001/XMLSchema-instance" xmlns="urn:hl7-org:v3" xmlns:voc="urn:hl7-org:v3/voc" xmlns:sdtc="urn:hl7-org:sdtc">
<realmCode code="US"/>
<typeId root="2.16.840.1.113883.1.3" extension="POCD_HD000040"/>
<!--US Realm Header ID-->
<templateId root="2.16.840.1.113883.10.20.22.1.1" extension="2015-08-01"/>
<templateId root="2.16.840.1.113883.10.20.22.1.1"/>
<!--Document template ID-->
<templateId root="2.16.840.1.113883.10.20.22.1.2" extension="2015-08-01"/>
<templateId root="2.16.840.1.113883.10.20.22.1.2"/>
<!--GUID that isn't a guid, just our noteid.-->
<id extension="11" root="020801a6-a46c-485f-a18d-b01ccfb0b356"/>
<code code="34133-9" displayName="Summarization of Episode Note" codeSystem="2.16.840.1.113883.6.1" codeSystemName="LOINC"/>
<title>Summarization of Episode Note for Cummings, Cecilia Cecil created on 2017-08-10</title>
<effectiveTime value="20170810140020-0500"/>
<confidentialityCode code="N" displayName="normal" codeSystem="2.16.840.1.113883.5.25" codeSystemName="Confidentiality"/>
<languageCode code="en-US"/>
<recordTarget>
<patientRole>
<id root="2.16.840.1.113883.4.1" extension="UNK"/>
<addr use="HP">
<!--HP is from code system 2.16.840.1.113883.5.1119 : Primary home address-->
<streetAddressLine>1014 Amber Dr</streetAddressLine>
<city>Beaverton</city>
<state>TX</state>
<postalCode>97006</postalCode>
</addr>
<telecom value="tel: tel:+1(555)-339-1234tel:+1(555)-340-1544" use="HP"/>
<telecom nullFlavor="UNK" use="MC"/>
<patient>
<name>
<given qualifier="BR">Cecilia</given>
<given>Cecil</given>
<family>Cummings</family>
</name>
<administrativeGenderCode code="F" displayName="Female" codeSystem="2.16.840.1.113883.5.1"/>
<birthTime value="19700701"/>
<raceCode code="2106-3" displayName="White" codeSystem="2.16.840.1.113883.6.238"/>
<sdtc:raceCode code="2106-3" displayName="White" codeSystem="2.16.840.1.113883.6.238"/>
<sdtc:raceCode code="2108-9" displayName="European" codeSystem="2.16.840.1.113883.6.238"/>
<ethnicGroupCode code="2186-5" displayName="Not Hispanic or Latino" codeSystem="2.16.840.1.113883.6.238"/>
<sdtc:ethnicGroupCode code="2186-5" displayName="Not Hispanic or Latino" codeSystem="2.16.840.1.113883.6.238"/>
<languageCommunication>
<languageCode code="en"/>
</languageCommunication>
</patient>
<providerOrganization>
<id extension="unknown" root="2.16.840.1.113883.4.6"/>
<name>Neighborhood Physicians Practice</name>
<telecom value="tel: 555-555-1002" use="WP"/>
<addr>
<streetAddressLine>2472 Rocky place</streetAddressLine>
<city>Beaverton</city>
<state>OR</state>
<postalCode>97006</postalCode>
</addr>
</providerOrganization>
</patientRole>
</recordTarget>
<author>
<time value="20170810"/>
<assignedAuthor>
<id nullFlavor="UNK" root="2.16.840.1.113883.5.1008"/>
<addr>
<streetAddressLine>Unknown</streetAddressLine>
<city>Unknown</city>
<state>TX</state>
<postalCode>78701</postalCode>
</addr>
<telecom value="tel: 555-1212" use="WP"/>
<assignedPerson>
<name>
<given>Mike</given>
<family>Burns</family>
</name>
</assignedPerson>
<representedOrganization>
<id root="authorsOrganizationRoot" extension="authorsOrganizationExt"/>
<name/>
</representedOrganization>
</assignedAuthor>
</author>
<custodian>
<assignedCustodian>
<representedCustodianOrganization>
<id extension="unknown" root="2.16.840.1.113883.4.6"/>
<name>Neighborhood Physicians Practice</name>
<telecom value="tel: 555-555-1002" use="WP"/>
<addr>
<streetAddressLine>2472 Rocky place</streetAddressLine>
<city>Beaverton</city>
<state>OR</state>
<postalCode>97006</postalCode>
</addr>
</representedCustodianOrganization>
</assignedCustodian>
</custodian>
<informationRecipient>
<intendedRecipient>
<informationRecipient>
<name>
<prefix>Dr</prefix>
<given>Abraham</given>
<family>Vigoda</family>
</name>
</informationRecipient>
<receivedOrganization>
<name>Receiving Oraganization</name>
</receivedOrganization>
</intendedRecipient>
</informationRecipient>
<documentationOf>
<serviceEvent classCode="PCPR">
<effectiveTime>
<low value="20170809"/>
<high value="20170810"/>
</effectiveTime>
<performer typeCode="PRF">
<assignedEntity>
<id extension="UNKNOWN" root="2.16.840.1.113883.4.6"/>
<addr>
<streetAddressLine>2472 Rocky place</streetAddressLine>
<city>Beaverton</city>
<state>OR</state>
<postalCode>97006</postalCode>
</addr>
<telecom value="tel: 555-555-1002" use="WP"/>
<assignedPerson>
<name>
<given>Mike</given>
<family>Burns</family>
</name>
</assignedPerson>
<representedOrganization>
<id root="authorsOrganizationRoot" extension="authorsOrganizationExt"/>
<name/>
</representedOrganization>
</assignedEntity>
</performer>
<performer typeCode="PRF">
<assignedEntity>
<id extension="2" root="2.16.840.1.113883.4.6"/>
<addr>
<streetAddressLine>2472 Rocky place</streetAddressLine>
<city>Beaverton</city>
<state>OR</state>
<postalCode>97006</postalCode>
</addr>
<telecom value="tel: 555-555-1002" use="WP"/>
<assignedPerson>
<name>
<given>Albert</given>
<family>Davis</family>
</name>
</assignedPerson>
<representedOrganization>
<id root="authorsOrganizationRoot" extension="authorsOrganizationExt"/>
<name/>
</representedOrganization>
</assignedEntity>
</performer>
</serviceEvent>
</documentationOf>
<component>
<structuredBody>
<component>
<section>
<templateId root="2.16.840.1.113883.10.20.22.2.6.1" extension="2015-08-01"/>
<templateId root="2.16.840.1.113883.10.20.22.2.6.1"/>
<code code="48765-2" codeSystem="2.16.840.1.113883.6.1" codeSystemName="LOINC"/>
<title>Allergies</title>
<text>
<table border="1" width="100%">
<thead>
<tr>
<th>Substance</th>
<th>Reaction</th>
<th>Severity</th>
<th>Status</th>
</tr>
</thead>
<tbody>
<tr>
<td>
<content ID="product1">PENICILLIN G</content>
</td>
<td>
<content ID="reaction1">Hives</content>
</td>
<td>
<content ID="severity1">Moderate</content>
</td>
<td>Active</td>
</tr>
<tr>
<td>
<content ID="product2">AMPICILLIN</content>
</td>
<td>
<content ID="reaction2">Hives</content>
</td>
<td>
<content ID="severity2">Moderate</content>
</td>
<td>Active</td>
</tr>
</tbody>
</table>
</text>
<entry typeCode="DRIV">
<act classCode="ACT" moodCode="EVN">
<templateId root="2.16.840.1.113883.10.20.22.4.30" extension="2015-08-01"/>
<templateId root="2.16.840.1.113883.10.20.22.4.30"/>
<id root="62b3d584-bc6a-44ba-88f0-e4402823f5ae"/>
<code code="CONC" codeSystem="2.16.840.1.113883.5.6"/>
<statusCode code="active"/>
<effectiveTime>
<low value="19800501"/>
</effectiveTime>
<entryRelationship typeCode="SUBJ">
<observation classCode="OBS" moodCode="EVN">
<templateId root="2.16.840.1.113883.10.20.22.4.7" extension="2014-06-09"/>
<templateId root="2.16.840.1.113883.10.20.22.4.7"/>
<id root="6874c4ff-3641-42bc-94c0-d5a8a7903b47"/>
<code code="ASSERTION" codeSystem="2.16.840.1.113883.5.4"/>
<statusCode code="completed"/>
<effectiveTime>
<low value="19800501"/>
</effectiveTime>
<value xsi:type="CD" code="419511003" displayName="Propensity to adverse reaction to drug" codeSystem="2.16.840.1.113883.6.96" codeSystemName="SNOMED-CT"/>
<participant typeCode="CSM">
<participantRole classCode="MANU">
<playingEntity classCode="MMAT">
<code code="7980" displayName="PENICILLIN G" codeSystem="2.16.840.1.113883.6.88"/>
</playingEntity>
</participantRole>
</participant>
<entryRelationship typeCode="MFST" inversionInd="true">
<observation classCode="OBS" moodCode="EVN">
<templateId root="2.16.840.1.113883.10.20.22.4.9" extension="2014-06-09"/>
<templateId root="2.16.840.1.113883.10.20.22.4.9"/>
<id root="acb41383-90ec-4e42-b177-5f4773c1955f"/>
<code code="ASSERTION" codeSystem="2.16.840.1.113883.5.4"/>
<statusCode code="completed"/>
<value xsi:type="CD" code="247472004" displayName="Hives" codeSystem="2.16.840.1.113883.6.96" codeSystemName="SNOMED-CT"/>
<entryRelationship typeCode="SUBJ" inversionInd="true">
<observation classCode="OBS" moodCode="EVN">
<templateId root="2.16.840.1.113883.10.20.22.4.8" extension="2014-06-09"/>
<templateId root="2.16.840.1.113883.10.20.22.4.8"/>
<code code="SEV" displayName="Severity Observation" codeSystem="2.16.840.1.113883.5.4" codeSystemName="ActCode"/>
<statusCode code="completed"/>
<value xsi:type="CD" code="6736007" displayName="Moderate" codeSystem="2.16.840.1.113883.6.96" codeSystemName="SNOMED-CT"/>
</observation>
</entryRelationship>
</observation>
</entryRelationship>
</observation>
</entryRelationship>
</act>
</entry>
<entry typeCode="DRIV">
<act classCode="ACT" moodCode="EVN">
<templateId root="2.16.840.1.113883.10.20.22.4.30" extension="2015-08-01"/>
<templateId root="2.16.840.1.113883.10.20.22.4.30"/>
<id root="897790ac-1bac-47b6-a97b-2a6bc10af685"/>
<code code="CONC" codeSystem="2.16.840.1.113883.5.6"/>
<statusCode code="active"/>
<effectiveTime>
<low value="19800501"/>
</effectiveTime>
<entryRelationship typeCode="SUBJ">
<observation classCode="OBS" moodCode="EVN">
<templateId root="2.16.840.1.113883.10.20.22.4.7" extension="2014-06-09"/>
<templateId root="2.16.840.1.113883.10.20.22.4.7"/>
<id root="e8eafb98-bef9-471c-858e-81afe621ac59"/>
<code code="ASSERTION" codeSystem="2.16.840.1.113883.5.4"/>
<statusCode code="completed"/>
<effectiveTime>
<low value="19800501"/>
</effectiveTime>
<value xsi:type="CD" code="419511003" displayName="Propensity to adverse reaction to drug" codeSystem="2.16.840.1.113883.6.96" codeSystemName="SNOMED-CT"/>
<participant typeCode="CSM">
<participantRole classCode="MANU">
<playingEntity classCode="MMAT">
<code code="733" displayName="AMPICILLIN" codeSystem="2.16.840.1.113883.6.88"/>
</playingEntity>
</participantRole>
</participant>
<entryRelationship typeCode="MFST" inversionInd="true">
<observation classCode="OBS" moodCode="EVN">
<templateId root="2.16.840.1.113883.10.20.22.4.9" extension="2014-06-09"/>
<templateId root="2.16.840.1.113883.10.20.22.4.9"/>
<id root="3bda3302-8f56-4127-9b85-90cde33babca"/>
<code code="ASSERTION" codeSystem="2.16.840.1.113883.5.4"/>
<statusCode code="completed"/>
<value xsi:type="CD" code="247472004" displayName="Hives" codeSystem="2.16.840.1.113883.6.96" codeSystemName="SNOMED-CT"/>
<entryRelationship typeCode="SUBJ" inversionInd="true">
<observation classCode="OBS" moodCode="EVN">
<templateId root="2.16.840.1.113883.10.20.22.4.8" extension="2014-06-09"/>
<templateId root="2.16.840.1.113883.10.20.22.4.8"/>
<code code="SEV" displayName="Severity Observation" codeSystem="2.16.840.1.113883.5.4" codeSystemName="ActCode"/>
<statusCode code="completed"/>
<value xsi:type="CD" code="6736007" displayName="Moderate" codeSystem="2.16.840.1.113883.6.96" codeSystemName="SNOMED-CT"/>
</observation>
</entryRelationship>
</observation>
</entryRelationship>
</observation>
</entryRelationship>
</act>
</entry>
</section>
</component>
<component>
<section>
<templateId root="2.16.840.1.113883.10.20.22.2.1.1" extension="2014-06-09"/>
<templateId root="2.16.840.1.113883.10.20.22.2.1.1"/>
<code code="10160-0" codeSystem="2.16.840.1.113883.6.1" codeSystemName="LOINC"/>
<title>Medications</title>
<text>
<table border="1" width="100%">
<thead>
<tr>
<th>Medication</th>
<th>Directions</th>
<th>Start Date</th>
<th>End Date</th>
</tr>
</thead>
<tbody>
<tr>
<td>
<content ID="medication1">Ceftriaxone 100 MG/ML Injectable Solution</content>
</td>
<td>
<content ID="meddirections1">Two times daily</content>
</td>
<td>
<content ID="medstartdate1">2015-06-22</content>
</td>
<td>
<content ID="medenddate1">2015-06-30</content>
</td>
</tr>
<tr>
<td>
<content ID="medication2">Acetaminophen 500 MG Oral Tablet [Tylenol]</content>
</td>
<td>
<content ID="meddirections2">As needed</content>
</td>
<td>
<content ID="medstartdate2">2015-06-22</content>
</td>
<td>
<content ID="medenddate2"/>
</td>
</tr>
<tr>
<td>
<content ID="medication3">1 ML darbepoetin alfa 0.5 MG/ML Prefilled Syringe [Aranesp]</content>
</td>
<td>
<content ID="meddirections3">Once a week</content>
</td>
<td>
<content ID="medstartdate3">2015-02-22</content>
</td>
<td>
<content ID="medenddate3"/>
</td>
</tr>
</tbody>
</table>
</text>
<!--Medication Entry-->
<entry>
<substanceAdministration classCode="SBADM" moodCode="EVN" negationInd="false">
<templateId root="2.16.840.1.113883.10.20.22.4.16" extension="2014-06-09"/>
<templateId root="2.16.840.1.113883.10.20.22.4.16"/>
<id root="1.3.6.1.4.1.115" extension="06a67621-d60b-40a3-a943-1a0ac8f3219e"/>
<text>
<reference value="meddirections1"/>Two times daily</text>
<statusCode code="active"/>
<effectiveTime xsi:type="IVL_TS">
<low value="20150622"/>
<high value="20150630"/>
</effectiveTime>
<effectiveTime xsi:type="PIVL_TS" institutionSpecified="true" operator="A">
<period value="12" unit="h"/>
</effectiveTime>
<doseQuantity value="1"/>
<consumable>
<manufacturedProduct classCode="MANU">
<templateId root="2.16.840.1.113883.10.20.22.4.23" extension="2014-06-09"/>
<templateId root="2.16.840.1.113883.10.20.22.4.23"/>
<id root="ebe07774-a4dc-4c9a-89ad-b5323d544b20"/>
<manufacturedMaterial>
<code code="309090" codeSystem="2.16.840.1.113883.6.88" displayName="Ceftriaxone 100 MG/ML Injectable Solution"/>
</manufacturedMaterial>
</manufacturedProduct>
</consumable>
<author>
<templateId root="2.16.840.1.113883.10.20.22.4.119"/>
<time value="20150622"/>
<assignedAuthor>
<id root="1b6bdb9c-ae00-4b41-a9b4-13dd9f26b5b5"/>
</assignedAuthor>
</author>
</substanceAdministration>
</entry>
<!--Medication Entry-->
<entry>
<substanceAdministration classCode="SBADM" moodCode="EVN" negationInd="false">
<templateId root="2.16.840.1.113883.10.20.22.4.16" extension="2014-06-09"/>
<templateId root="2.16.840.1.113883.10.20.22.4.16"/>
<id root="1.3.6.1.4.1.115" extension="5580f65e-84b4-4b48-9501-ef9859237f3d"/>
<text>
<reference value="meddirections2"/>As needed</text>
<statusCode code="active"/>
<effectiveTime xsi:type="IVL_TS">
<low value="20150622"/>
</effectiveTime>
<effectiveTime xsi:type="PIVL_TS" institutionSpecified="true" operator="A">
<period value="24" unit="h"/>
</effectiveTime>
<doseQuantity value="1"/>
<consumable>
<manufacturedProduct classCode="MANU">
<templateId root="2.16.840.1.113883.10.20.22.4.23" extension="2014-06-09"/>
<templateId root="2.16.840.1.113883.10.20.22.4.23"/>
<id root="e3c2d5d4-7d02-484c-94ac-8d7d1cefc339"/>
<manufacturedMaterial>
<code code="209459" codeSystem="2.16.840.1.113883.6.88" displayName="Acetaminophen 500 MG Oral Tablet [Tylenol]"/>
</manufacturedMaterial>
</manufacturedProduct>
</consumable>
<author>
<templateId root="2.16.840.1.113883.10.20.22.4.119"/>
<time value="20150622"/>
<assignedAuthor>
<id root="1d4ad551-cca4-4048-91c9-8d655ed869b1"/>
</assignedAuthor>
</author>
</substanceAdministration>
</entry>
<!--Medication Entry-->
<entry>
<substanceAdministration classCode="SBADM" moodCode="EVN" negationInd="false">
<templateId root="2.16.840.1.113883.10.20.22.4.16" extension="2014-06-09"/>
<templateId root="2.16.840.1.113883.10.20.22.4.16"/>
<id root="1.3.6.1.4.1.115" extension="5f3af705-564d-45f0-97e7-8b45c0ea684b"/>
<text>
<reference value="meddirections3"/>Once a week</text>
<statusCode code="active"/>
<effectiveTime xsi:type="IVL_TS">
<low value="20150222"/>
</effectiveTime>
<effectiveTime xsi:type="PIVL_TS" institutionSpecified="true" operator="A">
<period value="7" unit="d"/>
</effectiveTime>
<doseQuantity value="1"/>
<consumable>
<manufacturedProduct classCode="MANU">
<templateId root="2.16.840.1.113883.10.20.22.4.23" extension="2014-06-09"/>
<templateId root="2.16.840.1.113883.10.20.22.4.23"/>
<id root="e03ec291-a80b-4289-9b9f-7a7063b06f53"/>
<manufacturedMaterial>
<code code="731241" codeSystem="2.16.840.1.113883.6.88" displayName="1 ML darbepoetin alfa 0.5 MG/ML Prefilled Syringe [Aranesp]"/>
</manufacturedMaterial>
</manufacturedProduct>
</consumable>
<author>
<templateId root="2.16.840.1.113883.10.20.22.4.119"/>
<time value="20150222"/>
<assignedAuthor>
<id root="1bda0f2b-475f-4740-b8d4-aad20cb7db87"/>
</assignedAuthor>
</author>
</substanceAdministration>
</entry>
</section>
</component>
<component>
<section>
<templateId root="2.16.840.1.113883.10.20.22.2.5.1" extension="2015-08-01"/>
<templateId root="2.16.840.1.113883.10.20.22.2.5.1"/>
<code code="11450-4" codeSystem="2.16.840.1.113883.6.1" codeSystemName="LOINC"/>
<title>Med Problems</title>
<text>
<paragraph>Active Concerns</paragraph>
<list>
<item>Fever 2015-06-22 </item>
<item>Essential hypertension 2011-10-05 </item>
<item>Severe hypothyroidism 2006-12-31 </item>
<item>Chronic rejection of renal transplant 2011-12-31 </item>
</list>
<paragraph>Resolved Concerns</paragraph>
<list>
<item>Overweight 2006-12-31 - 2007-06-01 </item>
</list>
</text>
<entry typeCode="DRIV">
<act classCode="ACT" moodCode="EVN">
<templateId root="2.16.840.1.113883.10.20.22.4.3" extension="2015-08-01"/>
<templateId root="2.16.840.1.113883.10.20.22.4.3"/>
<id root="ead5b59e-c2a2-4373-af06-71c9ef982176"/>
<code code="CONC" codeSystem="2.16.840.1.113883.5.6"/>
<statusCode code="active"/>
<effectiveTime>
<low value="20150622"/>
</effectiveTime>
<entryRelationship typeCode="SUBJ">
<observation classCode="OBS" moodCode="EVN">
<templateId root="2.16.840.1.113883.10.20.22.4.4" extension="2015-08-01"/>
<templateId root="2.16.840.1.113883.10.20.22.4.4"/>
<id root="88b5ea02-cd91-42b3-a20e-04343797dd46"/>
<code code="64572001" displayName="Condition" codeSystemName="SNOMED-CT" codeSystem="2.16.840.1.113883.6.96">
<translation code="75323-6" codeSystem="2.16.840.1.113883.6.1" codeSystemName="LOINC" displayName="Condition"/>
</code>
<statusCode code="completed"/>
<effectiveTime>
<low value="20150622"/>
</effectiveTime>
<value xsi:type="CD" code="386661006" displayName="Fever" codeSystem="2.16.840.1.113883.6.96" codeSystemName="SNOMED-CT"/>
</observation>
</entryRelationship>
</act>
</entry>
<entry typeCode="DRIV">
<act classCode="ACT" moodCode="EVN">
<templateId root="2.16.840.1.113883.10.20.22.4.3" extension="2015-08-01"/>
<templateId root="2.16.840.1.113883.10.20.22.4.3"/>
<id root="f72e6edd-839b-4dcb-8ae0-2ff31333c2a9"/>
<code code="CONC" codeSystem="2.16.840.1.113883.5.6"/>
<statusCode code="active"/>
<effectiveTime>
<low value="20061231"/>
<high value="20070601"/>
</effectiveTime>
<entryRelationship typeCode="SUBJ">
<observation classCode="OBS" moodCode="EVN">
<templateId root="2.16.840.1.113883.10.20.22.4.4" extension="2015-08-01"/>
<templateId root="2.16.840.1.113883.10.20.22.4.4"/>
<id root="abf0813e-4b51-42f7-8e23-00ca69427d15"/>
<code code="64572001" displayName="Condition" codeSystemName="SNOMED-CT" codeSystem="2.16.840.1.113883.6.96">
<translation code="75323-6" codeSystem="2.16.840.1.113883.6.1" codeSystemName="LOINC" displayName="Condition"/>
</code>
<statusCode code="completed"/>
<effectiveTime>
<low value="20061231"/>
<high value="20070601"/>
</effectiveTime>
<value xsi:type="CD" code="238131007" displayName="Overweight" codeSystem="2.16.840.1.113883.6.96" codeSystemName="SNOMED-CT"/>
</observation>
</entryRelationship>
</act>
</entry>
<entry typeCode="DRIV">
<act classCode="ACT" moodCode="EVN">
<templateId root="2.16.840.1.113883.10.20.22.4.3" extension="2015-08-01"/>
<templateId root="2.16.840.1.113883.10.20.22.4.3"/>
<id root="0fa72406-e3ce-4d3d-8464-bf5f29db3bf6"/>
<code code="CONC" codeSystem="2.16.840.1.113883.5.6"/>
<statusCode code="active"/>
<effectiveTime>
<low value="20111005"/>
</effectiveTime>
<entryRelationship typeCode="SUBJ">
<observation classCode="OBS" moodCode="EVN">
<templateId root="2.16.840.1.113883.10.20.22.4.4" extension="2015-08-01"/>
<templateId root="2.16.840.1.113883.10.20.22.4.4"/>
<id root="9f0468a3-e7fc-4760-9cef-602141b2b938"/>
<code code="64572001" displayName="Condition" codeSystemName="SNOMED-CT" codeSystem="2.16.840.1.113883.6.96">
<translation code="75323-6" codeSystem="2.16.840.1.113883.6.1" codeSystemName="LOINC" displayName="Condition"/>
</code>
<statusCode code="completed"/>
<effectiveTime>
<low value="20111005"/>
</effectiveTime>
<value xsi:type="CD" code="59621000" displayName="Essential hypertension" codeSystem="2.16.840.1.113883.6.96" codeSystemName="SNOMED-CT"/>
</observation>
</entryRelationship>
</act>
</entry>
<entry typeCode="DRIV">
<act classCode="ACT" moodCode="EVN">
<templateId root="2.16.840.1.113883.10.20.22.4.3" extension="2015-08-01"/>
<templateId root="2.16.840.1.113883.10.20.22.4.3"/>
<id root="d853e3ac-ec1d-41a0-a0cd-ef1ecf65085a"/>
<code code="CONC" codeSystem="2.16.840.1.113883.5.6"/>
<statusCode code="active"/>
<effectiveTime>
<low value="20061231"/>
</effectiveTime>
<entryRelationship typeCode="SUBJ">
<observation classCode="OBS" moodCode="EVN">
<templateId root="2.16.840.1.113883.10.20.22.4.4" extension="2015-08-01"/>
<templateId root="2.16.840.1.113883.10.20.22.4.4"/>
<id root="59068e16-2592-4f6d-b7f6-c2dc8883c268"/>
<code code="64572001" displayName="Condition" codeSystemName="SNOMED-CT" codeSystem="2.16.840.1.113883.6.96">
<translation code="75323-6" codeSystem="2.16.840.1.113883.6.1" codeSystemName="LOINC" displayName="Condition"/>
</code>
<statusCode code="completed"/>
<effectiveTime>
<low value="20061231"/>
</effectiveTime>
<value xsi:type="CD" code="83986005" displayName="Severe hypothyroidism" codeSystem="2.16.840.1.113883.6.96" codeSystemName="SNOMED-CT"/>
</observation>
</entryRelationship>
</act>
</entry>
<entry typeCode="DRIV">
<act classCode="ACT" moodCode="EVN">
<templateId root="2.16.840.1.113883.10.20.22.4.3" extension="2015-08-01"/>
<templateId root="2.16.840.1.113883.10.20.22.4.3"/>
<id root="4025bbd2-5a75-44d8-a308-4d0f58cc9ecb"/>
<code code="CONC" codeSystem="2.16.840.1.113883.5.6"/>
<statusCode code="active"/>
<effectiveTime>
<low value="20111231"/>
</effectiveTime>
<entryRelationship typeCode="SUBJ">
<observation classCode="OBS" moodCode="EVN">
<templateId root="2.16.840.1.113883.10.20.22.4.4" extension="2015-08-01"/>
<templateId root="2.16.840.1.113883.10.20.22.4.4"/>
<id root="138010cb-aac2-43ac-9b5f-fe0cb8f7a101"/>
<code code="64572001" displayName="Condition" codeSystemName="SNOMED-CT" codeSystem="2.16.840.1.113883.6.96">
<translation code="75323-6" codeSystem="2.16.840.1.113883.6.1" codeSystemName="LOINC" displayName="Condition"/>
</code>
<statusCode code="completed"/>
<effectiveTime>
<low value="20111231"/>
</effectiveTime>
<value xsi:type="CD" code="236578006" displayName="Chronic rejection of renal transplant" codeSystem="2.16.840.1.113883.6.96" codeSystemName="SNOMED-CT"/>
</observation>
</entryRelationship>
</act>
</entry>
</section>
</component>
<component>
<section nullFlavor="NI">
<templateId root="2.16.840.1.113883.10.20.22.2.2.1" extension="2015-08-01"/>
<templateId root="2.16.840.1.113883.10.20.22.2.2.1"/>
<code code="11369-6" codeSystem="2.16.840.1.113883.6.1"/>
<title>Immunizations</title>
<text>No Immunizations Entered</text>
</section>
</component>
<component>
<section nullFlavor="NI">
<templateId root="2.16.840.1.113883.10.20.22.2.4.1" extension="2015-08-01"/>
<templateId root="2.16.840.1.113883.10.20.22.2.4.1"/>
<code code="8716-3" codeSystem="2.16.840.1.113883.6.1"/>
<title>Vital Signs</title>
<text>No Vital Signs Entered</text>
</section>
</component>
<component>
<section>
<templateId root="2.16.840.1.113883.10.20.22.2.17" extension="2015-08-01"/>
<templateId root="2.16.840.1.113883.10.20.22.2.17"/>
<code code="29762-2" codeSystem="2.16.840.1.113883.6.1"/>
<title>Social History</title>
<text>No Social History Smoking Status available</text>
<entry typeCode="DRIV">
<observation classCode="OBS" moodCode="EVN">
<templateId root="2.16.840.1.113883.10.20.22.4.200" extension="2016-06-01"/>
<templateId root="2.16.840.1.113883.10.20.22.4.200"/>
<id root="9f9ed0d2-e212-4ee4-b74e-a43d3adba467"/>
<code code="76689-9" codeSystem="2.16.840.1.113883.6.1" codeSystemName="LOINC" displayName="Birth Sex"/>
<statusCode code="completed"/>
<effectiveTime value="19700701"/>
<value xsi:type="CD" code="F" codeSystem="2.16.840.1.113883.5.1"/>
</observation>
</entry>
</section>
</component>
<component>
<section nullFlavor="NI">
<templateId root="2.16.840.1.113883.10.20.22.2.7.1" extension="2014-06-09"/>
<templateId root="2.16.840.1.113883.10.20.22.2.7.1"/>
<code code="47519-4" codeSystem="2.16.840.1.113883.6.1" codeSystemName="LOINC" displayName="HISTORY OF PROCEDURES"/>
<title>PROCEDURES</title>
<text>No Known Procedures</text>
</section>
</component>
<component>
<section nullFlavor="NI">
<templateId root="2.16.840.1.113883.10.20.22.2.3.1" extension="2015-08-01"/>
<templateId root="2.16.840.1.113883.10.20.22.2.3.1"/>
<code code="30954-2" codeSystem="2.16.840.1.113883.6.1" codeSystemName="LOINC"/>
<title>Relevant diagnostic tests and/or laboratory data</title>
<text>No Lab Results</text>
</section>
</component>
<component>
<section>
<templateId root="2.16.840.1.113883.10.20.22.2.14" extension="2014-06-09"/>
<templateId root="2.16.840.1.113883.10.20.22.2.14"/>
<code code="47420-5" displayName="Functional Status" codeSystem="2.16.840.1.113883.6.1" codeSystemName="LOINC"/>
<title>Functional Status</title>
<text>Functional Status information not available</text>
</section>
</component>
<component>
<section>
<templateId root="2.16.840.1.113883.10.20.22.2.8"/>
<code codeSystem="2.16.840.1.113883.6.1" codeSystemName="LOINC" code="51848-0" displayName="ASSESSMENTS"/>
<title>ASSESSMENTS</title>
<text>Not Assessment Documented</text>
</section>
</component>
<component>
<section>
<templateId root="2.16.840.1.113883.10.20.22.2.10" extension="2014-06-09"/>
<templateId root="2.16.840.1.113883.10.20.22.2.10"/>
<code codeSystem="2.16.840.1.113883.6.1" codeSystemName="LOINC" code="18776-5" displayName="Treatment plan"/>
<title>TREATMENT PLAN</title>
<text>No Treatment Plan recorded</text>
</section>
</component>
<component>
<section>
<templateId root="2.16.840.1.113883.10.20.22.2.56" extension="2015-08-01"/>
<templateId root="2.16.840.1.113883.10.20.22.2.56"/>
<code code="10190-7" displayName="Mental Status" codeSystem="2.16.840.1.113883.6.1" codeSystemName="LOINC"/>
<title>Mental Status</title>
<text>Mental Status information not available</text>
</section>
</component>
<component>
<section nullFlavor="NI">
<templateId root="2.16.840.1.113883.10.20.22.2.22.1" extension="2015-08-01"/>
<templateId root="2.16.840.1.113883.10.20.22.2.22.1"/>
<code code="46240-8" displayName="Encounter History" codeSystem="2.16.840.1.113883.6.1" codeSystemName="LOINC"/>
<title>Encounters</title>
<text>No Encounter information</text>
</section>
</component>
<component>
<section>
<templateId root="2.16.840.1.113883.10.20.22.2.23" extension="2014-06-09"/>
<templateId root="2.16.840.1.113883.10.20.22.2.23"/>
<code code="46264-8" displayName="Medical Equipment" codeSystem="2.16.840.1.113883.6.1" codeSystemName="LOINC"/>
<title>Medical Equipment</title>
<text>No implanted devices documented</text>
</section>
</component>
</structuredBody>
</component>
</ClinicalDocument>
