<?xml version="1.0" encoding="UTF-8"?><?xml-stylesheet type='text/xsl' href='CDA.xsl'?><ClinicalDocument xmlns:xsi="http://www.w3.org/2001/XMLSchema-instance" xmlns="urn:hl7-org:v3" xmlns:voc="urn:hl7-org:v3/voc" xmlns:sdtc="urn:hl7-org:sdtc">
<realmCode code="US"/>
<typeId root="2.16.840.1.113883.1.3" extension="POCD_HD000040"/>
<!--US Realm Header ID-->
<templateId root="2.16.840.1.113883.10.20.22.1.1" extension="2015-08-01"/>
<templateId root="2.16.840.1.113883.10.20.22.1.1"/>
<!--Document template ID-->
<templateId root="2.16.840.1.113883.10.20.22.1.2" extension="2015-08-01"/>
<templateId root="2.16.840.1.113883.10.20.22.1.2"/>
<!--GUID that isn't a guid, just our noteid.-->
<id extension="13" root="a5d3c7db-7c9c-48f2-bdc9-7d74c2275a5a"/>
<code code="34133-9" displayName="Summarization of Episode Note" codeSystem="2.16.840.1.113883.6.1" codeSystemName="LOINC"/>
<title>Summarization of Episode Note for Jones, Myra created on 2017-08-10</title>
<effectiveTime value="20170810133907-0500"/>
<confidentialityCode code="N" displayName="normal" codeSystem="2.16.840.1.113883.5.25" codeSystemName="Confidentiality"/>
<languageCode code="en-US"/>
<recordTarget>
<patientRole>
<id root="2.16.840.1.113883.4.1" extension="UNK"/>
<addr use="HP">
<!--HP is from code system 2.16.840.1.113883.5.1119 : Primary home address-->
<streetAddressLine>1357 Amber Drive</streetAddressLine>
<city>Beaverton</city>
<state>TX</state>
<postalCode>97006</postalCode>
</addr>
<telecom value="tel: tel:(816)276-6909" use="HP"/>
<telecom nullFlavor="UNK" use="MC"/>
<patient>
<name>
<given qualifier="BR">Myra</given>
<family>Jones</family>
</name>
<administrativeGenderCode code="F" displayName="Female" codeSystem="2.16.840.1.113883.5.1"/>
<birthTime value="19470501"/>
<raceCode code="2106-3" displayName="White" codeSystem="2.16.840.1.113883.6.238"/>
<sdtc:raceCode code="2106-3" displayName="White" codeSystem="2.16.840.1.113883.6.238"/>
<ethnicGroupCode code="2186-5" displayName="Not Hispanic or Latino" codeSystem="2.16.840.1.113883.6.238"/>
<sdtc:ethnicGroupCode code="2186-5" displayName="Not Hispanic or Latino" codeSystem="2.16.840.1.113883.6.238"/>
<languageCommunication>
<languageCode code="en"/>
</languageCommunication>
</patient>
<providerOrganization>
<id extension="unknown" root="2.16.840.1.113883.4.6"/>
<name>Neighborhood Physicians Practice</name>
<telecom value="tel: 555-555-1002" use="WP"/>
<addr>
<streetAddressLine>2472 Rocky place</streetAddressLine>
<city>Beaverton</city>
<state>OR</state>
<postalCode>97006</postalCode>
</addr>
</providerOrganization>
</patientRole>
</recordTarget>
<author>
<time value="20170810"/>
<assignedAuthor>
<id nullFlavor="UNK" root="2.16.840.1.113883.5.1008"/>
<addr>
<streetAddressLine>Unknown</streetAddressLine>
<city>Unknown</city>
<state>TX</state>
<postalCode>78701</postalCode>
</addr>
<telecom value="tel: 555-1212" use="WP"/>
<assignedPerson>
<name>
<given>Mike</given>
<family>Burns</family>
</name>
</assignedPerson>
<representedOrganization>
<id root="authorsOrganizationRoot" extension="authorsOrganizationExt"/>
<name/>
</representedOrganization>
</assignedAuthor>
</author>
<custodian>
<assignedCustodian>
<representedCustodianOrganization>
<id extension="unknown" root="2.16.840.1.113883.4.6"/>
<name>Neighborhood Physicians Practice</name>
<telecom value="tel: 555-555-1002" use="WP"/>
<addr>
<streetAddressLine>2472 Rocky place</streetAddressLine>
<city>Beaverton</city>
<state>OR</state>
<postalCode>97006</postalCode>
</addr>
</representedCustodianOrganization>
</assignedCustodian>
</custodian>
<informationRecipient>
<intendedRecipient>
<informationRecipient>
<name>
<prefix>Dr</prefix>
<given>Abraham</given>
<family>Vigoda</family>
</name>
</informationRecipient>
<receivedOrganization>
<name>Receiving Oraganization</name>
</receivedOrganization>
</intendedRecipient>
</informationRecipient>
<documentationOf>
<serviceEvent classCode="PCPR">
<effectiveTime>
<low value="20170809"/>
<high value="20170810"/>
</effectiveTime>
<performer typeCode="PRF">
<assignedEntity>
<id extension="UNKNOWN" root="2.16.840.1.113883.4.6"/>
<addr>
<streetAddressLine>2472 Rocky place</streetAddressLine>
<city>Beaverton</city>
<state>OR</state>
<postalCode>97006</postalCode>
</addr>
<telecom value="tel: 555-555-1002" use="WP"/>
<assignedPerson>
<name>
<given>Mike</given>
<family>Burns</family>
</name>
</assignedPerson>
<representedOrganization>
<id root="authorsOrganizationRoot" extension="authorsOrganizationExt"/>
<name/>
</representedOrganization>
</assignedEntity>
</performer>
<performer typeCode="PRF">
<assignedEntity>
<id extension="2" root="2.16.840.1.113883.4.6"/>
<addr>
<streetAddressLine>2472 Rocky place</streetAddressLine>
<city>Beaverton</city>
<state>OR</state>
<postalCode>97006</postalCode>
</addr>
<telecom value="tel: 555-555-1002" use="WP"/>
<assignedPerson>
<name>
<given>Albert</given>
<family>Davis</family>
</name>
</assignedPerson>
<representedOrganization>
<id root="authorsOrganizationRoot" extension="authorsOrganizationExt"/>
<name/>
</representedOrganization>
</assignedEntity>
</performer>
</serviceEvent>
</documentationOf>
<component>
<structuredBody>
<component>
<section>
<templateId root="2.16.840.1.113883.10.20.22.2.6.1" extension="2015-08-01"/>
<templateId root="2.16.840.1.113883.10.20.22.2.6.1"/>
<code code="48765-2" codeSystem="2.16.840.1.113883.6.1" codeSystemName="LOINC"/>
<title>Allergies</title>
<text>
<table border="1" width="100%">
<thead>
<tr>
<th>Substance</th>
<th>Reaction</th>
<th>Severity</th>
<th>Status</th>
</tr>
</thead>
<tbody>
<tr>
<td>
<content ID="product1">CODEINE</content>
</td>
<td>
<content ID="reaction1">Dyspnea</content>
</td>
<td>
<content ID="severity1">Moderate</content>
</td>
<td>Active</td>
</tr>
<tr>
<td>
<content ID="product2">ASPIRIN</content>
</td>
<td>
<content ID="reaction2">Hives</content>
</td>
<td>
<content ID="severity2"/>
</td>
<td>Active</td>
</tr>
</tbody>
</table>
</text>
<entry typeCode="DRIV">
<act classCode="ACT" moodCode="EVN">
<templateId root="2.16.840.1.113883.10.20.22.4.30" extension="2015-08-01"/>
<templateId root="2.16.840.1.113883.10.20.22.4.30"/>
<id root="1ba3718c-1dcc-42f1-888d-f20585f0d5a9"/>
<code code="CONC" codeSystem="2.16.840.1.113883.5.6"/>
<statusCode code="active"/>
<effectiveTime>
<low value="20060501"/>
</effectiveTime>
<entryRelationship typeCode="SUBJ">
<observation classCode="OBS" moodCode="EVN">
<templateId root="2.16.840.1.113883.10.20.22.4.7" extension="2014-06-09"/>
<templateId root="2.16.840.1.113883.10.20.22.4.7"/>
<id root="0dacca82-b41e-4b5c-a078-7d1e2976298b"/>
<code code="ASSERTION" codeSystem="2.16.840.1.113883.5.4"/>
<statusCode code="completed"/>
<effectiveTime>
<low value="20060501"/>
</effectiveTime>
<value xsi:type="CD" code="419511003" displayName="Propensity to adverse reaction to drug" codeSystem="2.16.840.1.113883.6.96" codeSystemName="SNOMED-CT"/>
<participant typeCode="CSM">
<participantRole classCode="MANU">
<playingEntity classCode="MMAT">
<code code="2670" displayName="CODEINE" codeSystem="2.16.840.1.113883.6.88"/>
</playingEntity>
</participantRole>
</participant>
<entryRelationship typeCode="MFST" inversionInd="true">
<observation classCode="OBS" moodCode="EVN">
<templateId root="2.16.840.1.113883.10.20.22.4.9" extension="2014-06-09"/>
<templateId root="2.16.840.1.113883.10.20.22.4.9"/>
<id root="a385cfe4-3b78-42ad-9580-e17b5753105a"/>
<code code="ASSERTION" codeSystem="2.16.840.1.113883.5.4"/>
<statusCode code="completed"/>
<value xsi:type="CD" code="267036007" displayName="Dyspnea" codeSystem="2.16.840.1.113883.6.96" codeSystemName="SNOMED-CT"/>
<entryRelationship typeCode="SUBJ" inversionInd="true">
<observation classCode="OBS" moodCode="EVN">
<templateId root="2.16.840.1.113883.10.20.22.4.8" extension="2014-06-09"/>
<templateId root="2.16.840.1.113883.10.20.22.4.8"/>
<code code="SEV" displayName="Severity Observation" codeSystem="2.16.840.1.113883.5.4" codeSystemName="ActCode"/>
<statusCode code="completed"/>
<value xsi:type="CD" code="6736007" displayName="Moderate" codeSystem="2.16.840.1.113883.6.96" codeSystemName="SNOMED-CT"/>
</observation>
</entryRelationship>
</observation>
</entryRelationship>
</observation>
</entryRelationship>
</act>
</entry>
<entry typeCode="DRIV">
<act classCode="ACT" moodCode="EVN">
<templateId root="2.16.840.1.113883.10.20.22.4.30" extension="2015-08-01"/>
<templateId root="2.16.840.1.113883.10.20.22.4.30"/>
<id root="acb9fb80-a3cc-47ed-bc34-17b432c14faf"/>
<code code="CONC" codeSystem="2.16.840.1.113883.5.6"/>
<statusCode code="active"/>
<effectiveTime>
<low value="20080501"/>
</effectiveTime>
<entryRelationship typeCode="SUBJ">
<observation classCode="OBS" moodCode="EVN">
<templateId root="2.16.840.1.113883.10.20.22.4.7" extension="2014-06-09"/>
<templateId root="2.16.840.1.113883.10.20.22.4.7"/>
<id root="f164202a-35fd-46f9-9041-1922320970e6"/>
<code code="ASSERTION" codeSystem="2.16.840.1.113883.5.4"/>
<statusCode code="completed"/>
<effectiveTime>
<low value="20080501"/>
</effectiveTime>
<value xsi:type="CD" code="419511003" displayName="Propensity to adverse reaction to drug" codeSystem="2.16.840.1.113883.6.96" codeSystemName="SNOMED-CT"/>
<participant typeCode="CSM">
<participantRole classCode="MANU">
<playingEntity classCode="MMAT">
<code code="1191" displayName="ASPIRIN" codeSystem="2.16.840.1.113883.6.88"/>
</playingEntity>
</participantRole>
</participant>
<entryRelationship typeCode="MFST" inversionInd="true">
<observation classCode="OBS" moodCode="EVN">
<templateId root="2.16.840.1.113883.10.20.22.4.9" extension="2014-06-09"/>
<templateId root="2.16.840.1.113883.10.20.22.4.9"/>
<id root="7249ea32-1ff2-4f68-a8f3-2a19b6f84c84"/>
<code code="ASSERTION" codeSystem="2.16.840.1.113883.5.4"/>
<statusCode code="completed"/>
<value xsi:type="CD" code="247472004" displayName="Hives" codeSystem="2.16.840.1.113883.6.96" codeSystemName="SNOMED-CT"/>
</observation>
</entryRelationship>
</observation>
</entryRelationship>
</act>
</entry>
</section>
</component>
<component>
<section>
<templateId root="2.16.840.1.113883.10.20.22.2.1.1" extension="2014-06-09"/>
<templateId root="2.16.840.1.113883.10.20.22.2.1.1"/>
<code code="10160-0" codeSystem="2.16.840.1.113883.6.1" codeSystemName="LOINC"/>
<title>Medications</title>
<text>
<table border="1" width="100%">
<thead>
<tr>
<th>Medication</th>
<th>Directions</th>
<th>Start Date</th>
<th>End Date</th>
</tr>
</thead>
<tbody>
<tr>
<td>
<content ID="medication1">200 ACTUAT Albuterol 0.09 MG/ACTUAT Dry Powder Inhaler</content>
</td>
<td>
<content ID="meddirections1">0.09 MG/ACTUAT inhalant powder, 2 puffs QID PRN wheezing </content>
</td>
<td>
<content ID="medstartdate1">2012-08-01</content>
</td>
<td>
<content ID="medenddate1">2012-08-06</content>
</td>
</tr>
</tbody>
</table>
</text>
<!--Medication Entry-->
<entry>
<substanceAdministration classCode="SBADM" moodCode="EVN" negationInd="false">
<templateId root="2.16.840.1.113883.10.20.22.4.16" extension="2014-06-09"/>
<templateId root="2.16.840.1.113883.10.20.22.4.16"/>
<id root="1.3.6.1.4.1.115" extension="39b0f114-16fc-4335-85e1-792d09b18444"/>
<text>
<reference value="meddirections1"/>0.09 MG/ACTUAT inhalant powder, 2 puffs QID PRN wheezing </text>
<statusCode code="active"/>
<effectiveTime xsi:type="IVL_TS">
<low value="20120801"/>
<high value="20120806"/>
</effectiveTime>
<effectiveTime xsi:type="PIVL_TS" institutionSpecified="true" operator="A">
<period value="6" unit="h"/>
</effectiveTime>
<doseQuantity value="2"/>
<consumable>
<manufacturedProduct classCode="MANU">
<templateId root="2.16.840.1.113883.10.20.22.4.23" extension="2014-06-09"/>
<templateId root="2.16.840.1.113883.10.20.22.4.23"/>
<id root="156d1878-386c-47ac-b8ba-f5f23b2a141d"/>
<manufacturedMaterial>
<code code="1649560" codeSystem="2.16.840.1.113883.6.88" displayName="200 ACTUAT Albuterol 0.09 MG/ACTUAT Dry Powder Inhaler"/>
</manufacturedMaterial>
</manufacturedProduct>
</consumable>
<author>
<templateId root="2.16.840.1.113883.10.20.22.4.119"/>
<time value="20120801"/>
<assignedAuthor>
<id root="ec2bd500-986e-46ea-82ab-c21e7e5de0c4"/>
</assignedAuthor>
</author>
<entryRelationship typeCode="RSON">
<observation classCode="OBS" moodCode="EVN">
<templateId root="2.16.840.1.113883.10.20.24.3.88" extension="2014-12-01"/>
<id root="1.3.6.1.4.1.115" extension="e8405898-be0d-49ab-baba-807e62448cd9"/>
<code code="77301-0" codeSystem="2.16.840.1.113883.6.1" displayName="reason" codeSystemName="LOINC"/>
<statusCode code="completed"/>
<effectiveTime>
<low value="20120801"/>
</effectiveTime>
<value xsi:type="CD" code="233604007" codeSystem="2.16.840.1.113883.6.96" displayName="Pneumonia"/>
</observation>
</entryRelationship>
</substanceAdministration>
</entry>
</section>
</component>
<component>
<section>
<templateId root="2.16.840.1.113883.10.20.22.2.5.1" extension="2015-08-01"/>
<templateId root="2.16.840.1.113883.10.20.22.2.5.1"/>
<code code="11450-4" codeSystem="2.16.840.1.113883.6.1" codeSystemName="LOINC"/>
<title>Med Problems</title>
<text>
<paragraph>Active Concerns</paragraph>
<list>
<item>Pneumonia 2012-08-06 </item>
<item>Asthma 2007-01-03 </item>
</list>
</text>
<entry typeCode="DRIV">
<act classCode="ACT" moodCode="EVN">
<templateId root="2.16.840.1.113883.10.20.22.4.3" extension="2015-08-01"/>
<templateId root="2.16.840.1.113883.10.20.22.4.3"/>
<id root="e5b23a2b-a00e-4cb6-8f41-08b2d184cdfd"/>
<code code="CONC" codeSystem="2.16.840.1.113883.5.6"/>
<statusCode code="active"/>
<effectiveTime>
<low value="20120806"/>
</effectiveTime>
<entryRelationship typeCode="SUBJ">
<observation classCode="OBS" moodCode="EVN">
<templateId root="2.16.840.1.113883.10.20.22.4.4" extension="2015-08-01"/>
<templateId root="2.16.840.1.113883.10.20.22.4.4"/>
<id root="36f2777c-5222-4b60-bcd8-f2f23c17561f"/>
<code code="64572001" displayName="Condition" codeSystemName="SNOMED-CT" codeSystem="2.16.840.1.113883.6.96">
<translation code="75323-6" codeSystem="2.16.840.1.113883.6.1" codeSystemName="LOINC" displayName="Condition"/>
</code>
<statusCode code="completed"/>
<effectiveTime>
<low value="20120806"/>
</effectiveTime>
<value xsi:type="CD" code="233604007" displayName="Pneumonia" codeSystem="2.16.840.1.113883.6.96" codeSystemName="SNOMED-CT"/>
</observation>
</entryRelationship>
</act>
</entry>
<entry typeCode="DRIV">
<act classCode="ACT" moodCode="EVN">
<templateId root="2.16.840.1.113883.10.20.22.4.3" extension="2015-08-01"/>
<templateId root="2.16.840.1.113883.10.20.22.4.3"/>
<id root="62a947e7-4550-466e-93f4-6c9dda1f27a9"/>
<code code="CONC" codeSystem="2.16.840.1.113883.5.6"/>
<statusCode code="active"/>
<effectiveTime>
<low value="20070103"/>
</effectiveTime>
<entryRelationship typeCode="SUBJ">
<observation classCode="OBS" moodCode="EVN">
<templateId root="2.16.840.1.113883.10.20.22.4.4" extension="2015-08-01"/>
<templateId root="2.16.840.1.113883.10.20.22.4.4"/>
<id root="451e2d4e-aa76-440c-b762-7a2ad203e550"/>
<code code="64572001" displayName="Condition" codeSystemName="SNOMED-CT" codeSystem="2.16.840.1.113883.6.96">
<translation code="75323-6" codeSystem="2.16.840.1.113883.6.1" codeSystemName="LOINC" displayName="Condition"/>
</code>
<statusCode code="completed"/>
<effectiveTime>
<low value="20070103"/>
</effectiveTime>
<value xsi:type="CD" code="195967001" displayName="Asthma" codeSystem="2.16.840.1.113883.6.96" codeSystemName="SNOMED-CT"/>
</observation>
</entryRelationship>
</act>
</entry>
</section>
</component>
<component>
<section nullFlavor="NI">
<templateId root="2.16.840.1.113883.10.20.22.2.2.1" extension="2015-08-01"/>
<templateId root="2.16.840.1.113883.10.20.22.2.2.1"/>
<code code="11369-6" codeSystem="2.16.840.1.113883.6.1"/>
<title>Immunizations</title>
<text>No Immunizations Entered</text>
</section>
</component>
<component>
<section nullFlavor="NI">
<templateId root="2.16.840.1.113883.10.20.22.2.4.1" extension="2015-08-01"/>
<templateId root="2.16.840.1.113883.10.20.22.2.4.1"/>
<code code="8716-3" codeSystem="2.16.840.1.113883.6.1"/>
<title>Vital Signs</title>
<text>No Vital Signs Entered</text>
</section>
</component>
<component>
<section>
<templateId root="2.16.840.1.113883.10.20.22.2.17" extension="2015-08-01"/>
<templateId root="2.16.840.1.113883.10.20.22.2.17"/>
<code code="29762-2" codeSystem="2.16.840.1.113883.6.1"/>
<title>Social History</title>
<text>
<table border="1" width="100%">
<thead>
<tr>
<th>Social History Observation</th>
<th>Description</th>
<th>Date observed</th>
</tr>
</thead>
<tbody>
<tr>
<td>Smoking Status</td>
<td>Current every day smoker</td>
<td>2017-08-10</td>
</tr>
<tr>
<td>Historical Smoking Status</td>
<td>Former smoker</td>
<td>2017-08-10</td>
</tr>
</tbody>
</table>
</text>
<entry typeCode="DRIV">
<observation classCode="OBS" moodCode="EVN">
<templateId root="2.16.840.1.113883.10.20.22.4.200" extension="2016-06-01"/>
<templateId root="2.16.840.1.113883.10.20.22.4.200"/>
<id root="22d7bbab-e57f-4879-9368-53b5c1cf2d8f"/>
<code code="76689-9" codeSystem="2.16.840.1.113883.6.1" codeSystemName="LOINC" displayName="Birth Sex"/>
<statusCode code="completed"/>
<effectiveTime value="19470501"/>
<value xsi:type="CD" code="F" codeSystem="2.16.840.1.113883.5.1"/>
</observation>
</entry>
<entry typeCode="DRIV">
<observation classCode="OBS" moodCode="EVN">
<templateId root="2.16.840.1.113883.10.20.22.4.78" extension="2014-06-09"/>
<templateId root="2.16.840.1.113883.10.20.22.4.78"/>
<id root="17b02b8a-ffa1-40fa-a9c7-8aad167b9317"/>
<code code="72166-2" codeSystem="2.16.840.1.113883.6.1" displayName="Tobacco smoking status NHIS"/>
<statusCode code="completed"/>
<effectiveTime value="20170810"/>
<value xsi:type="CD" code="449868002" displayName="Current every day smoker" codeSystem="2.16.840.1.113883.6.96"/>
</observation>
</entry>
<entry typeCode="DRIV">
<observation classCode="OBS" moodCode="EVN">
<templateId root="2.16.840.1.113883.10.20.22.4.85" extension="2014-06-09"/>
<templateId root="2.16.840.1.113883.10.20.22.4.85"/>
<id root="b1df4d80-4bcb-4361-aa1d-5eb365304db0"/>
<code code="11367-0" codeSystem="2.16.840.1.113883.6.1" displayName="History of tobacco use"/>
<statusCode code="completed"/>
<effectiveTime>
<low value="20170810"/>
</effectiveTime>
<value xsi:type="CD" code="8517006" displayName="Former smoker" codeSystem="2.16.840.1.113883.6.96"/>
</observation>
</entry>
</section>
</component>
<component>
<section>
<templateId root="2.16.840.1.113883.10.20.22.2.7.1" extension="2014-06-09"/>
<templateId root="2.16.840.1.113883.10.20.22.2.7.1"/>
<code code="47519-4" codeSystem="2.16.840.1.113883.6.1" codeSystemName="LOINC" displayName="HISTORY OF PROCEDURES"/>
<title>PROCEDURES</title>
<text>
<list>
<item>Standard chest X-ray abnormal</item>
</list>
</text>
<entry typeCode="DRIV">
<procedure classCode="PROC" moodCode="EVN">
<templateId root="2.16.840.1.113883.10.20.22.4.14" extension="2014-06-09"/>
<templateId root="2.16.840.1.113883.10.20.22.4.14"/>
<id root="9618c021-36c8-42a7-8eb0-dbd357e9450c"/>
<code code="168734001" codeSystem="2.16.840.1.113883.6.96" codeSystemName="SNOMED-CT" displayName="Standard chest X-ray abnormal"/>
<statusCode code="completed"/>
</procedure>
</entry>
</section>
</component>
<component>
<section nullFlavor="NI">
<templateId root="2.16.840.1.113883.10.20.22.2.3.1" extension="2015-08-01"/>
<templateId root="2.16.840.1.113883.10.20.22.2.3.1"/>
<code code="30954-2" codeSystem="2.16.840.1.113883.6.1" codeSystemName="LOINC"/>
<title>Relevant diagnostic tests and/or laboratory data</title>
<text>No Lab Results</text>
</section>
</component>
<component>
<section>
<templateId root="2.16.840.1.113883.10.20.22.2.14" extension="2014-06-09"/>
<templateId root="2.16.840.1.113883.10.20.22.2.14"/>
<code code="47420-5" displayName="Functional Status" codeSystem="2.16.840.1.113883.6.1" codeSystemName="LOINC"/>
<title>Functional Status</title>
<text>
<table border="1" width="100%">
<thead>
<tr>
<th>Functional Category</th>
<th>Date</th>
</tr>
</thead>
<tbody>
<tr>
<td>Dependence of Cane</td>
<td>2017-08-10</td>
</tr>
</tbody>
</table>
</text>
<entry>
<observation classCode="OBS" moodCode="EVN">
<templateId root="2.16.840.1.113883.10.20.22.4.67" extension="2014-06-09"/>
<id root="0a2be2bc-5221-4f34-a9fe-bb41a9b405c2"/>
<code code="54522-8" codeSystem="2.16.840.1.113883.6.1" codeSystemName="LOINC" displayName="Functional status"/>
<statusCode code="completed"/>
<effectiveTime value="20170810"/>
<value xsi:type="CD" displayName="Dependence of Cane" code="105504002" codeSystem="2.16.840.1.113883.6.1"/>
</observation>
</entry>
</section>
</component>
<component>
<section>
<templateId root="2.16.840.1.113883.10.20.22.2.8"/>
<code codeSystem="2.16.840.1.113883.6.1" codeSystemName="LOINC" code="51848-0" displayName="ASSESSMENTS"/>
<title>ASSESSMENTS</title>
<text>Not Assessment Documented</text>
</section>
</component>
<component>
<section>
<templateId root="2.16.840.1.113883.10.20.22.2.10" extension="2014-06-09"/>
<templateId root="2.16.840.1.113883.10.20.22.2.10"/>
<code codeSystem="2.16.840.1.113883.6.1" codeSystemName="LOINC" code="18776-5" displayName="Treatment plan"/>
<title>TREATMENT PLAN</title>
<text>No Treatment Plan recorded</text>
</section>
</component>
<component>
<section>
<templateId root="2.16.840.1.113883.10.20.22.2.56" extension="2015-08-01"/>
<templateId root="2.16.840.1.113883.10.20.22.2.56"/>
<code code="10190-7" displayName="Mental Status" codeSystem="2.16.840.1.113883.6.1" codeSystemName="LOINC"/>
<title>Mental Status</title>
<text>
<table border="1" width="100%">
<thead>
<tr>
<th>Status</th>
<th>Date</th>
</tr>
</thead>
<tbody>
<tr>
<td>Amnesia</td>
<td>2017-08-10</td>
</tr>
</tbody>
</table>
</text>
<entry>
<observation classCode="OBS" moodCode="EVN">
<templateId root="2.16.840.1.113883.10.20.22.4.74" extension="2015-08-01"/>
<id root="3137e51e-329d-427e-b6fc-9c8f75ca6b4e"/>
<code code="373930000" codeSystem="2.16.840.1.113883.6.96" codeSystemName="SNOMED-CT" displayName="Cognitive function">
<translation code="75275-8" codeSystem="2.16.840.1.113883.6.1" codeSystemName="LOINC" displayName="Cognitive Function"/>
</code>
<statusCode code="completed"/>
<effectiveTime value="20170810"/>
<value xsi:type="CD" displayName="Amnesia" code="48167000" codeSystem="2.16.840.1.113883.6.1"/>
</observation>
</entry>
</section>
</component>
<component>
<section nullFlavor="NI">
<templateId root="2.16.840.1.113883.10.20.22.2.22.1" extension="2015-08-01"/>
<templateId root="2.16.840.1.113883.10.20.22.2.22.1"/>
<code code="46240-8" displayName="Encounter History" codeSystem="2.16.840.1.113883.6.1" codeSystemName="LOINC"/>
<title>Encounters</title>
<text>No Encounter information</text>
</section>
</component>
<component>
<section>
<templateId root="2.16.840.1.113883.10.20.22.2.23" extension="2014-06-09"/>
<templateId root="2.16.840.1.113883.10.20.22.2.23"/>
<code code="46264-8" displayName="Medical Equipment" codeSystem="2.16.840.1.113883.6.1" codeSystemName="LOINC"/>
<title>Medical Equipment</title>
<text>No implanted devices documented</text>
</section>
</component>
</structuredBody>
</component>
</ClinicalDocument>
