<?xml version="1.0" encoding="utf-8"?>
<ClinicalDocument xmlns:xsi="http://www.w3.org/2001/XMLSchema-instance" xmlns:xsd="http://www.w3.org/2001/XMLSchema" xmlns:sdtc="urn:hl7-org:sdtc" moodCode="EVN" xmlns="urn:hl7-org:v3">
	<realmCode code="US" />
	<typeId root="2.16.840.1.113883.1.3" extension="POCD_HD000040" />
	<templateId root="2.16.840.1.113883.10.20.22.1.1" extension="2015-08-01" />
	<templateId root="2.16.840.1.113883.10.20.22.1.1" />
	<templateId root="2.16.840.1.113883.10.20.22.1.2" extension="2015-08-01" />
	<templateId root="2.16.840.1.113883.10.20.22.1.2" />
	<id root="9a372c84-f866-48c1-bd9d-1de8bacd60ee" extension="2.16.840.1.113883.3.271.4963.20170316135501856" />
	<code code="34133-9" codeSystem="2.16.840.1.113883.6.1" codeSystemName="LOINC" displayName="Summarization of Episode Note" />
	<title>Paragon Hospital - D - Continuity of Care Document</title>
	<effectiveTime value="20170316135501-0400" />
	<confidentialityCode code="N" codeSystem="2.16.840.1.113883.5.25" codeSystemName="Confidentiality" displayName="normal" />
	<languageCode code="en-US" />
	<recordTarget>
		<patientRole>
			<id root="2.16.840.1.113883.3.271.4963" extension="156292" />
			<addr use="HP">
				<streetAddressLine>1357 AMBER DRIVE</streetAddressLine>
				<city>BEAVERTON</city>
				<state>OR</state>
				<country>US</country>
				<postalCode>97006</postalCode>
			</addr>
			<telecom value="tel:(816)276-6909" use="HP" />
			<patient>
				<name use="L">
					<given>MYRA</given>
					<family>JONES</family>
				</name>
				<administrativeGenderCode code="F" codeSystem="2.16.840.1.113883.5.1" codeSystemName="AdministrativeGenderCode" displayName="Female" />
				<birthTime value="19470501" />
				<maritalStatusCode code="M" codeSystem="2.16.840.1.113883.5.2" codeSystemName="MaritalStatusCode" displayName="MARRIED" />
				<raceCode code="2106-3" codeSystem="2.16.840.1.113883.6.238" codeSystemName="Race &#38; Ethnicity - CDC" displayName="White" />
				<ethnicGroupCode nullFlavor="NI" />
				<languageCommunication>
					<languageCode code="en" />
					<preferenceInd value="true" />
				</languageCommunication>
			</patient>
			<providerOrganization>
				<id root="2.16.840.1.113883.4.6" extension="NPI9565412" />
				<name>Paragon Hospital - D</name>
				<telecom value="tel:(704)549-7000" use="WP" />
				<addr>
					<streetAddressLine>7655 DIONNE SANDERS DR</streetAddressLine>
					<streetAddressLine>SUITE B3-B</streetAddressLine>
					<city>CHARLOTTE</city>
					<state>NC</state>
					<country>US</country>
					<postalCode>28217</postalCode>
				</addr>
			</providerOrganization>
		</patientRole>
	</recordTarget>
	<author>
		<time value="20170316135501-0400" />
		<assignedAuthor>
			<id root="2.16.840.1.113883.4.6" extension="NPI9565412" />
			<addr use="WP">
				<streetAddressLine>7655 DIONNE SANDERS DR</streetAddressLine>
				<streetAddressLine>SUITE B3-B</streetAddressLine>
				<city>CHARLOTTE</city>
				<state>NC</state>
				<country>US</country>
				<postalCode>28217</postalCode>
			</addr>
			<telecom value="tel:(704)549-7000" use="WP" />
			<assignedAuthoringDevice>
				<manufacturerModelName>McKesson</manufacturerModelName>
				<softwareName>Paragon</softwareName>
			</assignedAuthoringDevice>
			<representedOrganization>
				<id root="2.16.840.1.113883.3.271.4963" extension="Paragon Hospital - D" />
				<name>Paragon Hospital - D</name>
			</representedOrganization>
		</assignedAuthor>
	</author>
	<custodian typeCode="CST">
		<assignedCustodian classCode="ASSIGNED">
			<representedCustodianOrganization classCode="ORG" determinerCode="INSTANCE">
				<id root="2.16.840.1.113883.4.6" extension="NPI9565412" />
				<name>Paragon Hospital - D</name>
				<telecom value="tel:(704)549-7000" use="WP" />
				<addr use="WP">
					<streetAddressLine>7655 DIONNE SANDERS DR</streetAddressLine>
					<streetAddressLine>SUITE B3-B</streetAddressLine>
					<city>CHARLOTTE</city>
					<state>NC</state>
					<country>US</country>
					<postalCode>28217</postalCode>
				</addr>
			</representedCustodianOrganization>
		</assignedCustodian>
	</custodian>
	<documentationOf>
		<serviceEvent classCode="PCPR">
			<effectiveTime>
				<low value="201702070932" />
				<high value="201703161355" />
			</effectiveTime>
		</serviceEvent>
	</documentationOf>
	<componentOf>
		<encompassingEncounter classCode="ENC" moodCode="EVN">
			<id root="d544391c-735e-49e2-827d-81d252b0ad0d" extension="000000010014" />
			<effectiveTime>
				<low value="201702070932-0400" />
				<high value="201703161355-0400" />
			</effectiveTime>
			<dischargeDispositionCode nullFlavor="NI" />
		</encompassingEncounter>
	</componentOf>
	<component>
		<structuredBody>
			<component>
				<section>
					<templateId root="2.16.840.1.113883.10.20.22.2.6.1" extension="2015-08-01" />
					<templateId root="2.16.840.1.113883.10.20.22.2.6.1" />
					<code code="48765-2" codeSystem="2.16.840.1.113883.6.1" codeSystemName="LOINC" displayName="Allergies, adverse reactions, alerts" />
					<title>Allergies and Intolerances</title>
					<text>
						<table width="100%" border="1">
							<thead>
								<tr>
									<th>Code</th>
									<th>Code System</th>
									<th>Allergy Substance</th>
									<th>Type</th>
									<th>Reaction</th>
									<th>Start Date</th>
									<th>End Date</th>
									<th>Status</th>
								</tr>
							</thead>
							<tbody>
								<tr>
									<td>2670</td>
									<td>RXNorm</td>
									<td>
										<content ID="allergy1">Codeine</content>
									</td>
									<td>
										<content ID="allergytype1">Drug allergy (disorder)</content>
									</td>
									<td>
										<content ID="reaction1">Shortness of Breath</content>
									</td>
									<td>05/01/2006</td>
									<td />
									<td>Active</td>
								</tr>
								<tr>
									<td>1191</td>
									<td>RXNorm</td>
									<td>
										<content ID="allergy2">Aspirin</content>
									</td>
									<td>
										<content ID="allergytype2">Drug allergy (disorder)</content>
									</td>
									<td>
										<content ID="reaction2">Hives</content>
									</td>
									<td>05/01/2008</td>
									<td />
									<td>Active</td>
								</tr>
							</tbody>
						</table>
					</text>
					<entry typeCode="DRIV">
						<act classCode="ACT" moodCode="EVN">
							<templateId root="2.16.840.1.113883.10.20.22.4.30" extension="2015-08-01" />
							<templateId root="2.16.840.1.113883.10.20.22.4.30" />
							<id root="2104f96d-360e-407c-a4b2-1318a6bcd2cf" />
							<code code="CONC" codeSystem="2.16.840.1.113883.5.6" />
							<statusCode code="active" />
							<effectiveTime>
								<low value="20060501" />
								<high nullFlavor="UNK" />
							</effectiveTime>
							<entryRelationship typeCode="SUBJ">
								<observation classCode="OBS" moodCode="EVN">
									<templateId root="2.16.840.1.113883.10.20.22.4.7" extension="2014-06-09" />
									<templateId root="2.16.840.1.113883.10.20.22.4.7" />
									<id root="b6bf50bf-a089-46ff-b8fb-73343f164f03" />
									<code code="ASSERTION" codeSystem="2.16.840.1.113883.5.4" />
									<statusCode code="completed" />
									<effectiveTime>
										<low value="20060501" />
										<high nullFlavor="UNK" />
									</effectiveTime>
									<value xsi:type="CD" code="416098002" codeSystem="2.16.840.1.113883.6.96" codeSystemName="SNOMED CT" displayName="Drug allergy (disorder)">
										<originalText>Drug allergy (disorder)<reference value="#allergytype1" />
										</originalText>
									</value>
									<participant typeCode="CSM" contextControlCode="OP">
										<participantRole classCode="MANU">
											<playingEntity classCode="MMAT" determinerCode="INSTANCE">
												<code code="2670" codeSystem="2.16.840.1.113883.6.88" codeSystemName="RxNorm" displayName="Codeine">
													<originalText>Codeine<reference value="#allergy1" />
													</originalText>
												</code>
											</playingEntity>
										</participantRole>
									</participant>
									<entryRelationship typeCode="SUBJ" inversionInd="true">
										<observation classCode="OBS" moodCode="EVN">
											<templateId root="2.16.840.1.113883.10.20.22.4.28" />
											<code code="33999-4" codeSystem="2.16.840.1.113883.6.1" codeSystemName="LOINC" displayName="Status" />
											<statusCode code="completed" />
											<value xsi:type="CE" code="55561003" codeSystem="2.16.840.1.113883.6.96" codeSystemName="SNOMED-CT" displayName="Active" />
										</observation>
									</entryRelationship>
									<entryRelationship typeCode="MFST" inversionInd="true">
										<observation classCode="OBS" moodCode="EVN">
											<templateId root="2.16.840.1.113883.10.20.22.4.9" extension="2014-06-09" />
											<templateId root="2.16.840.1.113883.10.20.22.4.9" />
											<id root="d88ab212-fc9c-40c6-bda7-ca41ccd1ea12" />
											<code code="ASSERTION" codeSystem="2.16.840.1.113883.5.4" />
											<statusCode code="completed" />
											<effectiveTime>
												<low nullFlavor="UNK" />
												<high nullFlavor="UNK" />
											</effectiveTime>
											<value xsi:type="CD" nullFlavor="OTH">
												<originalText>Shortness of Breath<reference value="#reaction1" />
												</originalText>
											</value>
											<entryRelationship typeCode="SUBJ" inversionInd="true">
												<observation classCode="OBS" moodCode="EVN">
													<templateId root="2.16.840.1.113883.10.20.22.4.8" extension="2014-06-09" />
													<templateId root="2.16.840.1.113883.10.20.22.4.8" />
													<code code="SEV" codeSystem="2.16.840.1.113883.5.4" codeSystemName="ActCode" displayName="Severity Observation" />
													<text>
														<reference value="#severity1" />
													</text>
													<statusCode code="completed" />
													<value xsi:type="CD" code="6736007" codeSystem="2.16.840.1.113883.6.96" codeSystemName="SNOMED-CT" displayName="Moderate" />
												</observation>
											</entryRelationship>
										</observation>
									</entryRelationship>
								</observation>
							</entryRelationship>
						</act>
					</entry>
					<entry typeCode="DRIV">
						<act classCode="ACT" moodCode="EVN">
							<templateId root="2.16.840.1.113883.10.20.22.4.30" extension="2015-08-01" />
							<templateId root="2.16.840.1.113883.10.20.22.4.30" />
							<id root="adb5ff45-eee6-4fa5-9270-c04730d8298d" />
							<code code="CONC" codeSystem="2.16.840.1.113883.5.6" />
							<statusCode code="active" />
							<effectiveTime>
								<low value="20080501" />
								<high nullFlavor="UNK" />
							</effectiveTime>
							<entryRelationship typeCode="SUBJ">
								<observation classCode="OBS" moodCode="EVN">
									<templateId root="2.16.840.1.113883.10.20.22.4.7" extension="2014-06-09" />
									<templateId root="2.16.840.1.113883.10.20.22.4.7" />
									<id root="16f82eae-8c27-489a-b47d-cb1d58362499" />
									<code code="ASSERTION" codeSystem="2.16.840.1.113883.5.4" />
									<statusCode code="completed" />
									<effectiveTime>
										<low value="20080501" />
										<high nullFlavor="UNK" />
									</effectiveTime>
									<value xsi:type="CD" code="416098002" codeSystem="2.16.840.1.113883.6.96" codeSystemName="SNOMED CT" displayName="Drug allergy (disorder)">
										<originalText>Drug allergy (disorder)<reference value="#allergytype2" />
										</originalText>
									</value>
									<participant typeCode="CSM" contextControlCode="OP">
										<participantRole classCode="MANU">
											<playingEntity classCode="MMAT" determinerCode="INSTANCE">
												<code code="1191" codeSystem="2.16.840.1.113883.6.88" codeSystemName="RxNorm" displayName="Aspirin">
													<originalText>Aspirin<reference value="#allergy2" />
													</originalText>
												</code>
											</playingEntity>
										</participantRole>
									</participant>
									<entryRelationship typeCode="SUBJ" inversionInd="true">
										<observation classCode="OBS" moodCode="EVN">
											<templateId root="2.16.840.1.113883.10.20.22.4.28" />
											<code code="33999-4" codeSystem="2.16.840.1.113883.6.1" codeSystemName="LOINC" displayName="Status" />
											<statusCode code="completed" />
											<value xsi:type="CE" code="55561003" codeSystem="2.16.840.1.113883.6.96" codeSystemName="SNOMED-CT" displayName="Active" />
										</observation>
									</entryRelationship>
									<entryRelationship typeCode="MFST" inversionInd="true">
										<observation classCode="OBS" moodCode="EVN">
											<templateId root="2.16.840.1.113883.10.20.22.4.9" extension="2014-06-09" />
											<templateId root="2.16.840.1.113883.10.20.22.4.9" />
											<id root="e0a5a0fc-78e3-4caa-8781-5fe0755bb12e" />
											<code code="ASSERTION" codeSystem="2.16.840.1.113883.5.4" />
											<statusCode code="completed" />
											<effectiveTime>
												<low nullFlavor="UNK" />
												<high nullFlavor="UNK" />
											</effectiveTime>
											<value xsi:type="CD" nullFlavor="OTH">
												<originalText>Hives<reference value="#reaction2" />
												</originalText>
											</value>
											<entryRelationship typeCode="SUBJ" inversionInd="true">
												<observation classCode="OBS" moodCode="EVN">
													<templateId root="2.16.840.1.113883.10.20.22.4.8" extension="2014-06-09" />
													<templateId root="2.16.840.1.113883.10.20.22.4.8" />
													<code code="SEV" codeSystem="2.16.840.1.113883.5.4" codeSystemName="ActCode" displayName="Severity Observation" />
													<text>
														<reference value="#severity2" />
													</text>
													<statusCode code="completed" />
													<value xsi:type="CD" code="6736007" codeSystem="2.16.840.1.113883.6.96" codeSystemName="SNOMED-CT" displayName="Moderate" />
												</observation>
											</entryRelationship>
										</observation>
									</entryRelationship>
								</observation>
							</entryRelationship>
						</act>
					</entry>
				</section>
			</component>
			<component>
				<section>
					<templateId root="2.16.840.1.113883.10.20.22.2.1.1" extension="2014-06-09" />
					<templateId root="2.16.840.1.113883.10.20.22.2.1.1" />
					<code code="10160-0" codeSystem="2.16.840.1.113883.6.1" codeSystemName="LOINC" displayName="History of medication use" />
					<title>Medications</title>
					<text>
						<table width="100%" border="1">
							<thead>
								<tr>
									<th>RxNorm</th>
									<th>Medication</th>
									<th>Dose</th>
									<th>Route</th>
									<th>Instructions</th>
									<th>Start Date</th>
									<th>End Date</th>
									<th>Status</th>
								</tr>
							</thead>
							<tbody>
								<tr>
									<td>435</td>
									<td>
										<content ID="med1">Albuterol</content>
									</td>
									<td>2 puff</td>
									<td>Inhalation</td>
									<td>inhaled every 6 hours (administer with spacer) </td>
									<td />
									<td />
									<td>Active</td>
								</tr>
								<tr>
									<td />
									<td>
										<content ID="med2">Ventolin HFA Inhaler 90 mcg&#47;actuation</content>
									</td>
									<td>2 puff</td>
									<td>Inhalation</td>
									<td>inhaled every 6 hours (0.09 MG&#47;ACTUAT inhalant powder) </td>
									<td>08/06/2012</td>
									<td>08/13/2012</td>
									<td>Completed</td>
								</tr>
							</tbody>
						</table>
					</text>
					<entry typeCode="DRIV">
						<substanceAdministration classCode="SBADM" moodCode="EVN">
							<templateId root="2.16.840.1.113883.10.20.22.4.16" extension="2014-06-09" />
							<templateId root="2.16.840.1.113883.10.20.22.4.16" />
							<id root="ec551a1b-372e-4a6a-8d06-6932c22c2d1d" />
							<text>Albuterol<reference value="#med1" />
							</text>
							<statusCode code="active" />
							<effectiveTime xsi:type="IVL_TS">
								<low nullFlavor="UNK" />
								<high nullFlavor="UNK" />
							</effectiveTime>
							<effectiveTime xsi:type="PIVL_TS" operator="A" institutionSpecified="true">
								<period value="6.00" unit="h" />
							</effectiveTime>
							<routeCode code="C38216" codeSystem="2.16.840.1.113883.3.26.1.1" codeSystemName="NCI Thesaurus" displayName="Inhalation" />
							<doseQuantity value="2" />
							<administrationUnitCode nullFlavor="NI" />
							<consumable>
								<manufacturedProduct classCode="MANU">
									<templateId root="2.16.840.1.113883.10.20.22.4.23" extension="2014-06-09" />
									<templateId root="2.16.840.1.113883.10.20.22.4.23" />
									<manufacturedMaterial>
										<code code="435" codeSystem="2.16.840.1.113883.6.88" codeSystemName="RxNorm" displayName="Albuterol">
											<originalText>Albuterol<reference value="#med1" />
											</originalText>
										</code>
									</manufacturedMaterial>
								</manufacturedProduct>
							</consumable>
							<entryRelationship typeCode="REFR">
								<observation classCode="OBS" moodCode="EVN">
									<templateId root="2.16.840.1.113883.10.20.1.47" />
									<code code="33999-4" codeSystem="2.16.840.1.113883.6.1" codeSystemName="LOINC" displayName="Status" />
									<value xsi:type="CE" code="55561003" codeSystem="2.16.840.1.113883.6.96" codeSystemName="SNOMED CT" displayName="active" />
								</observation>
							</entryRelationship>
							<entryRelationship typeCode="SUBJ" inversionInd="true">
								<act classCode="ACT" moodCode="INT">
									<templateId root="2.16.840.1.113883.10.20.22.4.20" extension="2014-06-09" />
									<templateId root="2.16.840.1.113883.10.20.22.4.20" />
									<code code="311401005" codeSystem="2.16.840.1.113883.6.96" codeSystemName="SNOMED CT" displayName="Patient Education" />
									<text>inhaled every 6 hours (administer with spacer) <reference value="#med1" />
									</text>
									<statusCode code="completed" />
								</act>
							</entryRelationship>
						</substanceAdministration>
					</entry>
					<entry typeCode="DRIV">
						<substanceAdministration classCode="SBADM" moodCode="EVN">
							<templateId root="2.16.840.1.113883.10.20.22.4.16" extension="2014-06-09" />
							<templateId root="2.16.840.1.113883.10.20.22.4.16" />
							<id root="ec551a1b-372e-4a6a-8d06-6932c22c2d1d" />
							<text>Ventolin HFA Inhaler 90 mcg&#47;actuation<reference value="#med2" />
							</text>
							<statusCode code="completed" />
							<effectiveTime xsi:type="IVL_TS">
								<low value="20120806" />
								<high value="20120813" />
							</effectiveTime>
							<effectiveTime xsi:type="PIVL_TS" operator="A" institutionSpecified="true">
								<period value="6.00" unit="h" />
							</effectiveTime>
							<routeCode code="C38216" codeSystem="2.16.840.1.113883.3.26.1.1" codeSystemName="NCI Thesaurus" displayName="Inhalation" />
							<doseQuantity value="2" />
							<administrationUnitCode nullFlavor="NI" />
							<consumable>
								<manufacturedProduct classCode="MANU">
									<templateId root="2.16.840.1.113883.10.20.22.4.23" extension="2014-06-09" />
									<templateId root="2.16.840.1.113883.10.20.22.4.23" />
									<manufacturedMaterial>
										<code nullFlavor="OTH">
											<originalText>Ventolin HFA Inhaler 90 mcg&#47;actuation<reference value="#med2" />
											</originalText>
										</code>
									</manufacturedMaterial>
								</manufacturedProduct>
							</consumable>
							<entryRelationship typeCode="REFR">
								<observation classCode="OBS" moodCode="EVN">
									<templateId root="2.16.840.1.113883.10.20.1.47" />
									<code code="33999-4" codeSystem="2.16.840.1.113883.6.1" codeSystemName="LOINC" displayName="Status" />
									<value xsi:type="CE" code="55561003" codeSystem="2.16.840.1.113883.6.96" codeSystemName="SNOMED CT" displayName="completed" />
								</observation>
							</entryRelationship>
							<entryRelationship typeCode="SUBJ" inversionInd="true">
								<act classCode="ACT" moodCode="INT">
									<templateId root="2.16.840.1.113883.10.20.22.4.20" extension="2014-06-09" />
									<templateId root="2.16.840.1.113883.10.20.22.4.20" />
									<code code="311401005" codeSystem="2.16.840.1.113883.6.96" codeSystemName="SNOMED CT" displayName="Patient Education" />
									<text>inhaled every 6 hours (0.09 MG&#47;ACTUAT inhalant powder) <reference value="#med2" />
									</text>
									<statusCode code="completed" />
								</act>
							</entryRelationship>
						</substanceAdministration>
					</entry>
				</section>
			</component>
			<component>
				<section>
					<templateId root="2.16.840.1.113883.10.20.22.2.5.1" extension="2015-08-01" />
					<templateId root="2.16.840.1.113883.10.20.22.2.5.1" />
					<code code="11450-4" codeSystem="2.16.840.1.113883.6.1" codeSystemName="LOINC" displayName="Problem List" />
					<title>Problems</title>
					<text>
						<table width="100%" border="1">
							<thead>
								<tr>
									<th>Code</th>
									<th>Code System</th>
									<th>Problem Name</th>
									<th>Start Date</th>
									<th>End Date</th>
									<th>Status</th>
								</tr>
							</thead>
							<tbody>
								<tr>
									<td>233604007</td>
									<td>SNOMED-CT</td>
									<td>
										<content ID="problem1">Pneumonia</content>
									</td>
									<td>08/06/2012</td>
									<td />
									<td>
										<content ID="probstat1">Active</content>
									</td>
								</tr>
								<tr>
									<td>195967001</td>
									<td>SNOMED-CT</td>
									<td>
										<content ID="problem2">Asthma</content>
									</td>
									<td>01/03/2007</td>
									<td />
									<td>
										<content ID="probstat2">Active</content>
									</td>
								</tr>
							</tbody>
						</table>
					</text>
					<entry typeCode="DRIV">
						<act classCode="ACT" moodCode="EVN">
							<templateId root="2.16.840.1.113883.10.20.22.4.3" extension="2015-08-01" />
							<templateId root="2.16.840.1.113883.10.20.22.4.3" />
							<id root="5b901137-ab0f-4af5-9933-d5873771badf" />
							<code code="CONC" codeSystem="2.16.840.1.113883.5.6" codeSystemName="HL7ActClass" displayName="Concern" />
							<statusCode code="active" />
							<effectiveTime>
								<low value="20120806000000" />
							</effectiveTime>
							<entryRelationship typeCode="SUBJ">
								<observation classCode="OBS" moodCode="EVN">
									<templateId root="2.16.840.1.113883.10.20.22.4.4" extension="2015-08-01" />
									<templateId root="2.16.840.1.113883.10.20.22.4.4" />
									<id root="5b901137-ab0f-4af5-9933-d5873771badf" />
									<code code="55607006" codeSystem="2.16.840.1.113883.6.96" codeSystemName="SNOMED CT" displayName="Problem">
										<translation code="75326-9" codeSystem="2.16.840.1.113883.6.1" codeSystemName="LOINC" displayName="Problem HL7.CCDAR2" />
									</code>
									<text>Pneumonia (Pneumonia)<reference value="#problem1" />
									</text>
									<statusCode code="completed" />
									<effectiveTime>
										<low value="20120806000000" />
									</effectiveTime>
									<value xsi:type="CD" code="233604007" codeSystem="2.16.840.1.113883.6.96" codeSystemName="SNOMED CT" displayName="Pneumonia">
										<originalText>Pneumonia (Pneumonia)<reference value="#problem1" />
										</originalText>
									</value>
								</observation>
							</entryRelationship>
						</act>
					</entry>
					<entry typeCode="DRIV">
						<act classCode="ACT" moodCode="EVN">
							<templateId root="2.16.840.1.113883.10.20.22.4.3" extension="2015-08-01" />
							<templateId root="2.16.840.1.113883.10.20.22.4.3" />
							<id root="7a3129d6-bbba-4a38-9bf9-eed06915ad57" />
							<code code="CONC" codeSystem="2.16.840.1.113883.5.6" codeSystemName="HL7ActClass" displayName="Concern" />
							<statusCode code="active" />
							<effectiveTime>
								<low value="20070103000000" />
							</effectiveTime>
							<entryRelationship typeCode="SUBJ">
								<observation classCode="OBS" moodCode="EVN">
									<templateId root="2.16.840.1.113883.10.20.22.4.4" extension="2015-08-01" />
									<templateId root="2.16.840.1.113883.10.20.22.4.4" />
									<id root="7a3129d6-bbba-4a38-9bf9-eed06915ad57" />
									<code code="55607006" codeSystem="2.16.840.1.113883.6.96" codeSystemName="SNOMED CT" displayName="Problem">
										<translation code="75326-9" codeSystem="2.16.840.1.113883.6.1" codeSystemName="LOINC" displayName="Problem HL7.CCDAR2" />
									</code>
									<text>Asthma (Asthma)<reference value="#problem2" />
									</text>
									<statusCode code="completed" />
									<effectiveTime>
										<low value="20070103000000" />
									</effectiveTime>
									<value xsi:type="CD" code="195967001" codeSystem="2.16.840.1.113883.6.96" codeSystemName="SNOMED CT" displayName="Asthma">
										<originalText>Asthma (Asthma)<reference value="#problem2" />
										</originalText>
									</value>
								</observation>
							</entryRelationship>
						</act>
					</entry>
				</section>
			</component>
			<component>
				<section nullFlavor="NI">
					<templateId root="2.16.840.1.113883.10.20.22.2.7.1" extension="2014-06-09" />
					<templateId root="2.16.840.1.113883.10.20.22.2.7.1" />
					<code code="47519-4" codeSystem="2.16.840.1.113883.6.1" codeSystemName="LOINC" displayName="History of Procedures" />
					<title>Procedures</title>
					<text>
						<list listType="unordered">
							<item ID="Proc1">No data in the system</item>
						</list>
					</text>
				</section>
			</component>
			<component>
				<section nullFlavor="NI">
					<templateId root="2.16.840.1.113883.10.20.22.2.3.1" extension="2015-08-01" />
					<templateId root="2.16.840.1.113883.10.20.22.2.3.1" />
					<code code="30954-2" codeSystem="2.16.840.1.113883.6.1" codeSystemName="LOINC" displayName="Relevant diagnostic tests and/or laboratory data" />
					<title>Results</title>
					<text>
						<list listType="unordered">
							<item ID="Result1">No data in the system</item>
						</list>
					</text>
				</section>
			</component>
			<component>
				<section>
					<templateId root="2.16.840.1.113883.10.20.22.2.17" extension="2015-08-01" />
					<templateId root="2.16.840.1.113883.10.20.22.2.17" />
					<code code="29762-2" codeSystem="2.16.840.1.113883.6.1" codeSystemName="LOINC" displayName="Social History" />
					<title>Social History</title>
					<text>
						<table width="100%" border="1">
							<thead>
								<tr>
									<th>Code</th>
									<th>Code System</th>
									<th>Social History Observation</th>
									<th>Description</th>
									<th>Dates Observed</th>
								</tr>
							</thead>
							<tbody>
								<tr>
									<td>428041000124106</td>
									<td>SNOMED CT</td>
									<td>Current Smoking Status</td>
									<td>Current some day smoker</td>
									<td />
								</tr>
								<tr>
									<td>UNK</td>
									<td>AdministrativeGender</td>
									<td>Sex Assigned At Birth</td>
									<td>Unknown</td>
									<td />
								</tr>
							</tbody>
						</table>
					</text>
					<entry typeCode="DRIV">
						<observation classCode="OBS" moodCode="EVN">
							<templateId root="2.16.840.1.113883.10.20.22.4.78" extension="2014-06-09" />
							<templateId root="2.16.840.1.113883.10.20.22.4.78" />
							<id root="50bb936d-c82e-47fa-870a-3d458446848f" />
							<code code="72166-2" codeSystem="2.16.840.1.113883.6.1" codeSystemName="LOINC" displayName="Tobacco smoking status NHIS" />
							<statusCode code="completed" />
							<effectiveTime nullFlavor="UNK" />
							<value xsi:type="CD" code="428041000124106" codeSystem="2.16.840.1.113883.6.96" codeSystemName="SNOMED CT" displayName="Current some day smoker" />
						</observation>
					</entry>
					<entry>
						<observation classCode="OBS" moodCode="EVN">
							<templateId root="2.16.840.1.113883.10.20.22.4.200" extension="2016-06-01" />
							<code code="76689-9" codeSystem="2.16.840.1.113883.6.1" displayName="Sex Assigned At Birth" />
							<statusCode code="completed" />
							<value xsi:type="CD" nullFlavor="UNK" codeSystem="2.16.840.1.113883.5.1" displayName="Unknown" />
						</observation>
					</entry>
				</section>
			</component>
			<component>
				<section nullFlavor="NI">
					<templateId root="2.16.840.1.113883.10.20.22.2.4.1" extension="2015-08-01" />
					<templateId root="2.16.840.1.113883.10.20.22.2.4.1" />
					<code code="8716-3" codeSystem="2.16.840.1.113883.6.1" codeSystemName="LOINC" displayName="Vital Signs" />
					<title>Vital Signs</title>
					<text>
						<list listType="unordered">
							<item ID="Vital1">No data in the system</item>
						</list>
					</text>
				</section>
			</component>
			<component>
				<section nullFlavor="NI">
					<templateId root="2.16.840.1.113883.10.20.22.2.60" />
					<code code="61146-7" codeSystem="2.16.840.1.113883.6.1" codeSystemName="LOINC" displayName="Goals" />
					<title>Goals Section</title>
					<text>
						<list listType="unordered">
							<item ID="Goals1">No data in the system</item>
						</list>
					</text>
				</section>
			</component>
			<component>
				<section nullFlavor="NI">
					<templateId root="2.16.840.1.113883.10.20.22.2.58" extension="2015-08-01" />
					<code code="75310-3" codeSystem="2.16.840.1.113883.6.1" codeSystemName="LOINC" displayName="Health concerns document" />
					<title>Health Concerns</title>
					<text>
						<list listType="unordered">
							<item ID="HealthConcern_1">No data in the system</item>
						</list>
						<paragraph styleCode="Bold">Encounter Diagnosis</paragraph>
						<list listType="unordered">
							<item ID="Encounter_1">No data in the system</item>
						</list>
					</text>
				</section>
			</component>
			<component>
				<section>
					<templateId root="2.16.840.1.113883.10.20.22.2.14" extension="2014-06-09" />
					<templateId root="2.16.840.1.113883.10.20.22.2.14" />
					<code code="47420-5" codeSystem="2.16.840.1.113883.6.1" codeSystemName="LOINC" displayName="Functional Status" />
					<title>Functional Status</title>
					<text>
						<list listType="unordered">
							<item ID="funcstat1">No data in the system</item>
						</list>
					</text>
				</section>
			</component>
			<component>
				<section nullFlavor="NI">
					<templateId root="2.16.840.1.113883.10.20.22.2.2.1" extension="2015-08-01" />
					<templateId root="2.16.840.1.113883.10.20.22.2.2.1" />
					<code code="11369-6" codeSystem="2.16.840.1.113883.6.1" codeSystemName="LOINC" displayName="Immunizations" />
					<title>Immunizations</title>
					<text>
						<list listType="unordered">
							<item ID="immunizations1">No data in the system</item>
						</list>
					</text>
				</section>
			</component>
			<component>
				<section>
					<templateId root="2.16.840.1.113883.10.20.22.2.23" extension="2014-06-09" />
					<templateId root="2.16.840.1.113883.10.20.22.2.23" />
					<code code="46264-8" codeSystem="2.16.840.1.113883.6.1" codeSystemName="LOINC" displayName="Medical Equipment" />
					<title>Medical Equipment</title>
					<text>
						<list listType="unordered">
							<item ID="Implant1">No data in the system</item>
						</list>
					</text>
				</section>
			</component>
			<component>
				<section>
					<templateId root="2.16.840.1.113883.10.20.22.2.56" extension="2015-08-01" />
					<templateId root="2.16.840.1.113883.10.20.22.2.56" />
					<code code="10190-7" codeSystem="2.16.840.1.113883.6.1" codeSystemName="LOINC" displayName="Mental Status" />
					<title>Mental Status</title>
					<text>
						<list listType="unordered">
							<item ID="MentalStatus1">No data in the system</item>
						</list>
					</text>
				</section>
			</component>
			<component>
				<section>
					<templateId root="2.16.840.1.113883.10.20.22.2.9" extension="2014-06-09" />
					<code code="51847-2" codeSystem="2.16.840.1.113883.6.1" codeSystemName="LOINC" displayName="Assessment and Plan" />
					<title>Assessment and Plan</title>
					<text>
						<content styleCode="Bold">Assessments</content>
						<br />
						<list listType="unordered">
							<item>No data in the system</item>
						</list>
						<content styleCode="Bold">Plan Of Treatment</content>
						<br />
						<list listType="unordered">
							<item>No data in the system</item>
						</list>
						<content styleCode="Bold">Pending Tests</content>
						<br />
						<list listType="unordered">
							<item>No data in the system</item>
						</list>
					</text>
				</section>
			</component>
			<component>
				<section>
					<templateId root="2.16.840.1.113883.10.20.22.2.41" />
					<code code="8653-8" codeSystem="2.16.840.1.113883.6.1" codeSystemName="LOINC" displayName="Hospital Discharge Instructions" />
					<title>Hospital Discharge Instructions</title>
					<text mediaType="text/x-hl7-text+xml">
						<list listType="unordered">
							<item>No data in the system</item>
						</list>
					</text>
				</section>
			</component>
			<component>
				<section>
					<templateId root="2.16.840.1.113883.10.20.22.2.12" />
					<code code="29299-5" codeSystem="2.16.840.1.113883.6.1" codeSystemName="LOINC" displayName="Reason for Visit" />
					<title>Reason for Visit</title>
					<text>
						<list listType="unordered">
							<item>No data in the system</item>
						</list>
					</text>
				</section>
			</component>
		</structuredBody>
	</component>
</ClinicalDocument>