<?xml version="1.0"?>
<?xml-stylesheet type="text/xsl" href="CDA.xsl"?><ClinicalDocument xsi:schemaLocation="urn:hl7-org:v3 http://xreg2.nist.gov:8080/hitspValidation/schema/cdar2c32/infrastructure/cda/C32_CDA.xsd" xmlns:sdtc="urn:hl7-org:sdtc" xmlns:xsi="http://www.w3.org/2001/XMLSchema-instance" xmlns="urn:hl7-org:v3">
  <realmCode code="US" />
  <typeId root="2.16.840.1.113883.1.3" extension="POCD_HD000040" />
  <templateId root="2.16.840.1.113883.10.20.22.1.1" extension="2015-08-01" />
  <templateId root="2.16.840.1.113883.10.20.22.1.2" extension="2015-08-01" />
  <id root="2.16.840.1.113883.3.5909.1247536505.2.9228" assigningAuthorityName="iPatientCare" />
  <code code="34133-9" displayName="Summarization of Episode Note" codeSystem="2.16.840.1.113883.6.1" codeSystemName="LOINC" />
  <title>Community Health and Hospitals : Health Summary</title>
  <effectiveTime value="20170921150358" />
  <confidentialityCode code="N" displayName="Normal Sharing" codeSystem="2.16.840.1.113883.5.25" codeSystemName="HL7 Confidentiality" />
  <languageCode code="en-US" />
  <recordTarget>
    <patientRole>
      <id root="2.16.840.1.113883.3.5909.1247536505.1" extension="869DE474412E4371B9" />
      <addr>
        <streetAddressLine>1357, Amber Dr</streetAddressLine>
        <city>Beaverton</city>
        <state>OR</state>
        <postalCode>97006</postalCode>
        <country>US</country>
      </addr>
      <telecom use="HP" value="tel:555-723-1544" />
      <telecom use="MC" value="tel:555-777-1234" />
      <patient>
        <name use="L">
          <given>John</given>
          <given>R</given>
          <family>Wright</family>
          <suffix>Jr.</suffix>
        </name>
        <administrativeGenderCode code="M" displayName="Male" codeSystem="2.16.840.1.113883.5.1" codeSystemName="AdministrativeGender" />
        <birthTime value="19800801" />
        <raceCode nullFlavor="UNK" />
        <sdtc:raceCode nullFlavor="UNK" />
        <ethnicGroupCode nullFlavor="UNK" />
        <languageCommunication>
          <languageCode code="en" />
        </languageCommunication>
      </patient>
    </patientRole>
  </recordTarget>
  <author>
    <time value="20170921" />
    <assignedAuthor>
      <id root="2.16.840.1.113883.4.6" extension="123123" />
      <code code="207R00000X" displayName="Internal Medicine" codeSystem="2.16.840.1.113883.6.101" codeSystemName="NUCC" />
      <addr>
        <streetAddressLine>1002 Healthcare Dr.,</streetAddressLine>
        <city>Progress</city>
        <state>OR</state>
        <postalCode>97005</postalCode>
        <country>US</country>
        <useablePeriod xsi:type="IVL_TS">
          <low nullFlavor="NA" />
          <high nullFlavor="NA" />
        </useablePeriod>
      </addr>
      <telecom use="HP" value="tel:555-555-1002" />
      <assignedPerson>
        <name>
          <given>Henry</given>
          <family>Seven</family>
        </name>
      </assignedPerson>
      <representedOrganization>
        <id root="2.16.840.1.113883.3.5909.1247536505.1" extension="1247536505" />
        <name>iPatientCare MU2</name>
        <telecom use="WP" value="tel:732-993-4600x11" />
        <addr>
          <streetAddressLine>2070 Test Park</streetAddressLine>
          <city>LOS ANGELES</city>
          <state>CA</state>
          <postalCode>90067</postalCode>
          <country>United States</country>
        </addr>
      </representedOrganization>
    </assignedAuthor>
  </author>
  <dataEnterer>
    <assignedEntity>
      <id root="2.16.840.1.113883.4.6" extension="999999999" />
      <addr>
        <streetAddressLine>Community Health and Hospitals,  1002, Healthcare Dr</streetAddressLine>
        <city>Portland</city>
        <state>OR</state>
        <postalCode>97266</postalCode>
        <country nullFlavor="UNK" />
      </addr>
      <telecom use="WP" value="tel:5555551002" />
      <assignedPerson>
        <name>
          <given>mary</given>
          <family>McDonald</family>
        </name>
      </assignedPerson>
    </assignedEntity>
  </dataEnterer>
  <custodian>
    <assignedCustodian>
      <representedCustodianOrganization>
        <id root="2.16.840.1.113883.4.6" extension="1247536505" />
        <name>
          <prefix>iPatientCare MU2</prefix>
        </name>
        <telecom use="WP" value="tel:732-993-4600x11" />
        <addr>
          <streetAddressLine>2070 Test Park</streetAddressLine>
          <city>Los angeles</city>
          <state>CA</state>
          <postalCode>90067</postalCode>
          <country>US</country>
        </addr>
      </representedCustodianOrganization>
    </assignedCustodian>
  </custodian>
  <documentationOf>
    <serviceEvent classCode="PCPR">
      <effectiveTime>
        <low value="20170921" />
        <high value="20170921" />
      </effectiveTime>
      <performer typeCode="PRF">
        <assignedEntity>
          <id root="2.16.840.1.113883.4.6" extension="123123" />
          <code code="207R00000X" displayName="Internal Medicine" codeSystem="2.16.840.1.113883.6.101" codeSystemName="NUCC" />
          <addr>
            <streetAddressLine>1002 Healthcare Dr.,</streetAddressLine>
            <city>PROGRESS</city>
            <state>OR</state>
            <postalCode>97005</postalCode>
            <country>United States</country>
          </addr>
          <telecom use="HP" value="tel:555-555-1002" />
          <assignedPerson>
            <name>
              <given>Henry</given>
              <family>Seven</family>
            </name>
          </assignedPerson>
        </assignedEntity>
      </performer>
      <performer typeCode="PRF">
        <assignedEntity>
          <id root="2.16.840.1.113883.4.6" extension="999999999" />
          <addr>
            <streetAddressLine>Community Health and Hospitals,  1002, Healthcare Dr</streetAddressLine>
            <city>PORTLAND</city>
            <state>OR</state>
            <postalCode>97266</postalCode>
            <country nullFlavor="UNK" />
          </addr>
          <telecom use="WP" value="tel:5555551002" />
          <assignedPerson>
            <name>
              <given>mary</given>
              <family>McDonald</family>
            </name>
          </assignedPerson>
        </assignedEntity>
      </performer>
    </serviceEvent>
  </documentationOf>
  <componentOf>
    <encompassingEncounter>
      <id root="2.16.840.1.113883.3.5909.1247536505.1" extension="123123" />
      <effectiveTime>
        <low value="20150722" />
        <high value="20150722" />
      </effectiveTime>
      <location>
        <healthCareFacility />
      </location>
    </encompassingEncounter>
  </componentOf>
  <component>
    <structuredBody>
      <component>
        <section>
          <templateId root="2.16.840.1.113883.10.20.22.2.6.1" extension="2015-08-01" />
          <templateId root="2.16.840.1.113883.10.20.22.2.6.1" />
          <code code="48765-2" displayName="Allergy LIST" codeSystem="2.16.840.1.113883.6.1" codeSystemName="LOINC" />
          <title>Allergies</title>
          <text>
            <paragraph>No Known Allergies.</paragraph>
          </text>
          <entry typeCode="DRIV">
            <act classCode="ACT" moodCode="EVN">
              <templateId root="2.16.840.1.113883.10.20.22.4.30" extension="2015-08-01" />
              <templateId root="2.16.840.1.113883.10.20.22.4.30" />
              <id root="AllreC0A95DC4-998D-4DAC-9413-CF2662ED7761" extension="120" />
              <code code="CONC" codeSystem="2.16.840.1.113883.5.6" xsi:type="CE" />
              <statusCode code="active" />
              <effectiveTime>
                <low value="19000101000000" />
              </effectiveTime>
              <entryRelationship typeCode="SUBJ">
                <observation classCode="OBS" moodCode="EVN" negationInd="true">
                  <templateId root="2.16.840.1.113883.10.20.22.4.7" extension="2014-06-09" />
                  <templateId root="2.16.840.1.113883.10.20.22.4.7" />
                  <id root="AllreenD6C92BB6-77B2-4980-B848-72427B3D715B" extension="122" />
                  <code code="ASSERTION" codeSystem="2.16.840.1.113883.5.4" xsi:type="CE" />
                  <statusCode code="completed" />
                  <effectiveTime>
                    <low value="19000101000000" />
                  </effectiveTime>
                  <value code="419199007" codeSystem="2.16.840.1.113883.6.96" codeSystemName="SNOMED CT" displayName="Allergy to substance (disorder)" xsi:type="CD" />
                  <participant typeCode="CSM">
                    <participantRole classCode="MANU">
                      <playingEntity classCode="MMAT">
                        <code nullFlavor="UNK" />
                      </playingEntity>
                    </participantRole>
                  </participant>
                </observation>
              </entryRelationship>
            </act>
          </entry>
        </section>
      </component>
      <component>
        <section>
          <templateId root="2.16.840.1.113883.10.20.22.2.3.1" extension="2015-08-01" />
          <templateId root="2.16.840.1.113883.10.20.22.2.3.1" />
          <code code="30954-2" displayName="Lab Result" codeSystem="2.16.840.1.113883.6.1" codeSystemName="Lonic" />
          <title>Results</title>
          <text>
            <paragraph>No Lab Result inforamtion.</paragraph>
          </text>
          <entry typeCode="DRIV">
            <organizer classCode="BATTERY" moodCode="EVN">
              <templateId root="2.16.840.1.113883.10.20.22.4.1" extension="2015-08-01" />
              <templateId root="2.16.840.1.113883.10.20.22.4.1" />
              <id root="labre477C74B6-50B1-4B36-958E-4D6DF5D312C1" extension="300" />
              <code nullFlavor="UNK" />
              <statusCode code="completed" />
              <component>
                <observation classCode="OBS" moodCode="EVN">
                  <templateId root="2.16.840.1.113883.10.20.22.4.2" extension="2015-08-01" />
                  <templateId root="2.16.840.1.113883.10.20.22.4.2" />
                  <id root="labob9629155E-03AB-4861-9E6B-291E93F7766F" extension="300" />
                  <code nullFlavor="UNK" />
                  <statusCode code="completed" />
                  <effectiveTime nullFlavor="UNK" />
                  <value xsi:type="PQ" nullFlavor="UNK" />
                </observation>
              </component>
            </organizer>
          </entry>
        </section>
      </component>
      <component>
        <section>
          <templateId root="2.16.840.1.113883.10.20.22.2.1.1" extension="2014-06-09" />
          <templateId root="2.16.840.1.113883.10.20.22.2.1.1" />
          <code code="10160-0" displayName="HISTORY OF MEDICATION USE" codeSystem="2.16.840.1.113883.6.1" codeSystemName="LOINC" />
          <title>List of Medications</title>
          <text>
            <paragraph>No Known medication.</paragraph>
          </text>
          <entry>
            <substanceAdministration classCode="SBADM" moodCode="EVN" negationInd="true">
              <templateId root="2.16.840.1.113883.10.20.22.4.16" extension="2014-06-09" />
              <templateId root="2.16.840.1.113883.10.20.22.4.16" />
              <id root="medica84356243-D03B-496D-8256-D64138FB7CC7" extension="10001" />
              <statusCode code="active" />
              <effectiveTime xsi:type="IVL_TS">
                <low value="20170720103900" />
              </effectiveTime>
              <routeCode nullFlavor="UNK" />
              <doseQuantity nullFlavor="UNK" />
              <administrationUnitCode nullFlavor="UNK" />
              <consumable>
                <manufacturedProduct classCode="MANU">
                  <templateId root="2.16.840.1.113883.10.20.22.4.23" extension="2014-06-09" />
                  <templateId root="2.16.840.1.113883.10.20.22.4.23" />
                  <manufacturedMaterial>
                    <code codeSystem="2.16.840.1.113883.6.88" nullFlavor="OTH">
                      <translation code="410942007" displayName="drug or medication" codeSystem="2.16.840.1.113883.6.96" codeSystemName="SNOMED CT" />
                    </code>
                  </manufacturedMaterial>
                </manufacturedProduct>
              </consumable>
            </substanceAdministration>
          </entry>
        </section>
      </component>
      <component>
        <section>
          <templateId root="2.16.840.1.113883.10.20.22.2.5.1" extension="2015-08-01" />
          <templateId root="2.16.840.1.113883.10.20.22.2.5.1" />
          <code code="11450-4" displayName="PROBLEM LIST" codeSystem="2.16.840.1.113883.6.1" codeSystemName="LOINC" />
          <title>Active Problems</title>
          <text>
            <paragraph>No Known Problem.</paragraph>
          </text>
          <entry>
            <act classCode="ACT" moodCode="EVN">
              <templateId root="2.16.840.1.113883.10.20.22.4.3" extension="2015-08-01" />
              <templateId root="2.16.840.1.113883.10.20.22.4.3" />
              <id root="prob4B7C080D-4C9E-4219-AF2F-4248622E3249" extension="400" />
              <code code="CONC" codeSystem="2.16.840.1.113883.5.6" />
              <statusCode code="active" />
              <effectiveTime>
                <low value="20170809065600" />
              </effectiveTime>
              <entryRelationship typeCode="SUBJ">
                <observation classCode="OBS" moodCode="EVN" negationInd="true">
                  <templateId root="2.16.840.1.113883.10.20.22.4.4" extension="2015-08-01" />
                  <templateId root="2.16.840.1.113883.10.20.22.4.4" />
                  <id root="probobsE9B0AA93-250C-415C-8508-9BF7415AD1B4" extension="401" />
                  <code nullFlavor="UNK" />
                  <statusCode code="completed" />
                  <effectiveTime>
                    <low value="20170809065600" />
                  </effectiveTime>
                  <value code="55607006" codeSystem="2.16.840.1.113883.6.96" codeSystemName="SNOMED CT" displayName="Problem" xsi:type="CD" />
                </observation>
              </entryRelationship>
            </act>
          </entry>
        </section>
      </component>
      <component>
        <section>
          <templateId root="2.16.840.1.113883.10.20.22.2.7.1" extension="2014-06-09" />
          <templateId root="2.16.840.1.113883.10.20.22.2.7.1" />
          <code code="47519-4" displayName="HISTORY OF PROCEDURES" codeSystem="2.16.840.1.113883.6.1" codeSystemName="LOINC" />
          <title>List of Procedures</title>
          <text>
            <table border="1" width="100%">
              <thead>
                <tr>
                  <th>Procedure</th>
                  <th>CPT Code</th>
                  <th>Date Performed</th>
                  <th>Status</th>
                </tr>
              </thead>
              <tbody>
                <tr>
                  <td>
                    <content ID="Procedure-0">DRESSINGS &amp;/OR DEBRIDEMENT, INITIAL/SUBSEQUENT; W/O ANESTHESIA, OFFICE/HOSPITAL, SMALL, </content>
                  </td>
                  <td>16020</td>
                  <td>07/22/2015</td>
                  <td>Completed</td>
                </tr>
              </tbody>
            </table>
          </text>
          <entry>
            <procedure classCode="PROC" moodCode="EVN">
              <templateId root="2.16.840.1.113883.10.20.22.4.14" extension="2014-06-09" />
              <templateId root="2.16.840.1.113883.10.20.22.4.14" />
              <id root="PRO0A1F15524-0790-445B-BBFB-D898F626D7DD" extension="500" />
              <code code="16020" displayName="DRESSINGS &amp;/OR DEBRIDEMENT, INITIAL/SUBSEQUENT; W/O ANESTHESIA, OFFICE/HOSPITAL, SMALL, " codeSystem="2.16.840.1.113883.6.12" codeSystemName="CPT-4">
                <originalText>
                  <reference value="#Procedure-0" />
                </originalText>
              </code>
              <statusCode code="completed" />
              <effectiveTime>
                <low value="20150722" />
              </effectiveTime>
              <performer typeCode="PRF">
                <assignedEntity>
                  <id root="PRO0A1F15524-0790-445B-BBFB-D898F626D7DD" extension="500" />
                  <addr>
                    <streetAddressLine>1002 Healthcare Dr.,</streetAddressLine>
                    <city>PROGRESS</city>
                    <state>OR</state>
                    <postalCode>97005</postalCode>
                  </addr>
                  <telecom use="HP" value="555-555-1002" />
                  <assignedPerson>
                    <name>
                      <given>Henry</given>
                      <family>Seven</family>
                    </name>
                  </assignedPerson>
                  <representedOrganization>
                    <name>
                      <prefix>iPatientCare MU2</prefix>
                    </name>
                    <telecom use="WP" value="732-993-4600x11" />
                    <addr>
                      <streetAddressLine>2070 Test Park</streetAddressLine>
                      <city>LOS ANGELES</city>
                      <state>CA</state>
                      <postalCode>90067</postalCode>
                    </addr>
                  </representedOrganization>
                </assignedEntity>
              </performer>
            </procedure>
          </entry>
        </section>
      </component>
      <component>
        <section>
          <templateId root="2.16.840.1.113883.10.20.22.2.4.1" extension="2015-08-01" />
          <templateId root="2.16.840.1.113883.10.20.22.2.4.1" />
          <code code="8716-3" displayName="VITAL SIGNS" codeSystem="2.16.840.1.113883.6.1" codeSystemName="LOINC" />
          <title>Vital Signs</title>
          <text>
            <table border="1" width="100%">
              <thead>
                <tr>
                  <th>Observation</th>
                  <th>LOINC Code</th>
                  <th>Date</th>
                  <th>Result Value</th>
                  <th>Result Unit</th>
                </tr>
              </thead>
              <tbody>
                <tr>
                  <td>
                    <content ID="Vital-0">Body Temperature</content>
                  </td>
                  <td>8310-5</td>
                  <td>07/22/2015</td>
                  <td>38</td>
                  <td>Cel</td>
                </tr>
                <tr>
                  <td>
                    <content ID="Vital-1">BP Systolic</content>
                  </td>
                  <td>8480-6</td>
                  <td>07/22/2015</td>
                  <td>145</td>
                  <td>mm[Hg]</td>
                </tr>
                <tr>
                  <td>
                    <content ID="Vital-2">BP Diastolic</content>
                  </td>
                  <td>8462-4</td>
                  <td>07/22/2015</td>
                  <td>88</td>
                  <td>mm[Hg]</td>
                </tr>
                <tr>
                  <td>
                    <content ID="Vital-3">Height</content>
                  </td>
                  <td>8302-2</td>
                  <td>07/22/2015</td>
                  <td>177</td>
                  <td>cm</td>
                </tr>
                <tr>
                  <td>
                    <content ID="Vital-4">Weight Measured</content>
                  </td>
                  <td>29463-7</td>
                  <td>07/22/2015</td>
                  <td>88</td>
                  <td>kg</td>
                </tr>
                <tr>
                  <td>
                    <content ID="Vital-5">Body Mass Index</content>
                  </td>
                  <td>39156-5</td>
                  <td>07/22/2015</td>
                  <td>28.02</td>
                  <td>kg/m2</td>
                </tr>
              </tbody>
            </table>
          </text>
          <entry>
            <organizer classCode="CLUSTER" moodCode="EVN">
              <templateId root="2.16.840.1.113883.10.20.22.4.26" extension="2015-08-01" />
              <templateId root="2.16.840.1.113883.10.20.22.4.26" />
              <id root="VIT02CA79CB1-F587-41B9-9BE4-77B90EA99A70" extension="700" />
              <code code="46680005" displayName="VITAL SIGNS" codeSystem="2.16.840.1.113883.6.96" codeSystemName="SNOMED CT">
                <translation code="74728-7" displayName="Vital signs" codeSystem="2.16.840.1.113883.6.1" codeSystemName="LOINC" />
              </code>
              <statusCode code="completed" />
              <effectiveTime value="20150722" />
              <component>
                <observation classCode="OBS" moodCode="EVN">
                  <templateId root="2.16.840.1.113883.10.20.22.4.27" extension="2014-06-09" />
                  <templateId root="2.16.840.1.113883.10.20.22.4.27" />
                  <id root="VITD0D4EEA389-A8E2-4BEF-87E3-8D088D3B1E7C" extension="700" />
                  <code code="8310-5" displayName="Body Temperature" codeSystem="2.16.840.1.113883.6.1" codeSystemName="LOINC" />
                  <text>
                    <reference value="#Vital-0" />
                  </text>
                  <statusCode code="completed" />
                  <effectiveTime value="20150722" />
                  <value value="38" unit="Cel" xsi:type="PQ" />
                  <interpretationCode code="N" codeSystem="2.16.840.1.113883.5.83" />
                </observation>
              </component>
              <component>
                <observation classCode="OBS" moodCode="EVN">
                  <templateId root="2.16.840.1.113883.10.20.22.4.27" extension="2014-06-09" />
                  <templateId root="2.16.840.1.113883.10.20.22.4.27" />
                  <id root="VITD00518B6BC-C736-4C69-80CF-704341E133E6" extension="701" />
                  <code code="8480-6" displayName="BP Systolic" codeSystem="2.16.840.1.113883.6.1" codeSystemName="LOINC" />
                  <text>
                    <reference value="#Vital-1" />
                  </text>
                  <statusCode code="completed" />
                  <effectiveTime value="20150722" />
                  <value value="145" unit="mm[Hg]" xsi:type="PQ" />
                  <interpretationCode code="N" codeSystem="2.16.840.1.113883.5.83" />
                </observation>
              </component>
              <component>
                <observation classCode="OBS" moodCode="EVN">
                  <templateId root="2.16.840.1.113883.10.20.22.4.27" extension="2014-06-09" />
                  <templateId root="2.16.840.1.113883.10.20.22.4.27" />
                  <id root="VITD090199119-1EF8-4D69-952C-133488F8BA37" extension="702" />
                  <code code="8462-4" displayName="BP Diastolic" codeSystem="2.16.840.1.113883.6.1" codeSystemName="LOINC" />
                  <text>
                    <reference value="#Vital-2" />
                  </text>
                  <statusCode code="completed" />
                  <effectiveTime value="20150722" />
                  <value value="88" unit="mm[Hg]" xsi:type="PQ" />
                  <interpretationCode code="N" codeSystem="2.16.840.1.113883.5.83" />
                </observation>
              </component>
              <component>
                <observation classCode="OBS" moodCode="EVN">
                  <templateId root="2.16.840.1.113883.10.20.22.4.27" extension="2014-06-09" />
                  <templateId root="2.16.840.1.113883.10.20.22.4.27" />
                  <id root="VITD025BBB232-4F37-47FC-A6AC-C149664B7033" extension="703" />
                  <code code="8302-2" displayName="Height" codeSystem="2.16.840.1.113883.6.1" codeSystemName="LOINC" />
                  <text>
                    <reference value="#Vital-3" />
                  </text>
                  <statusCode code="completed" />
                  <effectiveTime value="20150722" />
                  <value value="177" unit="cm" xsi:type="PQ" />
                  <interpretationCode code="N" codeSystem="2.16.840.1.113883.5.83" />
                </observation>
              </component>
              <component>
                <observation classCode="OBS" moodCode="EVN">
                  <templateId root="2.16.840.1.113883.10.20.22.4.27" extension="2014-06-09" />
                  <templateId root="2.16.840.1.113883.10.20.22.4.27" />
                  <id root="VITD00B9DD1D9-D0F5-4E7C-8436-36E2C377CC28" extension="704" />
                  <code code="29463-7" displayName="Weight Measured" codeSystem="2.16.840.1.113883.6.1" codeSystemName="LOINC" />
                  <text>
                    <reference value="#Vital-4" />
                  </text>
                  <statusCode code="completed" />
                  <effectiveTime value="20150722" />
                  <value value="88" unit="kg" xsi:type="PQ" />
                  <interpretationCode code="N" codeSystem="2.16.840.1.113883.5.83" />
                </observation>
              </component>
              <component>
                <observation classCode="OBS" moodCode="EVN">
                  <templateId root="2.16.840.1.113883.10.20.22.4.27" extension="2014-06-09" />
                  <templateId root="2.16.840.1.113883.10.20.22.4.27" />
                  <id root="VITD09EDC4FF4-DAE3-40F7-A551-8194E3564A56" extension="705" />
                  <code code="39156-5" displayName="Body Mass Index" codeSystem="2.16.840.1.113883.6.1" codeSystemName="LOINC" />
                  <text>
                    <reference value="#Vital-5" />
                  </text>
                  <statusCode code="completed" />
                  <effectiveTime value="20150722" />
                  <value value="28.02" unit="kg/m2" xsi:type="PQ" />
                  <interpretationCode code="N" codeSystem="2.16.840.1.113883.5.83" />
                </observation>
              </component>
            </organizer>
          </entry>
        </section>
      </component>
      <component>
        <section>
          <templateId root="2.16.840.1.113883.10.20.22.2.17" extension="2015-08-01" />
          <templateId root="2.16.840.1.113883.10.20.22.2.17" />
          <code code="29762-2" displayName="Social History" codeSystem="2.16.840.1.113883.6.1" codeSystemName="Social History" />
          <title>Social History</title>
          <text>
            <table border="1" width="100%">
              <thead>
                <tr>
                  <th>Social History</th>
                  <th>SNOMED CT</th>
                  <th>Date</th>
                </tr>
              </thead>
              <tbody>
                <tr>
                  <td>
                    <content ID="SocialHistory-0">Smoking Status: Current every day smoker. Smokes for past 07/22/2015.</content>
                  </td>
                  <td>449868002</td>
                  <td>07/20/2017</td>
                </tr>
                <tr>
                  <td>
                    <content ID="BirthSexInfo">Birthsex:Male(AdministrativeGenderCode:M)</content>
                  </td>
                  <td />
                  <td>08/01/1980</td>
                </tr>
              </tbody>
            </table>
          </text>
          <entry>
            <observation classCode="OBS" moodCode="EVN">
              <templateId root="2.16.840.1.113883.10.20.22.4.78" extension="2014-06-09" />
              <templateId root="2.16.840.1.113883.10.20.22.4.78" />
              <id root="SMO0AAC817D5-6A8C-4D26-89B0-ACDF513A99BA" extension="6001" />
              <code code="72166-2" displayName="Tobacco smoking status NHIS" codeSystem="2.16.840.1.113883.6.1" codeSystemName="LOINC" />
              <statusCode code="completed" />
              <effectiveTime value="20170720" />
              <value code="449868002" codeSystem="2.16.840.1.113883.6.96" codeSystemName="SNOMED CT" displayName="Current every day smoker" xsi:type="CD" />
            </observation>
          </entry>
          <entry>
            <observation classCode="OBS" moodCode="EVN">
              <templateId root="2.16.840.1.113883.10.20.22.4.200" extension="2014-06-09" />
              <templateId root="2.16.840.1.113883.10.20.22.4.200" />
              <code code="76689-9" displayName="Sex Assigned At Birth" codeSystem="2.16.840.1.113883.6.1" codeSystemName="LOINC" />
              <text>
                <reference value="#BirthSexInfo" />
              </text>
              <statusCode code="completed" />
              <effectiveTime value="19800801" />
              <value code="M" codeSystem="2.16.840.1.113883.5.1" codeSystemName="Gender" displayName="Male" xsi:type="CD" />
            </observation>
          </entry>
        </section>
      </component>
      <component>
        <section>
          <templateId root="2.16.840.1.113883.10.20.22.2.12" />
          <code code="29299-5" displayName="REASON FOR VISIT" codeSystem="2.16.840.1.113883.6.1" codeSystemName="LOINC" />
          <title>Reason For Hospitalization</title>
          <text>
            <paragraph>No information.</paragraph>
          </text>
        </section>
      </component>
      <component>
        <section>
          <templateId root="1.3.6.1.4.1.19376.1.5.3.1.3.1" extension="2014-06-09" />
          <templateId root="1.3.6.1.4.1.19376.1.5.3.1.3.1" />
          <code code="42349-1" displayName="REASON FOR REFERRAL" codeSystem="2.16.840.1.113883.6.1" codeSystemName="LOINC" />
          <title>Reason for Referral</title>
          <text>
            <paragraph>No information.</paragraph>
          </text>
        </section>
      </component>
      <component>
        <section>
          <templateId root="2.16.840.1.113883.10.20.22.2.10" extension="2014-06-09" />
          <templateId root="2.16.840.1.113883.10.20.22.2.10" />
          <code code="18776-5" displayName="Treatment plan" codeSystem="2.16.840.1.113883.6.1" codeSystemName="LOINC" />
          <title>Plan of Care</title>
          <text>
            <table border="1" width="100%">
              <thead>
                <tr>
                  <th>Date</th>
                  <th>Type</th>
                  <th>Action</th>
                  <th>Status</th>
                </tr>
              </thead>
              <tbody>
                <tr>
                  <td>07/22/2015</td>
                  <td>Follow Up</td>
                  <td>Schedule an appointment with Dr Seven after 1 week for Follow up with Outpatient facility.
Schedule a follow-up appointment 1 week.</td>
                  <td />
                </tr>
              </tbody>
            </table>
          </text>
          <entry typeCode="DRIV">
            <act classCode="ACT" moodCode="INT">
              <templateId root="2.16.840.1.113883.10.20.22.4.44" extension="2014-06-09" />
              <templateId root="2.16.840.1.113883.10.20.22.4.44" />
              <code nullFlavor="UNK" />
              <statusCode code="completed" />
            </act>
          </entry>
        </section>
      </component>
      <component>
        <section>
          <templateId root="2.16.840.1.113883.10.20.22.2.2" />
          <templateId root="2.16.840.1.113883.10.20.22.2.2.1" extension="2015-08-01" />
          <templateId root="2.16.840.1.113883.10.20.22.2.2.1" />
          <code code="11369-6" displayName="History of immunizations" codeSystem="2.16.840.1.113883.6.1" codeSystemName="LOINC" />
          <title>List of Immunizations</title>
          <text>
            <paragraph>No Immunization information.</paragraph>
          </text>
          <entry>
            <substanceAdministration classCode="SBADM" moodCode="EVN" negationInd="true">
              <templateId root="2.16.840.1.113883.10.20.22.4.52" extension="2015-08-01" />
              <templateId root="2.16.840.1.113883.10.20.22.4.52" />
              <id root="Immu1B2F38D7-2316-40B2-8D9F-431EFA3E8C48" extension="200" />
              <statusCode code="completed" />
              <effectiveTime nullFlavor="UNK" />
              <consumable>
                <manufacturedProduct classCode="MANU">
                  <templateId root="2.16.840.1.113883.10.20.22.4.54" extension="2014-06-09" />
                  <templateId root="2.16.840.1.113883.10.20.22.4.54" />
                  <manufacturedMaterial>
                    <code nullFlavor="UNK" />
                  </manufacturedMaterial>
                  <manufacturerOrganization>
                    <name>None</name>
                  </manufacturerOrganization>
                </manufacturedProduct>
              </consumable>
            </substanceAdministration>
          </entry>
        </section>
      </component>
      <component>
        <section>
          <templateId root="2.16.840.1.113883.10.20.22.2.18" extension="2015-08-01" />
          <templateId root="2.16.840.1.113883.10.20.22.2.18" />
          <code code="48768-6" displayName="Payers" codeSystem="2.16.840.1.113883.6.1" codeSystemName="LOINC" />
          <title>Payers</title>
          <text>
            <paragraph>No Payer information.</paragraph>
          </text>
        </section>
      </component>
      <component>
        <section>
          <templateId root="2.16.840.1.113883.10.20.22.2.22.1" extension="2015-08-01" />
          <templateId root="2.16.840.1.113883.10.20.22.2.22.1" />
          <code code="46240-8" displayName="HISTORY OF ENCOUNTERS" codeSystem="2.16.840.1.113883.6.1" codeSystemName="LOINC" />
          <title>Encounters</title>
          <text>
            <table border="1" width="100%">
              <thead>
                <tr>
                  <th>Encounter</th>
                  <th>Code</th>
                  <th>Performer</th>
                  <th>Location</th>
                  <th>Date</th>
                </tr>
              </thead>
              <tbody>
                <tr>
                  <td>
                    <content ID="Encounter-0">Burn of first degree of wrist and hand</content>
                  </td>
                  <td>211896002</td>
                  <td>Seven Henry</td>
                  <td>Get Well Clinic</td>
                  <td>07/22/2015</td>
                </tr>
              </tbody>
            </table>
          </text>
          <entry typeCode="DRIV">
            <encounter classCode="ENC" moodCode="EVN">
              <templateId root="2.16.840.1.113883.10.20.22.4.49" extension="2015-08-01" />
              <templateId root="2.16.840.1.113883.10.20.22.4.49" />
              <id root="ENC0F7EC1343-F92B-44B2-8D31-BFAEB1B6ADAF" extension="20001" />
              <code code="99212" displayName="Outpatient Visit" codeSystem="2.16.840.1.113883.6.12" codeSystemName="CPT">
                <originalText>
                  <reference value="#Encounter-0" />
                </originalText>
              </code>
              <effectiveTime value="20150722" />
              <performer>
                <assignedEntity>
                  <id root="enperf37AD09D6-8E67-4615-B0B4-30BC3CEC160F" extension="E20001" />
                  <addr>
                    <streetAddressLine>1002 Healthcare Dr.,</streetAddressLine>
                    <city>PROGRESS</city>
                    <state>OR</state>
                    <postalCode>97005</postalCode>
                    <country>United States</country>
                  </addr>
                  <telecom use="HP" value="tel:555-555-1002" />
                  <assignedPerson>
                    <name>
                      <given>Seven</given>
                      <family>Henry</family>
                    </name>
                  </assignedPerson>
                  <representedOrganization>
                    <id root="represperforDAA530B5-CD95-478B-BA1F-F34B1C85E486" extension="E20002" />
                    <name>
                      <prefix>iPatientCare MU2</prefix>
                    </name>
                    <telecom use="HP" value="tel:732-993-4600x11" />
                    <addr>
                      <streetAddressLine>2070 Test Park</streetAddressLine>
                      <city>LOS ANGELES</city>
                      <state>CA</state>
                      <postalCode>90067</postalCode>
                      <country>United States</country>
                    </addr>
                  </representedOrganization>
                </assignedEntity>
              </performer>
              <entryRelationship typeCode="SUBJ" inversionInd="false">
                <act classCode="ACT" moodCode="EVN">
                  <templateId root="2.16.840.1.113883.10.20.22.4.80" extension="2015-08-01" />
                  <templateId root="2.16.840.1.113883.10.20.22.4.80" />
                  <id root="ENC0F7EC1343-F92B-44B2-8D31-BFAEB1B6ADAF" extension="20001" />
                  <code code="29308-4" displayName="ENCOUNTER DIAGNOSIS AND E&amp;M" codeSystem="2.16.840.1.113883.6.1" codeSystemName="LOINC" xsi:type="CE" />
                  <statusCode code="active" />
                  <effectiveTime>
                    <low value="20150722" />
                  </effectiveTime>
                  <entryRelationship typeCode="SUBJ" inversionInd="false">
                    <observation classCode="OBS" moodCode="EVN">
                      <templateId root="2.16.840.1.113883.10.20.22.4.4" extension="2015-08-01" />
                      <templateId root="2.16.840.1.113883.10.20.22.4.4" />
                      <id root="ENCPROB091083E1E-028C-4EE6-AB73-EA99CBD25B9A" extension="20002" />
                      <code nullFlavor="UNK">
                        <translation nullFlavor="UNK" />
                      </code>
                      <statusCode code="completed" />
                      <effectiveTime>
                        <low value="20150722" />
                      </effectiveTime>
                      <value code="211896002" codeSystem="2.16.840.1.113883.6.96" codeSystemName="SNOMED CT" displayName="Burn of first degree of wrist and hand" xsi:type="CD" />
                    </observation>
                  </entryRelationship>
                </act>
              </entryRelationship>
            </encounter>
          </entry>
        </section>
      </component>
      <component>
        <section>
          <templateId root="2.16.840.1.113883.10.20.22.2.23" extension="2014-06-09" />
          <code code="46264-8" displayName="Medical Equipment" codeSystem="2.16.840.1.113883.6.1" codeSystemName="LOINC" />
          <title>Medical Equipment</title>
          <text>
            <paragraph>No implanted devices.</paragraph>
          </text>
        </section>
      </component>
      <component>
        <section>
          <templateId root="2.16.840.1.113883.10.20.22.2.8" />
          <code code="51848-0" displayName="Assessments" codeSystem="2.16.840.1.113883.6.1" codeSystemName="LOINC" />
          <title>Assessments</title>
          <text>
            <paragraph>The patient Mr John Wright was found to have first degree burns and Dr Seven and his staff treated Mr Wright by cleaning the burn and dressing the burn and observed for couple of hours before discharging Mr Wright</paragraph>
          </text>
        </section>
      </component>
      <component>
        <section>
          <templateId root="2.16.840.1.113883.10.20.22.2.58" />
          <code code="75310-3" displayName="Health Concerns" codeSystem="2.16.840.1.113883.6.1" codeSystemName="LOINC" />
          <title>Health Concerns</title>
          <text>
            <paragraph>No information.</paragraph>
          </text>
        </section>
      </component>
      <component>
        <section nullFlavor="NI">
          <templateId root="2.16.840.1.113883.10.20.22.2.60" />
          <code code="61146-7" displayName="Goals" codeSystem="2.16.840.1.113883.6.1" codeSystemName="LOINC" />
          <title>Goals Section</title>
          <text>
            <paragraph>No information.</paragraph>
          </text>
        </section>
      </component>
      <component>
        <section>
          <templateId root="2.16.840.1.113883.10.20.22.2.14" extension="2014-06-09" />
          <templateId root="2.16.840.1.113883.10.20.22.2.14" />
          <code code="47420-5" displayName="Functional Status" codeSystem="2.16.840.1.113883.6.1" codeSystemName="LOINC" />
          <title>Functional Status</title>
          <text>
            <paragraph>No information.</paragraph>
          </text>
        </section>
      </component>
      <component>
        <section>
          <templateId root="2.16.840.1.113883.10.20.22.2.56" extension="2015-08-01" />
          <templateId root="2.16.840.1.113883.10.20.22.2.56" />
          <code code="10190-7" displayName="Mental Status" codeSystem="2.16.840.1.113883.6.1" codeSystemName="LOINC" />
          <title>Mental Status</title>
          <text>
            <paragraph>No information.</paragraph>
          </text>
        </section>
      </component>
      <component>
        <section>
          <templateId root="2.16.840.1.113883.10.20.22.2.15" extension="2015-08-01" />
          <templateId root="2.16.840.1.113883.10.20.22.2.15" />
          <code code="10157-6" displayName="Family History" codeSystem="2.16.840.1.113883.6.1" codeSystemName="LOINC" />
          <title>Family History</title>
          <text>
            <paragraph>No known family history.</paragraph>
          </text>
        </section>
      </component>
      <component>
        <section>
          <templateId root="2.16.840.1.113883.10.20.22.2.21" extension="2015-08-01" />
          <templateId root="2.16.840.1.113883.10.20.22.2.21" />
          <code code="42348-3" displayName="Advance Directives" codeSystem="2.16.840.1.113883.6.1" codeSystemName="LOINC" />
          <title>Advance Directives</title>
          <text>
            <paragraph>No information.</paragraph>
          </text>
        </section>
      </component>
      <component>
        <section>
          <templateId root="2.16.840.1.113883.10.20.22.2.41" />
          <code code="8653-8" displayName="HOSPITAL DISCHARGE INSTRUCTIONS" codeSystem="2.16.840.1.113883.6.1" codeSystemName="LOINC" />
          <title>Discharge Instruction</title>
          <text>
            <paragraph>Appointments: Schedule an appointment with Dr Seven after 1 week. Follow up with Outpatient facility.
In case of fever, take Tylenol as advised in plan of treatment</paragraph>
          </text>
        </section>
      </component>
    </structuredBody>
  </component>
</ClinicalDocument>
