<?xml version="1.0" encoding="utf-8"?>
<?xml-stylesheet type="text/xsl" href="CDA.xsl"?>
<ClinicalDocument xmlns:xsi="http://www.w3.org/2001/XMLSchema-instance" xmlns:sdtc="urn:hl7-org:sdtc" xmlns:voc="urn:hl7-org:v3/voc" xmlns="urn:hl7-org:v3">
  <realmCode code="US" />
  <typeId root="2.16.840.1.113883.1.3" extension="POCD_HD000040" />
  <templateId root="2.16.840.1.113883.10.20.22.1.1" extension="2015-08-01" />
  <templateId root="2.16.840.1.113883.10.20.22.1.1" />
  <templateId root="2.16.840.1.113883.10.20.22.1.2" extension="2015-08-01" />
  <templateId root="2.16.840.1.113883.10.20.22.1.2" />
  <id root="2.16.840.1.113883.19.5.99999.1" extension="TT660" />
  <code code="34133-9" codeSystem="2.16.840.1.113883.6.1" codeSystemName="LOINC" displayName="Summarization of Episode Note" />
  <title>Health Summary</title>
  <effectiveTime value="20171005" />
  <confidentialityCode code="N" codeSystem="2.16.840.1.113883.5.25" codeSystemName="Confidentiality" displayName="normal" />
  <languageCode code="en-US" />
  <recordTarget>
    <patientRole>
      <id root="2.16.840.1.113883.4.1" extension="201710-0010123" />
      <addr use="HP">
        <streetAddressLine>1357, Amber Dr Beaverton,</streetAddressLine>
        <city>Aloha</city>
        <state>Oregon</state>
        <postalCode>97006</postalCode>
        <country>US</country>
      </addr>
      <telecom value="tel:+1((55)-5) -5551" use="HP" />
      <telecom nullFlavor="UNK" />
      <telecom nullFlavor="UNK" />
      <patient>
        <name use="L">
          <given>Jeremy</given>
          <given>V</given>
          <family>Bates</family>
          <suffix>JR</suffix>
        </name>
        <administrativeGenderCode code="M" codeSystem="2.16.840.1.113883.5.1" codeSystemName="AdministrativeGender" displayName="Male" />
        <birthTime value="19800801" />
        <maritalStatusCode code="S" codeSystem="2.16.840.1.113883.5.2" codeSystemName="MaritalStatus" displayName="Never Married" />
        <religiousAffiliationCode nullFlavor="UNK" />
        <raceCode nullFlavor="ASKU" />
        <ethnicGroupCode nullFlavor="ASKU" />
        <languageCommunication>
          <languageCode code="en" />
          <modeCode code="ESP" codeSystem="2.16.840.1.113883.5.60" codeSystemName="LanguageAbilityMode" displayName="Expressed spoken" />
        </languageCommunication>
      </patient>
      <providerOrganization classCode="ORG" determinerCode="INSTANCE">
        <id root="2.16.840.1.113883.4.6" extension="1891724563" />
        <name>Primary Office</name>
        <telecom value="tel:+1((55)-5) -5551" use="HP" />
        <addr use="WP">
          <streetAddressLine>2472, Rocky place </streetAddressLine>
          <city>Beaverton</city>
          <state>OR</state>
          <postalCode>97006</postalCode>
          <country>US</country>
        </addr>
      </providerOrganization>
    </patientRole>
  </recordTarget>
  <author typeCode="AUT" contextControlCode="OP">
    <time value="20171005" />
    <assignedAuthor classCode="ASSIGNED">
      <id root="2.16.840.1.113883.4.6" extension="1750491212" />
      <code nullFlavor="UNK" />
      <addr use="WP">
        <streetAddressLine>2472, Rocky place </streetAddressLine>
        <city>Beaverton</city>
        <state>OR</state>
        <postalCode>97006</postalCode>
        <country>US</country>
      </addr>
      <telecom nullFlavor="UNK" />
      <assignedPerson classCode="PSN" determinerCode="INSTANCE">
        <name>
          <given>Albert</given>
          <family>Davis</family>
        </name>
      </assignedPerson>
    </assignedAuthor>
  </author>
  <informant typeCode="INF" contextControlCode="OP">
    <assignedEntity classCode="ASSIGNED">
      <id root="2.16.840.1.113883.19.5" extension="1750491212" />
      <addr>
        <streetAddressLine>1357, Amber Dr Beaverton,</streetAddressLine>
        <city>Oregon</city>
        <state>97006</state>
        <postalCode>US</postalCode>
        <country>WP</country>
      </addr>
      <telecom value="tel:+1((55)-5) -7231" use="HP" />
      <assignedPerson classCode="PSN" determinerCode="INSTANCE">
        <name>
          <given>Jeremy</given>
          <family>Bates</family>
        </name>
      </assignedPerson>
    </assignedEntity>
  </informant>
  <custodian typeCode="CST">
    <assignedCustodian classCode="ASSIGNED">
      <representedCustodianOrganization classCode="ORG" determinerCode="INSTANCE">
        <id root="2.16.840.1.113883.4.6" extension="1891724563" />
        <name>Primary Office</name>
        <telecom value="tel:+1((55)-5) -5551" use="HP" />
        <addr use="WP">
          <streetAddressLine>2472, Rocky place </streetAddressLine>
          <city>Beaverton</city>
          <state>OR</state>
          <postalCode>97006</postalCode>
          <country>US</country>
        </addr>
      </representedCustodianOrganization>
    </assignedCustodian>
  </custodian>
  <informationRecipient>
    <intendedRecipient>
      <informationRecipient classCode="PSN" determinerCode="INSTANCE">
        <name>
          <given>Albert </given>
          <family>Davis</family>
        </name>
      </informationRecipient>
      <receivedOrganization classCode="ORG" determinerCode="INSTANCE">
        <name>2472, Rocky place,</name>
      </receivedOrganization>
    </intendedRecipient>
  </informationRecipient>
  <legalAuthenticator typeCode="LA" contextControlCode="OP">
    <time value="20171005" />
    <signatureCode code="S" />
    <assignedEntity classCode="ASSIGNED">
      <id root="2.16.840.1.113883.4.6" extension="1750491212" />
      <addr use="WP">
        <streetAddressLine>2472, Rocky place </streetAddressLine>
        <city>Beaverton</city>
        <state>OR</state>
        <postalCode>97006</postalCode>
        <country>US</country>
      </addr>
      <telecom nullFlavor="UNK" />
      <assignedPerson classCode="PSN" determinerCode="INSTANCE">
        <name>
          <given>Albert</given>
          <family>Davis</family>
        </name>
      </assignedPerson>
    </assignedEntity>
  </legalAuthenticator>
  <authenticator typeCode="AUTHEN">
    <time value="20171005" />
    <signatureCode code="S" />
    <assignedEntity classCode="ASSIGNED">
      <id root="2.16.840.1.113883.4.6" extension="1750491212" />
      <addr use="WP">
        <streetAddressLine>2472, Rocky place </streetAddressLine>
        <city>Beaverton</city>
        <state>OR</state>
        <postalCode>97006</postalCode>
        <country>US</country>
      </addr>
      <telecom nullFlavor="UNK" />
      <assignedPerson classCode="PSN" determinerCode="INSTANCE">
        <name>
          <given>Albert</given>
          <family>Davis</family>
        </name>
      </assignedPerson>
    </assignedEntity>
  </authenticator>
  <documentationOf typeCode="DOC">
    <serviceEvent classCode="PCPR" moodCode="EVN">
      <effectiveTime>
        <low value="19800801" />
        <high value="20171005" />
      </effectiveTime>
      <performer typeCode="PRF">
        <functionCode code="Doctors" codeSystem="2.16.840.1.113883.5.88" codeSystemName="ParticipationFunction" displayName="Doctors">
          <originalText>Doctors</originalText>
        </functionCode>
        <assignedEntity classCode="ASSIGNED">
          <id root="2.16.840.1.113883.4.6" extension="1891724563" />
          <addr use="WP">
            <streetAddressLine>2472, Rocky place </streetAddressLine>
            <city>Beaverton</city>
            <state>OR</state>
            <postalCode>97006</postalCode>
            <country>US</country>
          </addr>
          <telecom value="tel:+1(555)-555-1002" use="WP" />
          <assignedPerson classCode="PSN" determinerCode="INSTANCE">
            <name>
              <given>Tracy</given>
              <family>Davis</family>
            </name>
          </assignedPerson>
          <representedOrganization classCode="ORG" determinerCode="INSTANCE">
            <id root="1.2.16.840.1.113883.4.6" />
            <name>Primary Office</name>
            <telecom value="tel:+1(555)-555-1002" use="WP" />
            <addr use="WP">
              <streetAddressLine>2472, Rocky place </streetAddressLine>
              <city>Beaverton</city>
              <state>OR</state>
              <postalCode>97006</postalCode>
              <country>US</country>
            </addr>
          </representedOrganization>
        </assignedEntity>
      </performer>
      <performer typeCode="PRF">
        <functionCode code="Doctors" codeSystem="2.16.840.1.113883.5.88" codeSystemName="ParticipationFunction" displayName="Doctors">
          <originalText>Doctors</originalText>
        </functionCode>
        <assignedEntity classCode="ASSIGNED">
          <id root="2.16.840.1.113883.4.6" extension="1891724563" />
          <addr use="WP">
            <streetAddressLine>2472, Rocky place </streetAddressLine>
            <city>Beaverton</city>
            <state>OR</state>
            <postalCode>97006</postalCode>
            <country>US</country>
          </addr>
          <telecom value="tel:+1((55)-5) -5551" use="WP" />
          <assignedPerson classCode="PSN" determinerCode="INSTANCE">
            <name>
              <given>Albert</given>
              <family>Davis</family>
            </name>
          </assignedPerson>
          <representedOrganization classCode="ORG" determinerCode="INSTANCE">
            <id root="1.2.16.840.1.113883.4.6" />
            <name>Primary Office</name>
            <telecom value="tel:+1((55)-5) -5551" use="WP" />
            <addr use="WP">
              <streetAddressLine>2472, Rocky place </streetAddressLine>
              <city>Beaverton</city>
              <state>OR</state>
              <postalCode>97006</postalCode>
              <country>US</country>
            </addr>
          </representedOrganization>
        </assignedEntity>
      </performer>
    </serviceEvent>
  </documentationOf>
  <component>
    <structuredBody>
      <component>
        <section>
          <templateId root="2.16.840.1.113883.10.20.22.2.6.1" extension="2015-08-01" />
          <templateId root="2.16.840.1.113883.10.20.22.2.6.1" />
          <code code="48765-2" codeSystem="2.16.840.1.113883.6.1" codeSystemName="LOINC" />
          <title>ALLERGIES AND ADVERSE REACTIONS</title>
          <text mediaType="text/x-hl7-text+xml">No Known Allergies</text>
          <entry typeCode="DRIV">
            <act classCode="ACT" moodCode="EVN">
              <templateId root="2.16.840.1.113883.10.20.22.4.30" />
              <templateId root="2.16.840.1.113883.10.20.22.4.30" extension="2015-08-01" />
              <id root="36e3e930-7b14-11db-9fe1-0800200c9a66" />
              <code code="CONC" codeSystem="2.16.840.1.113883.5.6" />
              <statusCode code="active" />
              <effectiveTime>
                <low nullFlavor="UNK" />
              </effectiveTime>
              <entryRelationship typeCode="SUBJ" inversionInd="false">
                <observation classCode="OBS" moodCode="EVN">
                  <templateId root="2.16.840.1.113883.10.20.22.4.7" extension="2014-06-09" />
                  <templateId root="2.16.840.1.113883.10.20.22.4.7" />
                  <id root="4adc1020-7b14-12db-9fe1-0800200c9a66" />
                  <code code="ASSERTION" codeSystem="2.16.840.1.113883.5.4" />
                  <statusCode code="completed" />
                  <effectiveTime>
                    <low nullFlavor="UNK" />
                  </effectiveTime>
                  <value xsi:type="CD" code="419199007" codeSystem="2.16.840.1.113883.6.96" codeSystemName="SNOMED CT" displayName="Allergy to substance" />
                  <participant typeCode="CSM">
                    <participantRole classCode="MANU">
                      <playingEntity classCode="MMAT">
                        <code nullFlavor="UNK" />
                      </playingEntity>
                    </participantRole>
                  </participant>
                </observation>
              </entryRelationship>
            </act>
          </entry>
        </section>
      </component>
      <component>
        <section>
          <templateId root="2.16.840.1.113883.10.20.22.2.1.1" extension="2014-06-09" />
          <templateId root="2.16.840.1.113883.10.20.22.2.1.1" />
          <code code="10160-0" codeSystem="2.16.840.1.113883.6.1" codeSystemName="LOINC" displayName="HISTORY OF MEDICATION USE" />
          <title>MEDICATIONS</title>
          <text mediaType="text/x-hl7-text+xml">No Known Medications</text>
          <entry typeCode="DRIV">
            <substanceAdministration classCode="SBADM" moodCode="INT">
              <templateId root="2.16.840.1.113883.10.20.22.4.16" extension="2014-06-09" />
              <templateId root="2.16.840.1.113883.10.20.22.4.16" />
              <id root="46529d60-875a-4254-abc6-cb5bdec6c848" />
              <statusCode nullFlavor="UNK" />
              <effectiveTime xsi:type="IVL_TS">
                <low nullFlavor="UNK" />
              </effectiveTime>
              <routeCode nullFlavor="UNK" />
              <doseQuantity nullFlavor="UNK" />
              <consumable typeCode="CSM">
                <manufacturedProduct classCode="MANU">
                  <templateId root="2.16.840.1.113883.10.20.22.4.23" extension="2014-06-09" />
                  <templateId root="2.16.840.1.113883.10.20.22.4.23" />
                  <id root="858f48af-9253-4c25-a323-07b6e32605dc" />
                  <manufacturedMaterial classCode="MMAT">
                    <code nullFlavor="UNK" />
                    <name />
                  </manufacturedMaterial>
                </manufacturedProduct>
              </consumable>
            </substanceAdministration>
          </entry>
        </section>
      </component>
      <component>
        <section>
          <templateId root="2.16.840.1.113883.10.20.22.2.5.1" extension="2015-08-01" />
          <templateId root="2.16.840.1.113883.10.20.22.2.5.1" />
          <code code="11450-4" codeSystem="2.16.840.1.113883.6.1" codeSystemName="LOINC" displayName="PROBLEM LIST" />
          <title>PROBLEMS</title>
          <text mediaType="text/x-hl7-text+xml">No Known Problems</text>
          <entry typeCode="DRIV">
            <act classCode="ACT" moodCode="EVN">
              <templateId root="2.16.840.1.113883.10.20.22.4.3" />
              <templateId root="2.16.840.1.113883.10.20.22.4.3" extension="2015-08-01" />
              <id root="ec8a6ff8-ed4b-4f7e-84c3-e98e58b45de8" />
              <code code="CONC" codeSystem="2.16.840.1.113883.5.6" />
              <statusCode code="active" />
              <effectiveTime>
                <low nullFlavor="UNK" />
              </effectiveTime>
              <entryRelationship typeCode="SUBJ" inversionInd="false">
                <observation classCode="OBS" moodCode="EVN">
                  <templateId root="2.16.840.1.113883.10.20.22.4.4" extension="2015-08-01" />
                  <templateId root="2.16.840.1.113883.10.20.22.4.4" />
                  <id root="9fac9239-4b6c-4f2a-9754-387d1fb0fa1f" />
                  <code code="64572001" codeSystem="2.16.840.1.113883.6.96" codeSystemName="SNOMED-CT" displayName="Condition">
                    <translation code="75323-6" codeSystem="2.16.840.1.113883.6.1" codeSystemName="LOINC" displayName="Condition" />
                  </code>
                  <statusCode nullFlavor="UNK" />
                  <effectiveTime>
                    <low nullFlavor="UNK" />
                  </effectiveTime>
                  <value xsi:type="CD" code="55607006" codeSystem="2.16.840.1.113883.6.96" codeSystemName="SNOMED CT" displayName="Problem" />
                </observation>
              </entryRelationship>
            </act>
          </entry>
        </section>
      </component>
      <component>
        <section>
          <templateId root="2.16.840.1.113883.10.20.22.2.22.1" extension="2015-08-01" />
          <templateId root="2.16.840.1.113883.10.20.22.2.22.1" />
          <code code="46240-8" codeSystem="2.16.840.1.113883.6.1" codeSystemName="LOINC" displayName="History of encounters" />
          <title>ENCOUNTERS</title>
          <text mediaType="text/x-hl7-text+xml">
            <table width="100%" border="1">
              <thead>
                <tr>
                  <th>Encounter Diagnosis</th>
                  <th>Performer</th>
                  <th>Location</th>
                  <th>Date</th>
                </tr>
              </thead>
              <tbody>
                <tr>
                  <td ID="Encounter1">Well male adult</td>
                  <td> Albert Davis</td>
                  <td>Primary Office</td>
                  <td>7/22/2015</td>
                </tr>
              </tbody>
            </table>
          </text>
          <entry typeCode="DRIV">
            <encounter classCode="ENC" moodCode="EVN">
              <templateId root="2.16.840.1.113883.10.20.22.4.49" extension="2015-08-01" />
              <templateId root="2.16.840.1.113883.10.20.22.4.49" />
              <id root="e5f2301f-3758-41ce-a28f-458d97070bc6" />
              <code code="102513008" codeSystem="2.16.840.1.113883.6.12" codeSystemName="CPT-4" displayName="Well male adult">
                <originalText>
                  <reference value="#Encounter1" />
                </originalText>
                <translation code="AMB" codeSystem="2.16.840.1.113883.5.4" codeSystemName="HL7 ActEncounterCode" displayName="Ambulatory" />
              </code>
              <effectiveTime value="20150722" />
              <performer>
                <assignedEntity classCode="ASSIGNED">
                  <id root="2.16.840.1.113883.4.6" extension="1891724563" />
                  <code nullFlavor="UNK" />
                </assignedEntity>
              </performer>
              <participant typeCode="LOC">
                <participantRole classCode="SDLOC">
                  <templateId root="2.16.840.1.113883.10.20.22.4.32" />
                  <code code="1120-5" codeSystem="2.16.840.1.113883.6.259" codeSystemName="HL7 HealthcareServiceLocation" displayName="Outpatient Medical Clinic" />
                  <addr>
                    <streetAddressLine>2472, Rocky place </streetAddressLine>
                    <city>Beaverton</city>
                    <state>OR</state>
                    <postalCode>97006</postalCode>
                    <country>US</country>
                  </addr>
                  <telecom value="tel:+1((55)-5) -5551" use="WP" />
                  <playingEntity classCode="PLC">
                    <name>Primary Office</name>
                  </playingEntity>
                </participantRole>
              </participant>
              <entryRelationship typeCode="SUBJ">
                <act classCode="ACT" moodCode="EVN">
                  <templateId root="2.16.840.1.113883.10.20.22.4.80" extension="2015-08-01" />
                  <templateId root="2.16.840.1.113883.10.20.22.4.19" />
                  <id root="e5f2301f-3758-41ce-a28f-458d97070bc6" />
                  <code code="29308-4" codeSystem="2.16.840.1.113883.6.1" codeSystemName="LOINC" displayName="ENCOUNTER DIAGNOSIS" />
                  <effectiveTime>
                    <low value="20150722" />
                  </effectiveTime>
                  <entryRelationship typeCode="SUBJ">
                    <observation classCode="OBS" moodCode="EVN">
                      <templateId root="2.16.840.1.113883.10.20.22.4.4" extension="2015-08-01" />
                      <templateId root="2.16.840.1.113883.10.20.22.4.4" />
                      <id root="e5f2301f-3758-41ce-a28f-458d97070bc6" />
                      <code xsi:type="CE" code="404684003" codeSystem="2.16.840.1.113883.6.96" codeSystemName="SNOMED-CT" displayName="Finding">
                        <translation code="75321-0" codeSystem="2.16.840.1.113883.6.1" codeSystemName="LOINC" displayName="Clinical finding" />
                      </code>
                      <statusCode code="completed" />
                      <effectiveTime>
                        <low value="20150722" />
                      </effectiveTime>
                      <value xsi:type="CD" code="102513008" codeSystem="2.16.840.1.113883.6.96" displayName="Well male adult" />
                    </observation>
                  </entryRelationship>
                </act>
              </entryRelationship>
            </encounter>
          </entry>
        </section>
      </component>
      <component>
        <section nullFlavor="NI">
          <templateId root="2.16.840.1.113883.10.20.22.2.2.1" extension="2015-08-01" />
          <templateId root="2.16.840.1.113883.10.20.22.2.2.1" />
          <code code="11369-6" codeSystem="2.16.840.1.113883.6.1" codeSystemName="LOINC" displayName="History of immunizations" />
          <title>IMMUNIZATIONS</title>
          <text mediaType="text/x-hl7-text+xml">No Information</text>
        </section>
      </component>
      <component>
        <section>
          <templateId root="2.16.840.1.113883.10.20.22.2.17" extension="2015-08-01" />
          <templateId root="2.16.840.1.113883.10.20.22.2.17" />
          <code code="29762-2" codeSystem="2.16.840.1.113883.6.1" codeSystemName="LOINC" displayName="Social History" />
          <title>SOCIAL HISTORY</title>
          <text mediaType="text/x-hl7-text+xml">
            <table width="100%" border="1">
              <thead>
                <tr>
                  <th>Social History Observation</th>
                  <th>Description</th>
                  <th>Dates Observed</th>
                </tr>
              </thead>
              <tbody>
                <tr>
                  <td>Current Smoking Status</td>
                  <td>Current every day smoker</td>
                  <td>7/22/2015</td>
                </tr>
              </tbody>
            </table>
            <table width="100%" border="1">
              <thead>
                <tr>
                  <th>Birth Sex</th>
                </tr>
              </thead>
              <tbody>
                <tr>
                  <td>Male</td>
                </tr>
              </tbody>
            </table>
          </text>
          <entry>
            <observation classCode="OBS" moodCode="EVN">
              <templateId root="2.16.840.1.113883.10.20.22.4.200" extension="2016-06-01" />
              <templateId root="2.16.840.1.113883.10.20.22.4.200" />
              <id root="99f24ecd-3f3c-41ef-872e-8a790cc5e9f5" />
              <code code="76689-9" codeSystem="2.16.840.1.113883.6.1" codeSystemName="LOINC" displayName="Sex Assigned At Birth" />
              <statusCode code="completed" />
              <effectiveTime value="19800801" />
              <value xsi:type="CD" code="M" codeSystem="2.16.840.1.113883.5.1" displayName="Male" />
            </observation>
          </entry>
          <entry typeCode="DRIV">
            <observation classCode="OBS" moodCode="EVN">
              <templateId root="2.16.840.1.113883.10.20.22.4.78" extension="2014-06-09" />
              <templateId root="2.16.840.1.113883.10.20.22.4.78" />
              <id root="293f2285-b6a1-49d2-bbfb-7f77f9d06820" />
              <code code="72166-2" codeSystem="2.16.840.1.113883.6.1" codeSystemName="LOINC" displayName="Tobacco smoking status NHIS" />
              <statusCode code="completed" />
              <effectiveTime value="20150722" />
              <value xsi:type="CD" code="449868002" codeSystem="2.16.840.1.113883.6.96" codeSystemName="SNOMED CT" displayName="Current every day smoker" />
            </observation>
          </entry>
        </section>
      </component>
      <component>
        <section nullFlavor="NI">
          <templateId root="2.16.840.1.113883.10.20.22.2.3.1" extension="2015-08-01" />
          <templateId root="2.16.840.1.113883.10.20.22.2.3.1" />
          <code code="30954-2" codeSystem="2.16.840.1.113883.6.1" codeSystemName="LOINC" displayName="RESULTS" />
          <title>RESULTS</title>
          <text mediaType="text/x-hl7-text+xml">No Information</text>
        </section>
      </component>
      <component>
        <section>
          <templateId root="2.16.840.1.113883.10.20.22.2.4.1" extension="2015-08-01" />
          <templateId root="2.16.840.1.113883.10.20.22.2.4.1" />
          <code code="8716-3" codeSystem="2.16.840.1.113883.6.1" codeSystemName="LOINC" displayName="Vital Signs" />
          <title>VITAL SIGNS</title>
          <text mediaType="text/x-hl7-text+xml">
            <table width="100%" border="1">
              <thead>
                <tr>
                  <th>Item</th>
                  <th>Measurement</th>
                  <th>Date</th>
                </tr>
              </thead>
              <tbody>
                <tr>
                  <td>Height</td>
                  <td>177 cm</td>
                  <td>7/22/2015</td>
                </tr>
                <tr>
                  <td>Weight</td>
                  <td>88.00 kg</td>
                  <td>7/22/2015</td>
                </tr>
                <tr>
                  <td>Blood Pressure</td>
                  <td>145/88 mm[Hg]</td>
                  <td>7/22/2015</td>
                </tr>
              </tbody>
            </table>
          </text>
          <entry typeCode="DRIV">
            <organizer classCode="CLUSTER" moodCode="EVN">
              <templateId root="2.16.840.1.113883.10.20.22.4.26" extension="2015-08-01" />
              <templateId root="2.16.840.1.113883.10.20.22.4.26" />
              <id root="2023f341-2f24-4432-a1d4-7bc0522f6371" />
              <code xsi:type="CE" code="46680005" codeSystem="2.16.840.1.113883.6.96" codeSystemName="SNOMED CT" displayName="Vital signs">
                <translation code="74728-7" codeSystem="2.16.840.1.113883.6.1" codeSystemName="LOINC" displayName="Vital signs" />
              </code>
              <statusCode code="completed" />
              <effectiveTime value="20150722" />
              <component>
                <observation classCode="OBS" moodCode="EVN">
                  <templateId root="2.16.840.1.113883.10.20.22.4.27" extension="2014-06-09" />
                  <templateId root="2.16.840.1.113883.10.20.22.4.27" />
                  <id root="2023f341-2f24-4432-a1d4-7bc0522f6371" />
                  <code code="8302-2" codeSystem="2.16.840.1.113883.6.1" codeSystemName="LOINC" displayName="Height" />
                  <statusCode code="completed" />
                  <effectiveTime value="20150722" />
                  <value xsi:type="PQ" value="177" unit="cm" />
                  <interpretationCode code="N" codeSystem="2.16.840.1.113883.5.83" />
                </observation>
              </component>
              <component>
                <observation classCode="OBS" moodCode="EVN">
                  <templateId root="2.16.840.1.113883.10.20.22.4.27" extension="2014-06-09" />
                  <templateId root="2.16.840.1.113883.10.20.22.4.27" />
                  <id root="2023f341-2f24-4432-a1d4-7bc0522f6371" />
                  <code code="29463-7" codeSystem="2.16.840.1.113883.6.1" codeSystemName="LOINC" displayName="Patient Body Weight - Measured" />
                  <statusCode code="completed" />
                  <effectiveTime value="20150722" />
                  <value xsi:type="PQ" value="88.00" unit="kg" />
                  <interpretationCode code="N" codeSystem="2.16.840.1.113883.5.83" />
                </observation>
              </component>
              <component>
                <observation classCode="OBS" moodCode="EVN">
                  <templateId root="2.16.840.1.113883.10.20.22.4.27" extension="2014-06-09" />
                  <templateId root="2.16.840.1.113883.10.20.22.4.27" />
                  <id root="2023f341-2f24-4432-a1d4-7bc0522f6371" />
                  <code code="8480-6" codeSystem="2.16.840.1.113883.6.1" codeSystemName="LOINC" displayName="Systolic blood pressure" />
                  <statusCode code="completed" />
                  <effectiveTime value="20150722" />
                  <value xsi:type="PQ" value="145" unit="mm[Hg]" />
                  <interpretationCode code="N" codeSystem="2.16.840.1.113883.5.83" />
                </observation>
              </component>
              <component>
                <observation classCode="OBS" moodCode="EVN">
                  <templateId root="2.16.840.1.113883.10.20.22.4.27" extension="2014-06-09" />
                  <templateId root="2.16.840.1.113883.10.20.22.4.27" />
                  <id root="2023f341-2f24-4432-a1d4-7bc0522f6371" />
                  <code code="8462-4" codeSystem="2.16.840.1.113883.6.1" codeSystemName="LOINC" displayName="BP Diastolic" />
                  <statusCode code="completed" />
                  <effectiveTime value="20150722" />
                  <value xsi:type="PQ" value="88" unit="mm[Hg]" />
                  <interpretationCode code="N" codeSystem="2.16.840.1.113883.5.83" />
                </observation>
              </component>
            </organizer>
          </entry>
        </section>
      </component>
      <component>
        <section nullFlavor="NI">
          <templateId root="2.16.840.1.113883.10.20.22.2.58" extension="2015-08-01" />
          <templateId root="2.16.840.1.113883.10.20.22.2.58" />
          <code code="75310-3" codeSystem="2.16.840.1.113883.6.1" codeSystemName="LOINC" displayName="Health Concerns Document" />
          <title>HEALTH CONCERNS SECTION</title>
          <text mediaType="text/x-hl7-text+xml">No Information</text>
        </section>
      </component>
      <component>
        <section nullFlavor="NI">
          <templateId root="2.16.840.1.113883.10.20.22.2.7.1" extension="2014-06-09" />
          <templateId root="2.16.840.1.113883.10.20.22.2.7.1" />
          <code code="47519-4" codeSystem="2.16.840.1.113883.6.1" codeSystemName="LOINC" displayName="HISTORY OF PROCEDURES" />
          <title>PROCEDURES</title>
          <text mediaType="text/x-hl7-text+xml">No Information</text>
        </section>
      </component>
      <component>
        <section nullFlavor="NI">
          <templateId root="2.16.840.1.113883.10.20.22.2.14" extension="2014-06-09" />
          <templateId root="2.16.840.1.113883.10.20.22.2.14" />
          <code code="47420-5" codeSystem="2.16.840.1.113883.6.1" codeSystemName="LOINC" displayName="Functional Status" />
          <title>FUNCTIONAL STATUS</title>
          <text mediaType="text/x-hl7-text+xml">No Information</text>
        </section>
      </component>
      <component>
        <section nullFlavor="NI">
          <templateId root="2.16.840.1.113883.10.20.22.2.56" extension="2015-08-01" />
          <templateId root="2.16.840.1.113883.10.20.22.2.56" />
          <code code="10190-7" codeSystem="2.16.840.1.113883.6.1" codeSystemName="LOINC" displayName="Mental Status" />
          <title>MENTAL STATUS</title>
          <text mediaType="text/x-hl7-text+xml">No Information</text>
        </section>
      </component>
      <component>
        <section nullFlavor="NI">
          <templateId root="2.16.840.1.113883.10.20.22.2.60" />
          <code code="61146-7" codeSystem="2.16.840.1.113883.6.1" codeSystemName="LOINC" displayName="Goals" />
          <title>GOALS SECTION</title>
          <text mediaType="text/x-hl7-text+xml">No Information</text>
        </section>
      </component>
      <component>
        <section>
          <templateId root="2.16.840.1.113883.10.20.22.2.8" extension="2014-06-09" />
          <templateId root="2.16.840.1.113883.10.20.22.2.8" />
          <code code="51848-0" codeSystem="2.16.840.1.113883.6.1" codeSystemName="LOINC" displayName="ASSESSMENTS" />
          <title>ASSESSMENTS</title>
          <text mediaType="text/x-hl7-text+xml">The patient was found to be healthy and advised to follow his current routine of exercise, work, sleep and quality of life. 
</text>
        </section>
      </component>
      <component>
        <section>
          <templateId root="1.3.6.1.4.1.19376.1.5.3.1.3.1" extension="2014-06-09" />
          <templateId root="1.3.6.1.4.1.19376.1.5.3.1.3.1" />
          <code code="42349-1" codeSystem="2.16.840.1.113883.6.1" codeSystemName="LOINC" displayName="REASON FOR REFERRAL" />
          <title>REASON FOR REFERRAL</title>
          <text mediaType="text/x-hl7-text+xml">
            <table width="100%" border="1">
              <tbody>
                <tr ID="RefDiv">
                  <td ID="RefTd">No Information</td>
                </tr>
              </tbody>
            </table>
          </text>
        </section>
      </component>
      <component>
        <section nullFlavor="NI">
          <templateId root="2.16.840.1.113883.10.20.22.2.23" extension="2014-06-09" />
          <templateId root="2.16.840.1.113883.10.20.22.2.23" />
          <code code="46264-8" codeSystem="2.16.840.1.113883.6.1" codeSystemName="LOINC" displayName="Medical Equipment" />
          <title>MEDICAL EQUIPMENT</title>
          <text mediaType="text/x-hl7-text+xml">No Information</text>
        </section>
      </component>
      <component>
        <section>
          <templateId root="2.16.840.1.113883.10.20.22.2.10" extension="2014-06-09" />
          <templateId root="2.16.840.1.113883.10.20.22.2.10" />
          <code code="18776-5" codeSystem="2.16.840.1.113883.6.1" codeSystemName="LOINC" displayName="Treatment plan" />
          <title>TREATMENT PLAN</title>
          <text mediaType="text/x-hl7-text+xml">
            <table width="100%" border="1">
              <thead>
                <tr>
                  <th>Planned Care</th>
                  <th>Start Date</th>
                  <th>Category</th>
                </tr>
              </thead>
              <tbody>
                <tr>
                  <td>Office or other outpatient visit for the evaluation and management of a new patient, which requires these 3 key components: A detailed history; A detailed examination; Medical decision making of low complexity. Counseling and/or coordination of care with other physicians, other qualified health care professionals, or agencies are provided consistent with the nature of the problem(s) and the patient's and/or family's needs. Usually, the presenting problem(s) are of moderate severity. Typically, 30 minutes are spent face-to-face with the patient and/or family. - [CPT4 ID:99203]</td>
                  <td>7/22/2018</td>
                  <td>Procedure</td>
                </tr>
              </tbody>
            </table>
          </text>
          <entry typeCode="DRIV">
            <procedure classCode="PROC" moodCode="INT">
              <templateId root="2.16.840.1.113883.10.20.22.4.41" extension="2014-06-09" />
              <templateId root="2.16.840.1.113883.10.20.22.4.41" />
              <id root="3b13bcb2-59a5-4ae3-aec3-0a1fdf186391" />
              <code code="99203" codeSystem="2.16.840.1.113883.6.12" codeSystemName="CPT-4" displayName="Office or other outpatient visit for the evaluation and management of a new patient, which requires these 3 key components: A detailed history; A detailed examination; Medical decision making of low complexity. Counseling and/or coordination of care with other physicians, other qualified health care professionals, or agencies are provided consistent with the nature of the problem(s) and the patient's and/or family's needs. Usually, the presenting problem(s) are of moderate severity. Typically, 30 minutes are spent face-to-face with the patient and/or family. - [CPT4 ID:99203]" />
              <statusCode code="active" />
              <effectiveTime value="20180722" />
            </procedure>
          </entry>
        </section>
      </component>
    </structuredBody>
  </component>
</ClinicalDocument>