<?xml version="1.0" encoding="UTF-8"?><?xml-stylesheet type='text/xsl' href='CDA.xsl'?><ClinicalDocument xmlns:xsi="http://www.w3.org/2001/XMLSchema-instance" xmlns="urn:hl7-org:v3" xmlns:voc="urn:hl7-org:v3/voc" xmlns:sdtc="urn:hl7-org:sdtc">
<realmCode code="US"/>
<typeId root="2.16.840.1.113883.1.3" extension="POCD_HD000040"/>
<!--US Realm Header ID-->
<templateId root="2.16.840.1.113883.10.20.22.1.1" extension="2015-08-01"/>
<templateId root="2.16.840.1.113883.10.20.22.1.1"/>
<!--Document template ID-->
<templateId root="2.16.840.1.113883.10.20.22.1.2" extension="2015-08-01"/>
<templateId root="2.16.840.1.113883.10.20.22.1.2"/>
<!--GUID that isn't a guid, just our noteid.-->
<id extension="9" root="f5120085-9008-43e5-86b3-6a9485333f5b"/>
<code code="34133-9" displayName="Summarization of Episode Note" codeSystem="2.16.840.1.113883.6.1" codeSystemName="LOINC"/>
<title>Summarization of Episode Note for Bates, Jeremy V created on 2017-08-10</title>
<effectiveTime value="20170810110101-0500"/>
<confidentialityCode code="N" displayName="normal" codeSystem="2.16.840.1.113883.5.25" codeSystemName="Confidentiality"/>
<languageCode code="en-US"/>
<recordTarget>
<patientRole>
<id root="2.16.840.1.113883.4.1" extension="UNK"/>
<addr use="HP">
<!--HP is from code system 2.16.840.1.113883.5.1119 : Primary home address-->
<streetAddressLine>1357 Amber Dr</streetAddressLine>
<city>Beaverton</city>
<state>OR</state>
<postalCode>97006</postalCode>
</addr>
<telecom value="tel: 555-723-1544" use="HP"/>
<telecom value="tel: 555-777-1234" use="MC"/>
<patient>
<name>
<given qualifier="BR">Jeremy</given>
<given>V</given>
<family>Bates</family>
<suffix>Jr</suffix>
</name>
<administrativeGenderCode code="M" displayName="Male" codeSystem="2.16.840.1.113883.5.1"/>
<birthTime value="19800801"/>
<raceCode nullFlavor="UNK"/>
<ethnicGroupCode nullFlavor="UNK"/>
<languageCommunication>
<languageCode code="en"/>
</languageCommunication>
</patient>
<providerOrganization>
<id extension="unknown" root="2.16.840.1.113883.4.6"/>
<name>Neighborhood Physicians Practice</name>
<telecom value="tel: 555-555-1002" use="WP"/>
<addr>
<streetAddressLine>2472 Rocky place</streetAddressLine>
<city>Beaverton</city>
<state>OR</state>
<postalCode>97006</postalCode>
</addr>
</providerOrganization>
</patientRole>
</recordTarget>
<author>
<time value="20170810"/>
<assignedAuthor>
<id extension="2" root="2.16.840.1.113883.4.6"/>
<addr>
<streetAddressLine>2472 Rocky place</streetAddressLine>
<city>Veaverton</city>
<state>OR</state>
<postalCode>97006</postalCode>
</addr>
<telecom value="tel: 555-555-1002" use="WP"/>
<assignedPerson>
<name>
<given>Albert</given>
<family>Davis</family>
</name>
</assignedPerson>
<representedOrganization>
<id root="authorsOrganizationRoot" extension="authorsOrganizationExt"/>
<name/>
</representedOrganization>
</assignedAuthor>
</author>
<custodian>
<assignedCustodian>
<representedCustodianOrganization>
<id extension="unknown" root="2.16.840.1.113883.4.6"/>
<name>Neighborhood Physicians Practice</name>
<telecom value="tel: 555-555-1002" use="WP"/>
<addr>
<streetAddressLine>2472 Rocky place</streetAddressLine>
<city>Beaverton</city>
<state>OR</state>
<postalCode>97006</postalCode>
</addr>
</representedCustodianOrganization>
</assignedCustodian>
</custodian>
<informationRecipient>
<intendedRecipient>
<informationRecipient>
<name>
<prefix>Dr</prefix>
<given>Abraham</given>
<family>Vigoda</family>
</name>
</informationRecipient>
<receivedOrganization>
<name>Receiving Oraganization</name>
</receivedOrganization>
</intendedRecipient>
</informationRecipient>
<documentationOf>
<serviceEvent classCode="PCPR">
<effectiveTime>
<low value="20170807"/>
<high value="20170809"/>
</effectiveTime>
<performer typeCode="PRF">
<assignedEntity>
<id extension="2" root="2.16.840.1.113883.4.6"/>
<addr>
<streetAddressLine>2472 Rocky place</streetAddressLine>
<city>Beaverton</city>
<state>OR</state>
<postalCode>97006</postalCode>
</addr>
<telecom value="tel: 555-555-1002" use="WP"/>
<assignedPerson>
<name>
<given>Albert</given>
<family>Davis</family>
</name>
</assignedPerson>
<representedOrganization>
<id root="authorsOrganizationRoot" extension="authorsOrganizationExt"/>
<name/>
</representedOrganization>
</assignedEntity>
</performer>
<performer typeCode="PRF">
<assignedEntity>
<id extension="3123123" root="2.16.840.1.113883.4.6"/>
<addr>
<streetAddressLine>2472 Rocky place</streetAddressLine>
<city>Beaverton</city>
<state>OR</state>
<postalCode>97006</postalCode>
</addr>
<telecom value="tel: 555-555-1002" use="WP"/>
<assignedPerson>
<name>
<given>Tracy</given>
<family>Davis</family>
</name>
</assignedPerson>
<representedOrganization>
<id root="authorsOrganizationRoot" extension="authorsOrganizationExt"/>
<name/>
</representedOrganization>
</assignedEntity>
</performer>
</serviceEvent>
</documentationOf>
<component>
<structuredBody>
<component>
<section>
<templateId root="2.16.840.1.113883.10.20.22.2.6.1" extension="2015-08-01"/>
<templateId root="2.16.840.1.113883.10.20.22.2.6.1"/>
<code code="48765-2" codeSystem="2.16.840.1.113883.6.1" codeSystemName="LOINC"/>
<title>Allergies</title>
<text>No Known Drug Allergies</text>
<entry typeCode="DRIV">
<act classCode="ACT" moodCode="EVN">
<templateId root="2.16.840.1.113883.10.20.22.4.30" extension="2015-08-01"/>
<templateId root="2.16.840.1.113883.10.20.22.4.30"/>
<id root="f5e58517-09cf-46fd-92fb-b30273c3ec34"/>
<code code="CONC" codeSystem="2.16.840.1.113883.5.6"/>
<statusCode code="active"/>
<effectiveTime>
<low value="19800801"/>
</effectiveTime>
<entryRelationship typeCode="SUBJ">
<!--Using negationInd=true-->
<observation classCode="OBS" moodCode="EVN" negationInd="true">
<templateId root="2.16.840.1.113883.10.20.22.4.7" extension="2014-06-09"/>
<templateId root="2.16.840.1.113883.10.20.22.4.7"/>
<id root="0e17bf4e-f611-4874-a798-44a712183481"/>
<code code="ASSERTION" codeSystem="2.16.840.1.113883.5.4"/>
<statusCode code="completed"/>
<effectiveTime nullFlavor="NA"/>
<!--using drug allergy(disorder) along with negation Indicator-->
<value xsi:type="CD" code="416098002" displayName="Drug Allergy (disorder)" codeSystem="2.16.840.1.113883.6.96" codeSystemName="SNOMED-CT"/>
<participant typeCode="CSM">
<participantRole classCode="MANU">
<playingEntity classCode="MMAT">
<code nullFlavor="NA"/>
</playingEntity>
</participantRole>
</participant>
</observation>
</entryRelationship>
</act>
</entry>
</section>
</component>
<component>
<section nullFlavor="NI">
<templateId root="2.16.840.1.113883.10.20.22.2.1.1" extension="2014-06-09"/>
<templateId root="2.16.840.1.113883.10.20.22.2.1.1"/>
<code code="10160-0" codeSystem="2.16.840.1.113883.6.1" codeSystemName="LOINC"/>
<title>Medications</title>
<text>No known medications</text>
</section>
</component>
<component>
<section>
<templateId root="2.16.840.1.113883.10.20.22.2.5.1" extension="2015-08-01"/>
<templateId root="2.16.840.1.113883.10.20.22.2.5.1"/>
<code code="11450-4" codeSystem="2.16.840.1.113883.6.1" codeSystemName="LOINC"/>
<title>Med Problems</title>
<text>No Known Medical Problems</text>
<entry typeCode="DRIV">
<act classCode="ACT" moodCode="EVN">
<templateId root="2.16.840.1.113883.10.20.22.4.3" extension="2015-08-01"/>
<templateId root="2.16.840.1.113883.10.20.22.4.3"/>
<id root="c53c21fb-fdc8-4f1f-84b0-050ff29adbbe"/>
<code code="CONC" codeSystem="2.16.840.1.113883.5.6"/>
<statusCode code="active"/>
<effectiveTime>
<low value="20170809"/>
</effectiveTime>
<entryRelationship typeCode="SUBJ">
<observation classCode="OBS" moodCode="EVN" negationInd="true">
<templateId root="2.16.840.1.113883.10.20.22.4.4" extension="2015-08-01"/>
<templateId root="2.16.840.1.113883.10.20.22.4.4"/>
<id root="4c0166a1-678d-4a72-880b-432f6ed5a91f"/>
<code code="64572001" displayName="Condition" codeSystemName="SNOMED-CT" codeSystem="2.16.840.1.113883.6.96">
<translation code="75323-6" codeSystem="2.16.840.1.113883.6.1" codeSystemName="LOINC" displayName="Condition"/>
</code>
<statusCode code="completed"/>
<effectiveTime>
<low value="20170809"/>
</effectiveTime>
<value xsi:type="CD" code="55607006" displayName="Problem" codeSystem="2.16.840.1.113883.6.96" codeSystemName="SNOMED-CT"/>
</observation>
</entryRelationship>
</act>
</entry>
</section>
</component>
<component>
<section nullFlavor="NI">
<templateId root="2.16.840.1.113883.10.20.22.2.2.1" extension="2015-08-01"/>
<templateId root="2.16.840.1.113883.10.20.22.2.2.1"/>
<code code="11369-6" codeSystem="2.16.840.1.113883.6.1"/>
<title>Immunizations</title>
<text>No Immunizations Entered</text>
</section>
</component>
<component>
<section>
<templateId root="2.16.840.1.113883.10.20.22.2.4.1" extension="2015-08-01"/>
<templateId root="2.16.840.1.113883.10.20.22.2.4.1"/>
<code code="8716-3" codeSystem="2.16.840.1.113883.6.1"/>
<title>Vital Signs</title>
<text>
<table border="1" width="100%">
<thead>
<tr>
<th>date</th>
<th>Blood Pressure</th>
<th>Heart Rate</th>
<th>O2 Sat</th>
<th>Temp</th>
<th>Respiratory Rate</th>
<th>Height</th>
<th>Weight</th>
</tr>
</thead>
<tbody>
<tr>
<td>
<content ID="vitaldate11">2017-08-09</content>
</td>
<td>
<content ID="vitalbp1">145/88</content>
</td>
<td>
<content ID="vitalhr1"/>
</td>
<td>
<content ID="vitalo21"/>
</td>
<td>
<content ID="vitaltemp1"/>
</td>
<td>
<content ID="vitalresp1"/>
</td>
<td>
<content ID="vitalheight1"/>
</td>
<td>
<content ID="vitalweight1"/>
</td>
</tr>
<tr>
<td>
<content ID="vitaldate12">2017-08-09</content>
</td>
<td>
<content ID="vitalbp2"/>
</td>
<td>
<content ID="vitalhr2"/>
</td>
<td>
<content ID="vitalo22"/>
</td>
<td>
<content ID="vitaltemp2"/>
</td>
<td>
<content ID="vitalresp2"/>
</td>
<td>
<content ID="vitalheight2">177 centimeters(cm)</content>
</td>
<td>
<content ID="vitalweight2">88 kilograms(kg)</content>
</td>
</tr>
</tbody>
</table>
</text>
<entry typeCode="DRIV">
<organizer classCode="CLUSTER" moodCode="EVN">
<templateId root="2.16.840.1.113883.10.20.22.4.26" extension="2015-08-01"/>
<templateId root="2.16.840.1.113883.10.20.22.4.26"/>
<id root="a24e93ba-1d67-4f87-bbd1-856b85550466"/>
<code code="46680005" codeSystem="2.16.840.1.113883.6.96">
<translation code="74728-7" codeSystem="2.16.840.1.113883.6.1" displayName="Vital signs, weight, height, head circumference, oximetry, BMI, and BSA panel"/>
</code>
<statusCode code="completed"/>
<effectiveTime value="20170809"/>
<component>
<observation classCode="OBS" moodCode="EVN">
<templateId root="2.16.840.1.113883.10.20.22.4.27" extension="2014-06-09"/>
<templateId root="2.16.840.1.113883.10.20.22.4.27"/>
<id root="ae702a29-0391-4588-a7dd-61811fa25027"/>
<code code="8462-4" codeSystem="2.16.840.1.113883.6.1" codeSystemName="LOINC" displayName="Diastolic blood pressure"/>
<statusCode code="completed"/>
<effectiveTime value="20170809"/>
<value xsi:type="PQ" value="88" unit="mm[Hg]"/>
</observation>
</component>
<component>
<observation classCode="OBS" moodCode="EVN">
<templateId root="2.16.840.1.113883.10.20.22.4.27" extension="2014-06-09"/>
<templateId root="2.16.840.1.113883.10.20.22.4.27"/>
<id root="73b50013-cad6-4068-9fb2-bb6ccaa7f433"/>
<code code="8480-6" codeSystem="2.16.840.1.113883.6.1" codeSystemName="LOINC" displayName="Systolic blood pressure"/>
<statusCode code="completed"/>
<effectiveTime value="20170809"/>
<value xsi:type="PQ" value="145" unit="mm[Hg]"/>
</observation>
</component>
</organizer>
</entry>
<entry typeCode="DRIV">
<organizer classCode="CLUSTER" moodCode="EVN">
<templateId root="2.16.840.1.113883.10.20.22.4.26" extension="2015-08-01"/>
<templateId root="2.16.840.1.113883.10.20.22.4.26"/>
<id root="962cb91b-2d36-4abc-b643-6131615c0dc8"/>
<code code="46680005" codeSystem="2.16.840.1.113883.6.96">
<translation code="74728-7" codeSystem="2.16.840.1.113883.6.1" displayName="Vital signs, weight, height, head circumference, oximetry, BMI, and BSA panel"/>
</code>
<statusCode code="completed"/>
<effectiveTime value="20170809"/>
<component>
<observation classCode="OBS" moodCode="EVN">
<templateId root="2.16.840.1.113883.10.20.22.4.27" extension="2014-06-09"/>
<templateId root="2.16.840.1.113883.10.20.22.4.27"/>
<id root="c27f08d5-abf0-4d9a-9aed-8bb3c72c11d4"/>
<code code="8302-2" codeSystem="2.16.840.1.113883.6.1" codeSystemName="LOINC" displayName="Body height"/>
<statusCode code="completed"/>
<effectiveTime value="20170809"/>
<value xsi:type="PQ" value="177" unit="cm"/>
</observation>
</component>
<component>
<observation classCode="OBS" moodCode="EVN">
<templateId root="2.16.840.1.113883.10.20.22.4.27" extension="2014-06-09"/>
<templateId root="2.16.840.1.113883.10.20.22.4.27"/>
<id root="017c9a7a-e2cc-40f1-98d8-8c809f2f179b"/>
<code code="29463-7" codeSystem="2.16.840.1.113883.6.1" codeSystemName="LOINC" displayName="Body weight"/>
<statusCode code="completed"/>
<effectiveTime value="20170809"/>
<value xsi:type="PQ" value="88" unit="kg"/>
</observation>
</component>
</organizer>
</entry>
</section>
</component>
<component>
<section>
<templateId root="2.16.840.1.113883.10.20.22.2.17" extension="2015-08-01"/>
<templateId root="2.16.840.1.113883.10.20.22.2.17"/>
<code code="29762-2" codeSystem="2.16.840.1.113883.6.1"/>
<title>Social History</title>
<text>
<table border="1" width="100%">
<thead>
<tr>
<th>Social History Observation</th>
<th>Description</th>
<th>Date observed</th>
</tr>
</thead>
<tbody>
<tr>
<td>Smoking Status</td>
<td>Current every day smoker</td>
<td>2017-08-09</td>
</tr>
<tr>
<td>Historical Smoking Status</td>
<td/>
<td>2017-08-09</td>
</tr>
</tbody>
</table>
</text>
<entry typeCode="DRIV">
<observation classCode="OBS" moodCode="EVN">
<templateId root="2.16.840.1.113883.10.20.22.4.200" extension="2016-06-01"/>
<templateId root="2.16.840.1.113883.10.20.22.4.200"/>
<id root="3826a908-e2a7-4b37-b5b9-61d0719fec20"/>
<code code="76689-9" codeSystem="2.16.840.1.113883.6.1" codeSystemName="LOINC" displayName="Birth Sex"/>
<statusCode code="completed"/>
<effectiveTime value="19800801"/>
<value xsi:type="CD" code="M" codeSystem="2.16.840.1.113883.5.1"/>
</observation>
</entry>
<entry typeCode="DRIV">
<observation classCode="OBS" moodCode="EVN">
<templateId root="2.16.840.1.113883.10.20.22.4.78" extension="2014-06-09"/>
<templateId root="2.16.840.1.113883.10.20.22.4.78"/>
<id root="553664e0-0dbf-4efa-b157-2c3028244073"/>
<code code="72166-2" codeSystem="2.16.840.1.113883.6.1" displayName="Tobacco smoking status NHIS"/>
<statusCode code="completed"/>
<effectiveTime value="20170809"/>
<value xsi:type="CD" code="449868002" displayName="Current every day smoker" codeSystem="2.16.840.1.113883.6.96"/>
</observation>
</entry>
</section>
</component>
<component>
<section nullFlavor="NI">
<templateId root="2.16.840.1.113883.10.20.22.2.7.1" extension="2014-06-09"/>
<templateId root="2.16.840.1.113883.10.20.22.2.7.1"/>
<code code="47519-4" codeSystem="2.16.840.1.113883.6.1" codeSystemName="LOINC" displayName="HISTORY OF PROCEDURES"/>
<title>PROCEDURES</title>
<text>No Known Procedures</text>
</section>
</component>
<component>
<section nullFlavor="NI">
<templateId root="2.16.840.1.113883.10.20.22.2.3.1" extension="2015-08-01"/>
<templateId root="2.16.840.1.113883.10.20.22.2.3.1"/>
<code code="30954-2" codeSystem="2.16.840.1.113883.6.1" codeSystemName="LOINC"/>
<title>Relevant diagnostic tests and/or laboratory data</title>
<text>No Lab Results</text>
</section>
</component>
<component>
<section>
<templateId root="2.16.840.1.113883.10.20.22.2.14" extension="2014-06-09"/>
<templateId root="2.16.840.1.113883.10.20.22.2.14"/>
<code code="47420-5" displayName="Functional Status" codeSystem="2.16.840.1.113883.6.1" codeSystemName="LOINC"/>
<title>Functional Status</title>
<text>Functional Status information not available</text>
</section>
</component>
<component>
<section>
<templateId root="2.16.840.1.113883.10.20.22.2.8"/>
<code codeSystem="2.16.840.1.113883.6.1" codeSystemName="LOINC" code="51848-0" displayName="ASSESSMENTS"/>
<title>ASSESSMENTS</title>
<text>The patient was found to be healthy and advised to follow his current routine of exercise, work, sleep and quality of life. </text>
</section>
</component>
<component>
<section>
<templateId root="2.16.840.1.113883.10.20.22.2.10" extension="2014-06-09"/>
<templateId root="2.16.840.1.113883.10.20.22.2.10"/>
<code codeSystem="2.16.840.1.113883.6.1" codeSystemName="LOINC" code="18776-5" displayName="Treatment plan"/>
<title>TREATMENT PLAN</title>
<text>
<list>
<item>Schedule a visit for next year. </item>
</list>
</text>
</section>
</component>
<component>
<section>
<templateId root="2.16.840.1.113883.10.20.22.2.56" extension="2015-08-01"/>
<templateId root="2.16.840.1.113883.10.20.22.2.56"/>
<code code="10190-7" displayName="Mental Status" codeSystem="2.16.840.1.113883.6.1" codeSystemName="LOINC"/>
<title>Mental Status</title>
<text>Mental Status information not available</text>
</section>
</component>
<component>
<section>
<templateId root="2.16.840.1.113883.10.20.22.2.22.1" extension="2015-08-01"/>
<templateId root="2.16.840.1.113883.10.20.22.2.22.1"/>
<code code="46240-8" displayName="Encounter History" codeSystem="2.16.840.1.113883.6.1" codeSystemName="LOINC"/>
<title>Encounters</title>
<text>
<list>
<item>2017-08-09 - Neighborhood  Physicians  Practice<list>
<item>Caregiver Annual Health Check</item>
</list>
</item>
</list>
</text>
<entry typeCode="DRIV">
<encounter classCode="ENC" moodCode="EVN">
<templateId root="2.16.840.1.113883.10.20.22.4.49" extension="2015-08-01"/>
<templateId root="2.16.840.1.113883.10.20.22.4.49"/>
<id root="b3a5a50e-b735-4b0b-baaa-8d7565538f08"/>
<code code="99395" displayName="Periodic Preventive Med Est Patient 18-39 Yrs" codeSystemName="CPT-4" codeSystem="2.16.840.1.113883.6.12"/>
<effectiveTime value="20170809"/>
<entryRelationship typeCode="SUBJ">
<act classCode="ACT" moodCode="EVN">
<templateId root="2.16.840.1.113883.10.20.22.4.80" extension="2015-08-01"/>
<templateId root="2.16.840.1.113883.10.20.22.4.80"/>
<code code="29308-4" codeSystem="2.16.840.1.113883.6.1"/>
<entryRelationship typeCode="SUBJ">
<observation classCode="OBS" moodCode="EVN">
<templateId root="2.16.840.1.113883.10.20.22.4.4" extension="2015-08-01"/>
<templateId root="2.16.840.1.113883.10.20.22.4.4"/>
<id root="059c5b3b-1d54-4f85-a8ac-0defe70a99cb"/>
<code code="404684003" displayName="Finding" codeSystemName="SNOMED-CT" codeSystem="2.16.840.1.113883.6.96">
<translation code="75321-0" codeSystem="2.16.840.1.113883.6.1" codeSystemName="LOINC" displayName="Clinical Finding"/>
</code>
<statusCode code="completed"/>
<effectiveTime>
<low value="20170809"/>
</effectiveTime>
<value xsi:type="CD" code="699134002" displayName="Caregiver Annual Health Check" codeSystem="2.16.840.1.113883.6.96"/>
</observation>
</entryRelationship>
</act>
</entryRelationship>
</encounter>
</entry>
</section>
</component>
<component>
<section>
<templateId root="2.16.840.1.113883.10.20.22.2.23" extension="2014-06-09"/>
<templateId root="2.16.840.1.113883.10.20.22.2.23"/>
<code code="46264-8" displayName="Medical Equipment" codeSystem="2.16.840.1.113883.6.1" codeSystemName="LOINC"/>
<title>Medical Equipment</title>
<text>No implanted devices documented</text>
</section>
</component>
</structuredBody>
</component>
</ClinicalDocument>
