<?xml version="1.0" encoding="UTF-8"?><?xml-stylesheet type='text/xsl' href='CDA.xsl'?><ClinicalDocument xmlns:xsi="http://www.w3.org/2001/XMLSchema-instance" xmlns="urn:hl7-org:v3" xmlns:voc="urn:hl7-org:v3/voc" xmlns:sdtc="urn:hl7-org:sdtc">
<realmCode code="US"/>
<typeId root="2.16.840.1.113883.1.3" extension="POCD_HD000040"/>
<!--US Realm Header ID-->
<templateId root="2.16.840.1.113883.10.20.22.1.1" extension="2015-08-01"/>
<templateId root="2.16.840.1.113883.10.20.22.1.1"/>
<!--Document template ID-->
<templateId root="2.16.840.1.113883.10.20.22.1.14" extension="2015-08-01"/>
<templateId root="2.16.840.1.113883.10.20.22.1.14"/>
<!--GUID that isn't a guid, just our noteid.-->
<id extension="7" root="07642b2a-a109-435b-83f1-729f09db5988"/>
<code code="57133-1" displayName="Referral Note" codeSystem="2.16.840.1.113883.6.1" codeSystemName="LOINC"/>
<title>Referral Note for Newman, Alicia Jones created on 2017-08-10</title>
<effectiveTime value="20170810105927-0500"/>
<confidentialityCode code="N" displayName="normal" codeSystem="2.16.840.1.113883.5.25" codeSystemName="Confidentiality"/>
<languageCode code="en-US"/>
<recordTarget>
<patientRole>
<id root="2.16.840.1.113883.4.1" extension="UNK"/>
<addr use="HP">
<!--HP is from code system 2.16.840.1.113883.5.1119 : Primary home address-->
<streetAddressLine>1357 AmberDr</streetAddressLine>
<city>Beaverton</city>
<state>OR</state>
<postalCode>97006</postalCode>
</addr>
<telecom value="tel: 555-723-1544" use="HP"/>
<telecom value="tel: 555-777-1234 " use="MC"/>
<patient>
<name use="L">
<given>Alice</given>
<given>Jones</given>
<family>Newman</family>
</name>
<name>
<given qualifier="BR">Alicia</given>
<given>Jones</given>
<family>Newman</family>
</name>
<administrativeGenderCode code="F" displayName="Female" codeSystem="2.16.840.1.113883.5.1"/>
<birthTime value="19700501"/>
<raceCode code="2106-3" displayName="White" codeSystem="2.16.840.1.113883.6.238"/>
<sdtc:raceCode code="2108-9" displayName="European" codeSystem="2.16.840.1.113883.6.238"/>
<ethnicGroupCode code="2186-5" displayName="Not Hispanic or Latino" codeSystem="2.16.840.1.113883.6.238"/>
<sdtc:ethnicGroupCode code="2186-5" displayName="Not Hispanic or Latino" codeSystem="2.16.840.1.113883.6.238"/>
<languageCommunication>
<languageCode code="en"/>
</languageCommunication>
</patient>
<providerOrganization>
<id extension="unknown" root="2.16.840.1.113883.4.6"/>
<name>Neighborhood Physicians Practice</name>
<telecom value="tel: 555-555-1002" use="WP"/>
<addr>
<streetAddressLine>2472 Rocky place</streetAddressLine>
<city>Beaverton</city>
<state>OR</state>
<postalCode>97006</postalCode>
</addr>
</providerOrganization>
</patientRole>
</recordTarget>
<author>
<time value="20170810"/>
<assignedAuthor>
<id extension="2" root="2.16.840.1.113883.4.6"/>
<addr>
<streetAddressLine>2472 Rocky place</streetAddressLine>
<city>Veaverton</city>
<state>OR</state>
<postalCode>97006</postalCode>
</addr>
<telecom value="tel: 555-555-1002" use="WP"/>
<assignedPerson>
<name>
<given>Albert</given>
<family>Davis</family>
</name>
</assignedPerson>
<representedOrganization>
<id root="authorsOrganizationRoot" extension="authorsOrganizationExt"/>
<name/>
</representedOrganization>
</assignedAuthor>
</author>
<custodian>
<assignedCustodian>
<representedCustodianOrganization>
<id extension="unknown" root="2.16.840.1.113883.4.6"/>
<name>Neighborhood Physicians Practice</name>
<telecom value="tel: 555-555-1002" use="WP"/>
<addr>
<streetAddressLine>2472 Rocky place</streetAddressLine>
<city>Beaverton</city>
<state>OR</state>
<postalCode>97006</postalCode>
</addr>
</representedCustodianOrganization>
</assignedCustodian>
</custodian>
<informationRecipient>
<intendedRecipient>
<informationRecipient>
<name>
<prefix>Dr</prefix>
<given>Abraham</given>
<family>Vigoda</family>
</name>
</informationRecipient>
<receivedOrganization>
<name>Receiving Oraganization</name>
</receivedOrganization>
</intendedRecipient>
</informationRecipient>
<documentationOf>
<serviceEvent classCode="PCPR">
<effectiveTime>
<low value="20170805"/>
<high value="20170806"/>
</effectiveTime>
<performer typeCode="PRF">
<assignedEntity>
<id extension="2" root="2.16.840.1.113883.4.6"/>
<addr>
<streetAddressLine>2472 Rocky place</streetAddressLine>
<city>Beaverton</city>
<state>OR</state>
<postalCode>97006</postalCode>
</addr>
<telecom value="tel: 555-555-1002" use="WP"/>
<assignedPerson>
<name>
<given>Albert</given>
<family>Davis</family>
</name>
</assignedPerson>
<representedOrganization>
<id root="authorsOrganizationRoot" extension="authorsOrganizationExt"/>
<name/>
</representedOrganization>
</assignedEntity>
</performer>
<performer typeCode="PRF">
<assignedEntity>
<id extension="3123123" root="2.16.840.1.113883.4.6"/>
<addr>
<streetAddressLine>2472 Rocky place</streetAddressLine>
<city>Beaverton</city>
<state>OR</state>
<postalCode>97006</postalCode>
</addr>
<telecom value="tel: 555-555-1002" use="WP"/>
<assignedPerson>
<name>
<given>Tracy</given>
<family>Davis</family>
</name>
</assignedPerson>
<representedOrganization>
<id root="authorsOrganizationRoot" extension="authorsOrganizationExt"/>
<name/>
</representedOrganization>
</assignedEntity>
</performer>
</serviceEvent>
</documentationOf>
<component>
<structuredBody>
<component>
<section>
<templateId root="2.16.840.1.113883.10.20.22.2.6.1" extension="2015-08-01"/>
<templateId root="2.16.840.1.113883.10.20.22.2.6.1"/>
<code code="48765-2" codeSystem="2.16.840.1.113883.6.1" codeSystemName="LOINC"/>
<title>Allergies</title>
<text>
<table border="1" width="100%">
<thead>
<tr>
<th>Substance</th>
<th>Reaction</th>
<th>Severity</th>
<th>Status</th>
</tr>
</thead>
<tbody>
<tr>
<td>
<content ID="product1">PENICILLIN G</content>
</td>
<td>
<content ID="reaction1">Hives</content>
</td>
<td>
<content ID="severity1">Moderate</content>
</td>
<td>Active</td>
</tr>
<tr>
<td>
<content ID="product2">AMPICILLIN</content>
</td>
<td>
<content ID="reaction2">Hives</content>
</td>
<td>
<content ID="severity2">Moderate</content>
</td>
<td>Active</td>
</tr>
</tbody>
</table>
</text>
<entry typeCode="DRIV">
<act classCode="ACT" moodCode="EVN">
<templateId root="2.16.840.1.113883.10.20.22.4.30" extension="2015-08-01"/>
<templateId root="2.16.840.1.113883.10.20.22.4.30"/>
<id root="de4d52f6-4cb2-40f1-8247-f217180ed622"/>
<code code="CONC" codeSystem="2.16.840.1.113883.5.6"/>
<statusCode code="active"/>
<effectiveTime>
<low value="19700501"/>
</effectiveTime>
<entryRelationship typeCode="SUBJ">
<observation classCode="OBS" moodCode="EVN">
<templateId root="2.16.840.1.113883.10.20.22.4.7" extension="2014-06-09"/>
<templateId root="2.16.840.1.113883.10.20.22.4.7"/>
<id root="c887e7e8-c7ee-48f9-b2f2-98225cf0c338"/>
<code code="ASSERTION" codeSystem="2.16.840.1.113883.5.4"/>
<statusCode code="completed"/>
<effectiveTime>
<low value="19700501"/>
</effectiveTime>
<value xsi:type="CD" code="419511003" displayName="Propensity to adverse reaction to drug" codeSystem="2.16.840.1.113883.6.96" codeSystemName="SNOMED-CT"/>
<participant typeCode="CSM">
<participantRole classCode="MANU">
<playingEntity classCode="MMAT">
<code code="7980" displayName="PENICILLIN G" codeSystem="2.16.840.1.113883.6.88"/>
</playingEntity>
</participantRole>
</participant>
<entryRelationship typeCode="MFST" inversionInd="true">
<observation classCode="OBS" moodCode="EVN">
<templateId root="2.16.840.1.113883.10.20.22.4.9" extension="2014-06-09"/>
<templateId root="2.16.840.1.113883.10.20.22.4.9"/>
<id root="8ff596d9-50de-418a-af33-8d59a59fa002"/>
<code code="ASSERTION" codeSystem="2.16.840.1.113883.5.4"/>
<statusCode code="completed"/>
<value xsi:type="CD" code="247472004" displayName="Hives" codeSystem="2.16.840.1.113883.6.96" codeSystemName="SNOMED-CT"/>
<entryRelationship typeCode="SUBJ" inversionInd="true">
<observation classCode="OBS" moodCode="EVN">
<templateId root="2.16.840.1.113883.10.20.22.4.8" extension="2014-06-09"/>
<templateId root="2.16.840.1.113883.10.20.22.4.8"/>
<code code="SEV" displayName="Severity Observation" codeSystem="2.16.840.1.113883.5.4" codeSystemName="ActCode"/>
<statusCode code="completed"/>
<value xsi:type="CD" code="6736007" displayName="Moderate" codeSystem="2.16.840.1.113883.6.96" codeSystemName="SNOMED-CT"/>
</observation>
</entryRelationship>
</observation>
</entryRelationship>
</observation>
</entryRelationship>
</act>
</entry>
<entry typeCode="DRIV">
<act classCode="ACT" moodCode="EVN">
<templateId root="2.16.840.1.113883.10.20.22.4.30" extension="2015-08-01"/>
<templateId root="2.16.840.1.113883.10.20.22.4.30"/>
<id root="acc316c1-7764-414e-b868-8198fd681148"/>
<code code="CONC" codeSystem="2.16.840.1.113883.5.6"/>
<statusCode code="active"/>
<effectiveTime>
<low value="19700501"/>
</effectiveTime>
<entryRelationship typeCode="SUBJ">
<observation classCode="OBS" moodCode="EVN">
<templateId root="2.16.840.1.113883.10.20.22.4.7" extension="2014-06-09"/>
<templateId root="2.16.840.1.113883.10.20.22.4.7"/>
<id root="9f2ce845-8bad-4bb0-ae4b-59656bfb0349"/>
<code code="ASSERTION" codeSystem="2.16.840.1.113883.5.4"/>
<statusCode code="completed"/>
<effectiveTime>
<low value="19700501"/>
</effectiveTime>
<value xsi:type="CD" code="419511003" displayName="Propensity to adverse reaction to drug" codeSystem="2.16.840.1.113883.6.96" codeSystemName="SNOMED-CT"/>
<participant typeCode="CSM">
<participantRole classCode="MANU">
<playingEntity classCode="MMAT">
<code code="733" displayName="AMPICILLIN" codeSystem="2.16.840.1.113883.6.88"/>
</playingEntity>
</participantRole>
</participant>
<entryRelationship typeCode="MFST" inversionInd="true">
<observation classCode="OBS" moodCode="EVN">
<templateId root="2.16.840.1.113883.10.20.22.4.9" extension="2014-06-09"/>
<templateId root="2.16.840.1.113883.10.20.22.4.9"/>
<id root="f985786c-feda-4e7a-9075-cda61fb6e331"/>
<code code="ASSERTION" codeSystem="2.16.840.1.113883.5.4"/>
<statusCode code="completed"/>
<value xsi:type="CD" code="247472004" displayName="Hives" codeSystem="2.16.840.1.113883.6.96" codeSystemName="SNOMED-CT"/>
<entryRelationship typeCode="SUBJ" inversionInd="true">
<observation classCode="OBS" moodCode="EVN">
<templateId root="2.16.840.1.113883.10.20.22.4.8" extension="2014-06-09"/>
<templateId root="2.16.840.1.113883.10.20.22.4.8"/>
<code code="SEV" displayName="Severity Observation" codeSystem="2.16.840.1.113883.5.4" codeSystemName="ActCode"/>
<statusCode code="completed"/>
<value xsi:type="CD" code="6736007" displayName="Moderate" codeSystem="2.16.840.1.113883.6.96" codeSystemName="SNOMED-CT"/>
</observation>
</entryRelationship>
</observation>
</entryRelationship>
</observation>
</entryRelationship>
</act>
</entry>
</section>
</component>
<component>
<section>
<templateId root="2.16.840.1.113883.10.20.22.2.1.1" extension="2014-06-09"/>
<templateId root="2.16.840.1.113883.10.20.22.2.1.1"/>
<code code="10160-0" codeSystem="2.16.840.1.113883.6.1" codeSystemName="LOINC"/>
<title>Medications</title>
<text>
<table border="1" width="100%">
<thead>
<tr>
<th>Medication</th>
<th>Directions</th>
<th>Start Date</th>
<th>End Date</th>
</tr>
</thead>
<tbody>
<tr>
<td>
<content ID="medication1">Tylenol Extra Strength 500 MG Oral Tablet</content>
</td>
<td>
<content ID="meddirections1">for 10 days as needed</content>
</td>
<td>
<content ID="medstartdate1">2015-06-22</content>
</td>
<td>
<content ID="medenddate1">2015-07-02</content>
</td>
</tr>
<tr>
<td>
<content ID="medication2">Aranesp 500 MCG in 1 ML Prefilled Syringe</content>
</td>
<td>
<content ID="meddirections2">Once a week</content>
</td>
<td>
<content ID="medstartdate2">2015-06-22</content>
</td>
<td>
<content ID="medenddate2"/>
</td>
</tr>
<tr>
<td>
<content ID="medication3">Ceftriaxone 100 MG/ML Injectable Solution</content>
</td>
<td>
<content ID="meddirections3">As Needed</content>
</td>
<td>
<content ID="medstartdate3">2015-06-22</content>
</td>
<td>
<content ID="medenddate3"/>
</td>
</tr>
</tbody>
</table>
</text>
<!--Medication Entry-->
<entry>
<substanceAdministration classCode="SBADM" moodCode="EVN" negationInd="false">
<templateId root="2.16.840.1.113883.10.20.22.4.16" extension="2014-06-09"/>
<templateId root="2.16.840.1.113883.10.20.22.4.16"/>
<id root="1.3.6.1.4.1.115" extension="806278a9-0097-4db5-8680-87c2d6c54c48"/>
<text>
<reference value="meddirections1"/>for 10 days as needed</text>
<statusCode code="active"/>
<effectiveTime xsi:type="IVL_TS">
<low value="20150622"/>
<high value="20150702"/>
</effectiveTime>
<effectiveTime xsi:type="PIVL_TS" institutionSpecified="true" operator="A">
<period nullFlavor="NA"/>
</effectiveTime>
<doseQuantity value="1"/>
<consumable>
<manufacturedProduct classCode="MANU">
<templateId root="2.16.840.1.113883.10.20.22.4.23" extension="2014-06-09"/>
<templateId root="2.16.840.1.113883.10.20.22.4.23"/>
<id root="cd203607-b6b2-4af8-aecd-3469dd1fb42c"/>
<manufacturedMaterial>
<code code="209459" codeSystem="2.16.840.1.113883.6.88" displayName="Tylenol Extra Strength 500 MG Oral Tablet"/>
</manufacturedMaterial>
</manufacturedProduct>
</consumable>
<author>
<templateId root="2.16.840.1.113883.10.20.22.4.119"/>
<time value="20150622"/>
<assignedAuthor>
<id root="cf00f511-dfd1-44b0-a4b0-1e9c8bc7a0ab"/>
</assignedAuthor>
</author>
</substanceAdministration>
</entry>
<!--Medication Entry-->
<entry>
<substanceAdministration classCode="SBADM" moodCode="EVN" negationInd="false">
<templateId root="2.16.840.1.113883.10.20.22.4.16" extension="2014-06-09"/>
<templateId root="2.16.840.1.113883.10.20.22.4.16"/>
<id root="1.3.6.1.4.1.115" extension="0f99885a-8fe5-45cc-9386-b197551d9434"/>
<text>
<reference value="meddirections2"/>Once a week</text>
<statusCode code="active"/>
<effectiveTime xsi:type="IVL_TS">
<low value="20150622"/>
</effectiveTime>
<effectiveTime xsi:type="PIVL_TS" institutionSpecified="true" operator="A">
<period nullFlavor="NA"/>
</effectiveTime>
<doseQuantity value="1"/>
<consumable>
<manufacturedProduct classCode="MANU">
<templateId root="2.16.840.1.113883.10.20.22.4.23" extension="2014-06-09"/>
<templateId root="2.16.840.1.113883.10.20.22.4.23"/>
<id root="3a7f3afa-30f3-46b7-b6c8-03323c198b95"/>
<manufacturedMaterial>
<code code="731241" codeSystem="2.16.840.1.113883.6.88" displayName="Aranesp 500 MCG in 1 ML Prefilled Syringe"/>
</manufacturedMaterial>
</manufacturedProduct>
</consumable>
<author>
<templateId root="2.16.840.1.113883.10.20.22.4.119"/>
<time value="20150622"/>
<assignedAuthor>
<id root="41227fa2-02be-4f1b-b98b-4f72501fedaa"/>
</assignedAuthor>
</author>
</substanceAdministration>
</entry>
<!--Medication Entry-->
<entry>
<substanceAdministration classCode="SBADM" moodCode="EVN" negationInd="false">
<templateId root="2.16.840.1.113883.10.20.22.4.16" extension="2014-06-09"/>
<templateId root="2.16.840.1.113883.10.20.22.4.16"/>
<id root="1.3.6.1.4.1.115" extension="1bf696a8-ae7f-478f-8671-8ddca396ebbc"/>
<text>
<reference value="meddirections3"/>As Needed</text>
<statusCode code="active"/>
<effectiveTime xsi:type="IVL_TS">
<low value="20150622"/>
</effectiveTime>
<effectiveTime xsi:type="PIVL_TS" institutionSpecified="true" operator="A">
<period nullFlavor="NA"/>
</effectiveTime>
<doseQuantity value="1"/>
<consumable>
<manufacturedProduct classCode="MANU">
<templateId root="2.16.840.1.113883.10.20.22.4.23" extension="2014-06-09"/>
<templateId root="2.16.840.1.113883.10.20.22.4.23"/>
<id root="66cf1dd0-cd70-484f-a393-cb9cdd0db04c"/>
<manufacturedMaterial>
<code code="309090" codeSystem="2.16.840.1.113883.6.88" displayName="Ceftriaxone 100 MG/ML Injectable Solution"/>
</manufacturedMaterial>
</manufacturedProduct>
</consumable>
<author>
<templateId root="2.16.840.1.113883.10.20.22.4.119"/>
<time value="20150622"/>
<assignedAuthor>
<id root="6b73c788-e4c5-4ed6-9c73-4515fc29dff5"/>
</assignedAuthor>
</author>
</substanceAdministration>
</entry>
</section>
</component>
<component>
<section>
<templateId root="2.16.840.1.113883.10.20.22.2.5.1" extension="2015-08-01"/>
<templateId root="2.16.840.1.113883.10.20.22.2.5.1"/>
<code code="11450-4" codeSystem="2.16.840.1.113883.6.1" codeSystemName="LOINC"/>
<title>Med Problems</title>
<text>
<paragraph>Active Concerns</paragraph>
<list>
<item>Essential hypertension 2011-10-05 </item>
<item>Severe hypothyroidism Unknown </item>
<item>Chronic rejection of renal transplant Unknown </item>
<item>Fever Unknown </item>
</list>
<paragraph>Resolved Concerns</paragraph>
<list>
<item>Overweight 2006-12-31 - 2007-06-01 </item>
</list>
</text>
<entry typeCode="DRIV">
<act classCode="ACT" moodCode="EVN">
<templateId root="2.16.840.1.113883.10.20.22.4.3" extension="2015-08-01"/>
<templateId root="2.16.840.1.113883.10.20.22.4.3"/>
<id root="ec28a178-21ec-47bb-a946-b9ec480246e4"/>
<code code="CONC" codeSystem="2.16.840.1.113883.5.6"/>
<statusCode code="active"/>
<effectiveTime>
<low value="20111005"/>
</effectiveTime>
<entryRelationship typeCode="SUBJ">
<observation classCode="OBS" moodCode="EVN">
<templateId root="2.16.840.1.113883.10.20.22.4.4" extension="2015-08-01"/>
<templateId root="2.16.840.1.113883.10.20.22.4.4"/>
<id root="986eb274-2995-47e5-8c21-3bad1b2c191c"/>
<code code="64572001" displayName="Condition" codeSystemName="SNOMED-CT" codeSystem="2.16.840.1.113883.6.96">
<translation code="75323-6" codeSystem="2.16.840.1.113883.6.1" codeSystemName="LOINC" displayName="Condition"/>
</code>
<statusCode code="completed"/>
<effectiveTime>
<low value="20111005"/>
</effectiveTime>
<value xsi:type="CD" code="59621000" displayName="Essential hypertension" codeSystem="2.16.840.1.113883.6.96" codeSystemName="SNOMED-CT"/>
</observation>
</entryRelationship>
</act>
</entry>
<entry typeCode="DRIV">
<act classCode="ACT" moodCode="EVN">
<templateId root="2.16.840.1.113883.10.20.22.4.3" extension="2015-08-01"/>
<templateId root="2.16.840.1.113883.10.20.22.4.3"/>
<id root="b8ffeec6-7d6c-41b2-b314-ab369a3385c5"/>
<code code="CONC" codeSystem="2.16.840.1.113883.5.6"/>
<statusCode code="active"/>
<effectiveTime>
<low value="19700501"/>
</effectiveTime>
<entryRelationship typeCode="SUBJ">
<observation classCode="OBS" moodCode="EVN">
<templateId root="2.16.840.1.113883.10.20.22.4.4" extension="2015-08-01"/>
<templateId root="2.16.840.1.113883.10.20.22.4.4"/>
<id root="583ad821-6c6f-4508-9c80-9b13cc66df7a"/>
<code code="64572001" displayName="Condition" codeSystemName="SNOMED-CT" codeSystem="2.16.840.1.113883.6.96">
<translation code="75323-6" codeSystem="2.16.840.1.113883.6.1" codeSystemName="LOINC" displayName="Condition"/>
</code>
<statusCode code="completed"/>
<effectiveTime>
<low value="19700501"/>
</effectiveTime>
<value xsi:type="CD" code="83986005" displayName="Severe hypothyroidism" codeSystem="2.16.840.1.113883.6.96" codeSystemName="SNOMED-CT"/>
</observation>
</entryRelationship>
</act>
</entry>
<entry typeCode="DRIV">
<act classCode="ACT" moodCode="EVN">
<templateId root="2.16.840.1.113883.10.20.22.4.3" extension="2015-08-01"/>
<templateId root="2.16.840.1.113883.10.20.22.4.3"/>
<id root="59b39530-fc2f-411f-a553-c05f0425a7d4"/>
<code code="CONC" codeSystem="2.16.840.1.113883.5.6"/>
<statusCode code="active"/>
<effectiveTime>
<low value="19700501"/>
</effectiveTime>
<entryRelationship typeCode="SUBJ">
<observation classCode="OBS" moodCode="EVN">
<templateId root="2.16.840.1.113883.10.20.22.4.4" extension="2015-08-01"/>
<templateId root="2.16.840.1.113883.10.20.22.4.4"/>
<id root="ded888e1-38a8-4cf5-be33-d276b6ac273c"/>
<code code="64572001" displayName="Condition" codeSystemName="SNOMED-CT" codeSystem="2.16.840.1.113883.6.96">
<translation code="75323-6" codeSystem="2.16.840.1.113883.6.1" codeSystemName="LOINC" displayName="Condition"/>
</code>
<statusCode code="completed"/>
<effectiveTime>
<low value="19700501"/>
</effectiveTime>
<value xsi:type="CD" code="236578006" displayName="Chronic rejection of renal transplant" codeSystem="2.16.840.1.113883.6.96" codeSystemName="SNOMED-CT"/>
</observation>
</entryRelationship>
</act>
</entry>
<entry typeCode="DRIV">
<act classCode="ACT" moodCode="EVN">
<templateId root="2.16.840.1.113883.10.20.22.4.3" extension="2015-08-01"/>
<templateId root="2.16.840.1.113883.10.20.22.4.3"/>
<id root="041d90b4-5faa-4265-bc14-54aa1e7bbe7b"/>
<code code="CONC" codeSystem="2.16.840.1.113883.5.6"/>
<statusCode code="active"/>
<effectiveTime>
<low value="19700501"/>
</effectiveTime>
<entryRelationship typeCode="SUBJ">
<observation classCode="OBS" moodCode="EVN">
<templateId root="2.16.840.1.113883.10.20.22.4.4" extension="2015-08-01"/>
<templateId root="2.16.840.1.113883.10.20.22.4.4"/>
<id root="9ec5361c-d428-4454-bc52-400c79bce84a"/>
<code code="64572001" displayName="Condition" codeSystemName="SNOMED-CT" codeSystem="2.16.840.1.113883.6.96">
<translation code="75323-6" codeSystem="2.16.840.1.113883.6.1" codeSystemName="LOINC" displayName="Condition"/>
</code>
<statusCode code="completed"/>
<effectiveTime>
<low value="19700501"/>
</effectiveTime>
<value xsi:type="CD" code="386661006" displayName="Fever" codeSystem="2.16.840.1.113883.6.96" codeSystemName="SNOMED-CT"/>
</observation>
</entryRelationship>
</act>
</entry>
<entry typeCode="DRIV">
<act classCode="ACT" moodCode="EVN">
<templateId root="2.16.840.1.113883.10.20.22.4.3" extension="2015-08-01"/>
<templateId root="2.16.840.1.113883.10.20.22.4.3"/>
<id root="73a1241c-6f2d-46a6-aabc-d1c3df45821f"/>
<code code="CONC" codeSystem="2.16.840.1.113883.5.6"/>
<statusCode code="active"/>
<effectiveTime>
<low value="20061231"/>
<high value="20070601"/>
</effectiveTime>
<entryRelationship typeCode="SUBJ">
<observation classCode="OBS" moodCode="EVN">
<templateId root="2.16.840.1.113883.10.20.22.4.4" extension="2015-08-01"/>
<templateId root="2.16.840.1.113883.10.20.22.4.4"/>
<id root="055883f5-3c97-4c6f-99c3-b9ee3e80bbf3"/>
<code code="64572001" displayName="Condition" codeSystemName="SNOMED-CT" codeSystem="2.16.840.1.113883.6.96">
<translation code="75323-6" codeSystem="2.16.840.1.113883.6.1" codeSystemName="LOINC" displayName="Condition"/>
</code>
<statusCode code="completed"/>
<effectiveTime>
<low value="20061231"/>
<high value="20070601"/>
</effectiveTime>
<value xsi:type="CD" code="238131007" displayName="Overweight" codeSystem="2.16.840.1.113883.6.96" codeSystemName="SNOMED-CT"/>
</observation>
</entryRelationship>
</act>
</entry>
</section>
</component>
<component>
<section>
<templateId root="2.16.840.1.113883.10.20.22.2.2.1" extension="2015-08-01"/>
<templateId root="2.16.840.1.113883.10.20.22.2.2.1"/>
<code code="11369-6" codeSystem="2.16.840.1.113883.6.1"/>
<title>Immunizations</title>
<text>
<table border="1" width="100%">
<thead>
<tr>
<th>Vaccine</th>
<th>Date</th>
<th>Status</th>
</tr>
</thead>
<tbody>
<tr>
<td>
<content ID="vaccine1">influenza, unspecified formulation</content>
</td>
<td>
<content ID="vaccinedate1">2014-05-10</content>
</td>
<td>
<content ID="vaccinestatus1">completed</content>
</td>
</tr>
<tr>
<td>
<content ID="vaccine2">DTaP, 5 pertussis antigens</content>
</td>
<td>
<content ID="vaccinedate2">2012-01-04</content>
</td>
<td>
<content ID="vaccinestatus2">completed</content>
</td>
</tr>
<tr>
<td>
<content ID="vaccine3">influenza, intradermal, quadrivalent, preservative free</content>
</td>
<td>
<content ID="vaccinedate3">2015-06-22</content>
</td>
<td>
<content ID="vaccinestatus3">cancelled</content>
</td>
</tr>
</tbody>
</table>
</text>
<entry typeCode="DRIV">
<substanceAdministration classCode="SBADM" moodCode="EVN" negationInd="false">
<templateId root="2.16.840.1.113883.10.20.22.4.52" extension="2015-08-01"/>
<templateId root="2.16.840.1.113883.10.20.22.4.52"/>
<id root="10921a7e-9734-4939-a748-aa747961dfec"/>
<statusCode code="completed"/>
<effectiveTime value="20140510"/>
<consumable>
<manufacturedProduct classCode="MANU">
<templateId root="2.16.840.1.113883.10.20.22.4.54" extension="2014-06-09"/>
<templateId root="2.16.840.1.113883.10.20.22.4.54"/>
<id root="6947704f-ec6b-4f75-853c-27f343c4b4cf"/>
<manufacturedMaterial>
<code code="88" codeSystem="2.16.840.1.113883.12.292" displayName="influenza, unspecified formulation"/>
<lotNumberText>unknown</lotNumberText>
</manufacturedMaterial>
</manufacturedProduct>
</consumable>
</substanceAdministration>
</entry>
<entry typeCode="DRIV">
<substanceAdministration classCode="SBADM" moodCode="EVN" negationInd="false">
<templateId root="2.16.840.1.113883.10.20.22.4.52" extension="2015-08-01"/>
<templateId root="2.16.840.1.113883.10.20.22.4.52"/>
<id root="bfeee599-07b1-4228-81e4-08066d12e5dd"/>
<statusCode code="completed"/>
<effectiveTime value="20120104"/>
<consumable>
<manufacturedProduct classCode="MANU">
<templateId root="2.16.840.1.113883.10.20.22.4.54" extension="2014-06-09"/>
<templateId root="2.16.840.1.113883.10.20.22.4.54"/>
<id root="d5f1dd6e-2834-4359-b135-ee43f2dd6ed5"/>
<manufacturedMaterial>
<code code="106" codeSystem="2.16.840.1.113883.12.292" displayName="DTaP, 5 pertussis antigens"/>
<lotNumberText>unknown</lotNumberText>
</manufacturedMaterial>
</manufacturedProduct>
</consumable>
</substanceAdministration>
</entry>
<entry typeCode="DRIV">
<substanceAdministration classCode="SBADM" moodCode="EVN" negationInd="false">
<templateId root="2.16.840.1.113883.10.20.22.4.52" extension="2015-08-01"/>
<templateId root="2.16.840.1.113883.10.20.22.4.52"/>
<id root="acf3b42c-eeb5-494e-aefb-aaea00e3a718"/>
<statusCode code="cancelled"/>
<effectiveTime value="20150622"/>
<consumable>
<manufacturedProduct classCode="MANU">
<templateId root="2.16.840.1.113883.10.20.22.4.54" extension="2014-06-09"/>
<templateId root="2.16.840.1.113883.10.20.22.4.54"/>
<id root="e8150d45-2170-49c0-a620-7fc4fa8f3ca8"/>
<manufacturedMaterial>
<code code="166" codeSystem="2.16.840.1.113883.12.292" displayName="influenza, intradermal, quadrivalent, preservative free"/>
<lotNumberText>unknown</lotNumberText>
</manufacturedMaterial>
</manufacturedProduct>
</consumable>
</substanceAdministration>
</entry>
</section>
</component>
<component>
<section>
<templateId root="2.16.840.1.113883.10.20.22.2.4.1" extension="2015-08-01"/>
<templateId root="2.16.840.1.113883.10.20.22.2.4.1"/>
<code code="8716-3" codeSystem="2.16.840.1.113883.6.1"/>
<title>Vital Signs</title>
<text>
<table border="1" width="100%">
<thead>
<tr>
<th>date</th>
<th>Blood Pressure</th>
<th>Heart Rate</th>
<th>O2 Sat</th>
<th>Temp</th>
<th>Respiratory Rate</th>
<th>Height</th>
<th>Weight</th>
</tr>
</thead>
<tbody>
<tr>
<td>
<content ID="vitaldate11">2017-08-07</content>
</td>
<td>
<content ID="vitalbp1">145/88</content>
</td>
<td>
<content ID="vitalhr1">80 per minute(/min)</content>
</td>
<td>
<content ID="vitalo21">95 percent(%)</content>
</td>
<td>
<content ID="vitaltemp1">38 celsius(c)</content>
</td>
<td>
<content ID="vitalresp1">18 per minute(/min)</content>
</td>
<td>
<content ID="vitalheight1"/>
</td>
<td>
<content ID="vitalweight1"/>
</td>
</tr>
<tr>
<td>
<content ID="vitaldate12">2017-08-07</content>
</td>
<td>
<content ID="vitalbp2"/>
</td>
<td>
<content ID="vitalhr2"/>
</td>
<td>
<content ID="vitalo22"/>
</td>
<td>
<content ID="vitaltemp2"/>
</td>
<td>
<content ID="vitalresp2"/>
</td>
<td>
<content ID="vitalheight2">177 centimeters(cm)</content>
</td>
<td>
<content ID="vitalweight2">88 kilograms(kg)</content>
</td>
</tr>
</tbody>
</table>
</text>
<entry typeCode="DRIV">
<organizer classCode="CLUSTER" moodCode="EVN">
<templateId root="2.16.840.1.113883.10.20.22.4.26" extension="2015-08-01"/>
<templateId root="2.16.840.1.113883.10.20.22.4.26"/>
<id root="cd049373-aab7-471e-a9b9-7cdfd3f3add0"/>
<code code="46680005" codeSystem="2.16.840.1.113883.6.96">
<translation code="74728-7" codeSystem="2.16.840.1.113883.6.1" displayName="Vital signs, weight, height, head circumference, oximetry, BMI, and BSA panel"/>
</code>
<statusCode code="completed"/>
<effectiveTime value="20170807"/>
<component>
<observation classCode="OBS" moodCode="EVN">
<templateId root="2.16.840.1.113883.10.20.22.4.27" extension="2014-06-09"/>
<templateId root="2.16.840.1.113883.10.20.22.4.27"/>
<id root="d399a3ea-99c9-402f-ab9f-d9b83cf7527d"/>
<code code="8462-4" codeSystem="2.16.840.1.113883.6.1" codeSystemName="LOINC" displayName="Diastolic blood pressure"/>
<statusCode code="completed"/>
<effectiveTime value="20170807"/>
<value xsi:type="PQ" value="88" unit="mm[Hg]"/>
</observation>
</component>
<component>
<observation classCode="OBS" moodCode="EVN">
<templateId root="2.16.840.1.113883.10.20.22.4.27" extension="2014-06-09"/>
<templateId root="2.16.840.1.113883.10.20.22.4.27"/>
<id root="64081d2e-dbad-40a3-9a63-57c259c8f7a8"/>
<code code="8480-6" codeSystem="2.16.840.1.113883.6.1" codeSystemName="LOINC" displayName="Systolic blood pressure"/>
<statusCode code="completed"/>
<effectiveTime value="20170807"/>
<value xsi:type="PQ" value="145" unit="mm[Hg]"/>
</observation>
</component>
<component>
<observation classCode="OBS" moodCode="EVN">
<templateId root="2.16.840.1.113883.10.20.22.4.27" extension="2014-06-09"/>
<templateId root="2.16.840.1.113883.10.20.22.4.27"/>
<id root="35aec05d-7b1a-4a9e-9876-67040a1fec7d"/>
<code code="8867-4" codeSystem="2.16.840.1.113883.6.1" codeSystemName="LOINC" displayName="Heart Rate"/>
<statusCode code="completed"/>
<effectiveTime value="20170807"/>
<value xsi:type="PQ" value="80" unit="/min"/>
</observation>
</component>
<component>
<observation classCode="OBS" moodCode="EVN">
<templateId root="2.16.840.1.113883.10.20.22.4.27" extension="2014-06-09"/>
<templateId root="2.16.840.1.113883.10.20.22.4.27"/>
<id root="63352500-e1ae-47c8-95de-c8d50f47cb2d"/>
<code code="59408-5" codeSystem="2.16.840.1.113883.6.1" codeSystemName="LOINC" displayName="Oxygen saturation in Arterial blood by Pulse oximetry"/>
<statusCode code="completed"/>
<effectiveTime value="20170807"/>
<value xsi:type="PQ" value="95" unit="%"/>
</observation>
</component>
<component>
<observation classCode="OBS" moodCode="EVN">
<templateId root="2.16.840.1.113883.10.20.22.4.27" extension="2014-06-09"/>
<templateId root="2.16.840.1.113883.10.20.22.4.27"/>
<id root="0e36cd43-bc2c-46a8-8f79-649e0d7b57f4"/>
<code code="8310-5" codeSystem="2.16.840.1.113883.6.1" codeSystemName="LOINC" displayName="Body Temperature"/>
<statusCode code="completed"/>
<effectiveTime value="20170807"/>
<value xsi:type="PQ" value="38" unit="cel"/>
</observation>
</component>
<component>
<observation classCode="OBS" moodCode="EVN">
<templateId root="2.16.840.1.113883.10.20.22.4.27" extension="2014-06-09"/>
<templateId root="2.16.840.1.113883.10.20.22.4.27"/>
<id root="cd1fdc32-e177-4511-bf3b-235a5c635ee4"/>
<code code="9279-1" codeSystem="2.16.840.1.113883.6.1" codeSystemName="LOINC" displayName="Respiratory Rate"/>
<statusCode code="completed"/>
<effectiveTime value="20170807"/>
<value xsi:type="PQ" value="18" unit="/min"/>
</observation>
</component>
</organizer>
</entry>
<entry typeCode="DRIV">
<organizer classCode="CLUSTER" moodCode="EVN">
<templateId root="2.16.840.1.113883.10.20.22.4.26" extension="2015-08-01"/>
<templateId root="2.16.840.1.113883.10.20.22.4.26"/>
<id root="3687eb08-769d-4d9c-9ada-231d67b8abec"/>
<code code="46680005" codeSystem="2.16.840.1.113883.6.96">
<translation code="74728-7" codeSystem="2.16.840.1.113883.6.1" displayName="Vital signs, weight, height, head circumference, oximetry, BMI, and BSA panel"/>
</code>
<statusCode code="completed"/>
<effectiveTime value="20170807"/>
<component>
<observation classCode="OBS" moodCode="EVN">
<templateId root="2.16.840.1.113883.10.20.22.4.27" extension="2014-06-09"/>
<templateId root="2.16.840.1.113883.10.20.22.4.27"/>
<id root="4dfc723c-18e0-4ffd-81b4-89b611e88c71"/>
<code code="8302-2" codeSystem="2.16.840.1.113883.6.1" codeSystemName="LOINC" displayName="Body height"/>
<statusCode code="completed"/>
<effectiveTime value="20170807"/>
<value xsi:type="PQ" value="177" unit="cm"/>
</observation>
</component>
<component>
<observation classCode="OBS" moodCode="EVN">
<templateId root="2.16.840.1.113883.10.20.22.4.27" extension="2014-06-09"/>
<templateId root="2.16.840.1.113883.10.20.22.4.27"/>
<id root="c999dd02-2ee0-48ba-9d2b-7f79ff52b9ad"/>
<code code="29463-7" codeSystem="2.16.840.1.113883.6.1" codeSystemName="LOINC" displayName="Body weight"/>
<statusCode code="completed"/>
<effectiveTime value="20170807"/>
<value xsi:type="PQ" value="88" unit="kg"/>
</observation>
</component>
</organizer>
</entry>
</section>
</component>
<component>
<section>
<templateId root="2.16.840.1.113883.10.20.22.2.17" extension="2015-08-01"/>
<templateId root="2.16.840.1.113883.10.20.22.2.17"/>
<code code="29762-2" codeSystem="2.16.840.1.113883.6.1"/>
<title>Social History</title>
<text>
<table border="1" width="100%">
<thead>
<tr>
<th>Social History Observation</th>
<th>Description</th>
<th>Date observed</th>
</tr>
</thead>
<tbody>
<tr>
<td>Smoking Status</td>
<td>Current every day smoker</td>
<td>2017-08-06</td>
</tr>
<tr>
<td>Historical Smoking Status</td>
<td/>
<td>2017-08-06</td>
</tr>
</tbody>
</table>
</text>
<entry typeCode="DRIV">
<observation classCode="OBS" moodCode="EVN">
<templateId root="2.16.840.1.113883.10.20.22.4.200" extension="2016-06-01"/>
<templateId root="2.16.840.1.113883.10.20.22.4.200"/>
<id root="e83d92b9-dbde-46a9-ad28-42ef2ce1cf2d"/>
<code code="76689-9" codeSystem="2.16.840.1.113883.6.1" codeSystemName="LOINC" displayName="Birth Sex"/>
<statusCode code="completed"/>
<effectiveTime value="19700501"/>
<value xsi:type="CD" code="F" codeSystem="2.16.840.1.113883.5.1"/>
</observation>
</entry>
<entry typeCode="DRIV">
<observation classCode="OBS" moodCode="EVN">
<templateId root="2.16.840.1.113883.10.20.22.4.78" extension="2014-06-09"/>
<templateId root="2.16.840.1.113883.10.20.22.4.78"/>
<id root="1da01dd4-2cae-4e54-8921-d768036625be"/>
<code code="72166-2" codeSystem="2.16.840.1.113883.6.1" displayName="Tobacco smoking status NHIS"/>
<statusCode code="completed"/>
<effectiveTime value="20170806"/>
<value xsi:type="CD" code="449868002" displayName="Current every day smoker" codeSystem="2.16.840.1.113883.6.96"/>
</observation>
</entry>
</section>
</component>
<component>
<section>
<templateId root="2.16.840.1.113883.10.20.22.2.7.1" extension="2014-06-09"/>
<templateId root="2.16.840.1.113883.10.20.22.2.7.1"/>
<code code="47519-4" codeSystem="2.16.840.1.113883.6.1" codeSystemName="LOINC" displayName="HISTORY OF PROCEDURES"/>
<title>PROCEDURES</title>
<text>
<list>
<item>Introduction of cardiac pacemaker system via vein</item>
<item>Nebulizer therapy</item>
</list>
</text>
<entry typeCode="DRIV">
<procedure classCode="PROC" moodCode="EVN">
<templateId root="2.16.840.1.113883.10.20.22.4.14" extension="2014-06-09"/>
<templateId root="2.16.840.1.113883.10.20.22.4.14"/>
<id root="4f955cb4-15c0-499f-9cd3-254963aaac0c"/>
<code code="175135009" codeSystem="2.16.840.1.113883.6.96" codeSystemName="SNOMED-CT" displayName="Introduction of cardiac pacemaker system via vein"/>
<statusCode code="completed"/>
</procedure>
</entry>
<entry typeCode="DRIV">
<procedure classCode="PROC" moodCode="EVN">
<templateId root="2.16.840.1.113883.10.20.22.4.14" extension="2014-06-09"/>
<templateId root="2.16.840.1.113883.10.20.22.4.14"/>
<id root="4087c2ae-65b1-4bbf-888b-eea82cf148dc"/>
<code code="56251003" codeSystem="2.16.840.1.113883.6.96" codeSystemName="SNOMED-CT" displayName="Nebulizer therapy"/>
<statusCode code="completed"/>
</procedure>
</entry>
</section>
</component>
<component>
<section>
<templateId root="2.16.840.1.113883.10.20.22.2.3.1" extension="2015-08-01"/>
<templateId root="2.16.840.1.113883.10.20.22.2.3.1"/>
<code code="30954-2" codeSystem="2.16.840.1.113883.6.1" codeSystemName="LOINC"/>
<title>Relevant diagnostic tests and/or laboratory data</title>
<text>
<table border="1" width="100%">
<thead>
<tr>
<th>Result Type</th>
<th>Result Value</th>
<th>Date</th>
</tr>
</thead>
<tbody>
<tr>
<td>Color of Urine</td>
<td>YELLOW </td>
<td>2015-06-22</td>
</tr>
<tr>
<td>Appearance of Urine</td>
<td>CLEAR </td>
<td>2015-06-22</td>
</tr>
<tr>
<td>Specific gravity of Urine by Test strip</td>
<td>1.015 </td>
<td>2015-06-22</td>
</tr>
<tr>
<td>pH of Urine by Test strip</td>
<td>5.0 pH</td>
<td>2015-06-22</td>
</tr>
<tr>
<td>Glucose [Mass/volume] in Urine by Test strip</td>
<td>50 mg/dL</td>
<td>2015-06-22</td>
</tr>
<tr>
<td>Ketones [Mass/volume] in Urine by Test strip</td>
<td>Negative </td>
<td>2015-06-22</td>
</tr>
<tr>
<td>Protein [Mass/volume] in Urine by Test strip</td>
<td>100 mg/dL</td>
<td>2015-06-22</td>
</tr>
</tbody>
</table>
</text>
<entry typeCode="DRIV">
<organizer classCode="BATTERY" moodCode="EVN">
<templateId root="2.16.840.1.113883.10.20.22.4.1" extension="2015-08-01"/>
<templateId root="2.16.840.1.113883.10.20.22.4.1"/>
<id root="965d4102-4e9b-4794-8333-64cc77ba1371"/>
<code code="5778-6" displayName="Color Ur" codeSystem="2.16.840.1.113883.6.1" codeSystemName="LOINC"/>
<statusCode code="completed"/>
<component>
<observation classCode="OBS" moodCode="EVN">
<templateId root="2.16.840.1.113883.10.20.22.4.2" extension="2015-08-01"/>
<templateId root="2.16.840.1.113883.10.20.22.4.2"/>
<id root="8c7837f2-1fd1-43c1-8333-8d6ea3d35eba"/>
<code code="5778-6" displayName="Color Ur" codeSystem="2.16.840.1.113883.6.1" codeSystemName="LOINC"/>
<statusCode code="completed"/>
<effectiveTime value="20150622"/>
<value xsi:type="ST">YELLOW</value>
</observation>
</component>
</organizer>
</entry>
<entry typeCode="DRIV">
<organizer classCode="BATTERY" moodCode="EVN">
<templateId root="2.16.840.1.113883.10.20.22.4.1" extension="2015-08-01"/>
<templateId root="2.16.840.1.113883.10.20.22.4.1"/>
<id root="0e1431f8-49f5-4901-a161-f689eed8362a"/>
<code code="5767-9" displayName="Appearance Ur" codeSystem="2.16.840.1.113883.6.1" codeSystemName="LOINC"/>
<statusCode code="completed"/>
<component>
<observation classCode="OBS" moodCode="EVN">
<templateId root="2.16.840.1.113883.10.20.22.4.2" extension="2015-08-01"/>
<templateId root="2.16.840.1.113883.10.20.22.4.2"/>
<id root="d8a2d643-557e-4586-a7df-a5ff1c773bcf"/>
<code code="5767-9" displayName="Appearance Ur" codeSystem="2.16.840.1.113883.6.1" codeSystemName="LOINC"/>
<statusCode code="completed"/>
<effectiveTime value="20150622"/>
<value xsi:type="ST">CLEAR</value>
</observation>
</component>
</organizer>
</entry>
<entry typeCode="DRIV">
<organizer classCode="BATTERY" moodCode="EVN">
<templateId root="2.16.840.1.113883.10.20.22.4.1" extension="2015-08-01"/>
<templateId root="2.16.840.1.113883.10.20.22.4.1"/>
<id root="62606bd7-b54d-4216-ae4a-ef008ed55826"/>
<code code="5811-5" displayName="Sp Gr Ur Strip" codeSystem="2.16.840.1.113883.6.1" codeSystemName="LOINC"/>
<statusCode code="completed"/>
<component>
<observation classCode="OBS" moodCode="EVN">
<templateId root="2.16.840.1.113883.10.20.22.4.2" extension="2015-08-01"/>
<templateId root="2.16.840.1.113883.10.20.22.4.2"/>
<id root="6ab94763-c0ad-4e32-b97c-ac96ca995e15"/>
<code code="5811-5" displayName="Sp Gr Ur Strip" codeSystem="2.16.840.1.113883.6.1" codeSystemName="LOINC"/>
<statusCode code="completed"/>
<effectiveTime value="20150622"/>
<value xsi:type="PQ" value="1.015"/>
</observation>
</component>
</organizer>
</entry>
<entry typeCode="DRIV">
<organizer classCode="BATTERY" moodCode="EVN">
<templateId root="2.16.840.1.113883.10.20.22.4.1" extension="2015-08-01"/>
<templateId root="2.16.840.1.113883.10.20.22.4.1"/>
<id root="f9db322c-9fcf-4f9e-b882-e405848af893"/>
<code code="5803-2" displayName="pH Ur Strip" codeSystem="2.16.840.1.113883.6.1" codeSystemName="LOINC"/>
<statusCode code="completed"/>
<component>
<observation classCode="OBS" moodCode="EVN">
<templateId root="2.16.840.1.113883.10.20.22.4.2" extension="2015-08-01"/>
<templateId root="2.16.840.1.113883.10.20.22.4.2"/>
<id root="ba385a34-9424-4b92-aac4-539a8ec0d196"/>
<code code="5803-2" displayName="pH Ur Strip" codeSystem="2.16.840.1.113883.6.1" codeSystemName="LOINC"/>
<statusCode code="completed"/>
<effectiveTime value="20150622"/>
<value xsi:type="PQ" value="5.0" unit="[pH]"/>
</observation>
</component>
</organizer>
</entry>
<entry typeCode="DRIV">
<organizer classCode="BATTERY" moodCode="EVN">
<templateId root="2.16.840.1.113883.10.20.22.4.1" extension="2015-08-01"/>
<templateId root="2.16.840.1.113883.10.20.22.4.1"/>
<id root="38e788c9-0e20-4341-bcb1-61f11c25d4d8"/>
<code code="5792-7" displayName="Glucose Ur Strip-mCnc" codeSystem="2.16.840.1.113883.6.1" codeSystemName="LOINC"/>
<statusCode code="completed"/>
<component>
<observation classCode="OBS" moodCode="EVN">
<templateId root="2.16.840.1.113883.10.20.22.4.2" extension="2015-08-01"/>
<templateId root="2.16.840.1.113883.10.20.22.4.2"/>
<id root="eff45364-c344-4744-b88b-a6474b81f6b3"/>
<code code="5792-7" displayName="Glucose Ur Strip-mCnc" codeSystem="2.16.840.1.113883.6.1" codeSystemName="LOINC"/>
<statusCode code="completed"/>
<effectiveTime value="20150622"/>
<value xsi:type="PQ" value="50" unit="mg/dL"/>
</observation>
</component>
</organizer>
</entry>
<entry typeCode="DRIV">
<organizer classCode="BATTERY" moodCode="EVN">
<templateId root="2.16.840.1.113883.10.20.22.4.1" extension="2015-08-01"/>
<templateId root="2.16.840.1.113883.10.20.22.4.1"/>
<id root="9d379253-2087-483c-8706-4bce1c99eaf5"/>
<code code="5797-6" displayName="Ketones Ur Strip-mCnc" codeSystem="2.16.840.1.113883.6.1" codeSystemName="LOINC"/>
<statusCode code="completed"/>
<component>
<observation classCode="OBS" moodCode="EVN">
<templateId root="2.16.840.1.113883.10.20.22.4.2" extension="2015-08-01"/>
<templateId root="2.16.840.1.113883.10.20.22.4.2"/>
<id root="faca15c8-8e9a-4fe0-a23f-f52969481567"/>
<code code="5797-6" displayName="Ketones Ur Strip-mCnc" codeSystem="2.16.840.1.113883.6.1" codeSystemName="LOINC"/>
<statusCode code="completed"/>
<effectiveTime value="20150622"/>
<value xsi:type="ST">Negative</value>
</observation>
</component>
</organizer>
</entry>
<entry typeCode="DRIV">
<organizer classCode="BATTERY" moodCode="EVN">
<templateId root="2.16.840.1.113883.10.20.22.4.1" extension="2015-08-01"/>
<templateId root="2.16.840.1.113883.10.20.22.4.1"/>
<id root="56de27ee-0f26-425b-b196-a7f0d3868a2a"/>
<code code="5804-0" displayName="Prot Ur Strip-mCnc" codeSystem="2.16.840.1.113883.6.1" codeSystemName="LOINC"/>
<statusCode code="completed"/>
<component>
<observation classCode="OBS" moodCode="EVN">
<templateId root="2.16.840.1.113883.10.20.22.4.2" extension="2015-08-01"/>
<templateId root="2.16.840.1.113883.10.20.22.4.2"/>
<id root="2e1a35e3-9092-43c8-8253-91781cab03e6"/>
<code code="5804-0" displayName="Prot Ur Strip-mCnc" codeSystem="2.16.840.1.113883.6.1" codeSystemName="LOINC"/>
<statusCode code="completed"/>
<effectiveTime value="20150622"/>
<value xsi:type="PQ" value="100" unit="mg/dL"/>
</observation>
</component>
</organizer>
</entry>
</section>
</component>
<component>
<section>
<templateId root="2.16.840.1.113883.10.20.22.2.8"/>
<code codeSystem="2.16.840.1.113883.6.1" codeSystemName="LOINC" code="51848-0" displayName="ASSESSMENTS"/>
<title>ASSESSMENTS</title>
<text>The patient was found to have fever and Dr Davis is suspecting Anemia based on the patient history. So Dr Davis asked the patient to closely monitor the temperature and blood pressure and get admitted to Community Health Hospitals if the fever does not subside within a day.</text>
</section>
</component>
<component>
<section>
<templateId root="2.16.840.1.113883.10.20.22.2.10" extension="2014-06-09"/>
<templateId root="2.16.840.1.113883.10.20.22.2.10"/>
<code codeSystem="2.16.840.1.113883.6.1" codeSystemName="LOINC" code="18776-5" displayName="Treatment plan"/>
<title>TREATMENT PLAN</title>
<text>
<list>
<item>Get an EKG done on 6/23/2015. </item>
<item>Get a Chest X-ray done on 6/23/2015 showing the Lower Respiratory Tract Structure.</item>
<item>Take Clindamycin 300mg three times a day as needed if pain does not subside</item>
<item>Schedule follow on visit with Neighborhood Physicians Practice on 7/1/2015. </item>
</list>
</text>
</section>
</component>
<component>
<section>
<templateId root="2.16.840.1.113883.10.20.22.2.60"/>
<code code="61146-7" displayName="Goals" codeSystem="2.16.840.1.113883.6.1" codeSystemName="LOINC"/>
<title>Goals Section</title>
<text>
<list>
<item>Get rid of intermittent fever that is occurring every few weeks. </item>
<item> Need to gain more energy to do regular activities </item>
</list>
</text>
<entry>
<observation classCode="OBS" moodCode="GOL">
<templateId root="2.16.840.1.113883.10.20.22.4.121"/>
<id root="17fca640-0995-40b1-b055-58df6a08f2ae"/>
<code code="58144-7" codeSystem="2.16.840.1.113883.6.1" codeSystemName="LOINC" displayName="Resident's overall goal established during assessment process"/>
<statusCode code="active"/>
<effectiveTime value="20170806"/>
<value xsi:type="ST">Get rid of intermittent fever that is occurring every few weeks. </value>
</observation>
</entry>
<entry>
<observation classCode="OBS" moodCode="GOL">
<templateId root="2.16.840.1.113883.10.20.22.4.121"/>
<id root="fffe043c-f185-4971-9348-4b7a164936a6"/>
<code code="58144-7" codeSystem="2.16.840.1.113883.6.1" codeSystemName="LOINC" displayName="Resident's overall goal established during assessment process"/>
<statusCode code="active"/>
<effectiveTime value="20170806"/>
<value xsi:type="ST"> Need to gain more energy to do regular activities </value>
</observation>
</entry>
</section>
</component>
<component>
<section nullFlavor="NI">
<templateId root="2.16.840.1.113883.10.20.22.2.58" extension="2015-08-01"/>
<templateId root="2.16.840.1.113883.10.20.22.2.58"/>
<code code="75310-3" displayName="Health Concerns" codeSystem="2.16.840.1.113883.6.1" codeSystemName="LOINC"/>
<title>Health Concerns</title>
<text>
<list>
<item>Chronic Sickness exhibited by patient </item>
<item>HealthCare Concerns refer to underlying clinical facts </item>
<item>i.  Documented HyperTension problem </item>
<item>ii. Documented HypoThyroidism problem </item>
<item>iii. Watch Weight of patient </item>
</list>
</text>
</section>
</component>
<component>
<section>
<templateId root="2.16.840.1.113883.10.20.22.2.22.1" extension="2015-08-01"/>
<templateId root="2.16.840.1.113883.10.20.22.2.22.1"/>
<code code="46240-8" displayName="Encounter History" codeSystem="2.16.840.1.113883.6.1" codeSystemName="LOINC"/>
<title>Encounters</title>
<text>
<list>
<item>2017-08-06 - Neighborhood  Physicians  Practice<list>
<item>Fever</item>
</list>
</item>
</list>
</text>
<entry typeCode="DRIV">
<encounter classCode="ENC" moodCode="EVN">
<templateId root="2.16.840.1.113883.10.20.22.4.49" extension="2015-08-01"/>
<templateId root="2.16.840.1.113883.10.20.22.4.49"/>
<id root="0c30a98b-5965-4583-822b-ba736f5ac9bc"/>
<code code="99201" displayName="Office Outpatient New 10 Minutes" codeSystemName="CPT-4" codeSystem="2.16.840.1.113883.6.12"/>
<effectiveTime value="20170806"/>
<entryRelationship typeCode="SUBJ">
<act classCode="ACT" moodCode="EVN">
<templateId root="2.16.840.1.113883.10.20.22.4.80" extension="2015-08-01"/>
<templateId root="2.16.840.1.113883.10.20.22.4.80"/>
<code code="29308-4" codeSystem="2.16.840.1.113883.6.1"/>
<entryRelationship typeCode="SUBJ">
<observation classCode="OBS" moodCode="EVN">
<templateId root="2.16.840.1.113883.10.20.22.4.4" extension="2015-08-01"/>
<templateId root="2.16.840.1.113883.10.20.22.4.4"/>
<id root="e12efbbb-bc7b-4832-b7ba-44f78b3bd495"/>
<code code="404684003" displayName="Finding" codeSystemName="SNOMED-CT" codeSystem="2.16.840.1.113883.6.96">
<translation code="75321-0" codeSystem="2.16.840.1.113883.6.1" codeSystemName="LOINC" displayName="Clinical Finding"/>
</code>
<statusCode code="completed"/>
<effectiveTime>
<low value="20170806"/>
</effectiveTime>
<value xsi:type="CD" code="386661006" displayName="Fever" codeSystem="2.16.840.1.113883.6.96"/>
</observation>
</entryRelationship>
</act>
</entryRelationship>
</encounter>
</entry>
</section>
</component>
<component>
<section>
<templateId root="1.3.6.1.4.1.19376.1.5.3.1.3.1" extension="2014-06-09"/>
<templateId root="1.3.6.1.4.1.19376.1.5.3.1.3.1"/>
<code code="42349-1" displayName="Reason for Referral" codeSystem="2.16.840.1.113883.6.1" codeSystemName="LOINC"/>
<title>Reason For Referral</title>
<text>
<paragraph>Referring Provider: Albert Davis / 555-555-1002</paragraph>
<paragraph>2472 Rocky place Veaverton, OR - 97006</paragraph>
<br/>
<paragraph>Ms Alice Newman is being referred to Community Health Hospitals Inpatient facility because of the high fever noticed and suspected Anemia. </paragraph>
</text>
</section>
</component>
</structuredBody>
</component>
</ClinicalDocument>
