<?xml version="1.0" encoding="UTF-8"?><?xml-stylesheet type='text/xsl' href='CDA.xsl'?><ClinicalDocument xmlns:xsi="http://www.w3.org/2001/XMLSchema-instance" xmlns="urn:hl7-org:v3" xmlns:voc="urn:hl7-org:v3/voc" xmlns:sdtc="urn:hl7-org:sdtc">
<realmCode code="US"/>
<typeId root="2.16.840.1.113883.1.3" extension="POCD_HD000040"/>
<!--US Realm Header ID-->
<templateId root="2.16.840.1.113883.10.20.22.1.1" extension="2015-08-01"/>
<templateId root="2.16.840.1.113883.10.20.22.1.1"/>
<!--Document template ID-->
<templateId root="2.16.840.1.113883.10.20.22.1.14" extension="2015-08-01"/>
<templateId root="2.16.840.1.113883.10.20.22.1.14"/>
<!--GUID that isn't a guid, just our noteid.-->
<id extension="9" root="c445a8b6-7ec0-4333-b86b-504394dbd796"/>
<code code="57133-1" displayName="Referral Note" codeSystem="2.16.840.1.113883.6.1" codeSystemName="LOINC"/>
<title>Referral Note for Bates, Jeremy V created on 2017-08-10</title>
<effectiveTime value="20170810110254-0500"/>
<confidentialityCode code="N" displayName="normal" codeSystem="2.16.840.1.113883.5.25" codeSystemName="Confidentiality"/>
<languageCode code="en-US"/>
<recordTarget>
<patientRole>
<id root="2.16.840.1.113883.4.1" extension="UNK"/>
<addr use="HP">
<!--HP is from code system 2.16.840.1.113883.5.1119 : Primary home address-->
<streetAddressLine>1357 Amber Dr</streetAddressLine>
<city>Beaverton</city>
<state>OR</state>
<postalCode>97006</postalCode>
</addr>
<telecom value="tel: 555-723-1544" use="HP"/>
<telecom value="tel: 555-777-1234" use="MC"/>
<patient>
<name>
<given qualifier="BR">Jeremy</given>
<given>V</given>
<family>Bates</family>
<suffix>Jr</suffix>
</name>
<administrativeGenderCode code="M" displayName="Male" codeSystem="2.16.840.1.113883.5.1"/>
<birthTime value="19800801"/>
<raceCode nullFlavor="UNK"/>
<ethnicGroupCode nullFlavor="UNK"/>
<languageCommunication>
<languageCode code="en"/>
</languageCommunication>
</patient>
<providerOrganization>
<id extension="unknown" root="2.16.840.1.113883.4.6"/>
<name>Neighborhood Physicians Practice</name>
<telecom value="tel: 555-555-1002" use="WP"/>
<addr>
<streetAddressLine>2472 Rocky place</streetAddressLine>
<city>Beaverton</city>
<state>OR</state>
<postalCode>97006</postalCode>
</addr>
</providerOrganization>
</patientRole>
</recordTarget>
<author>
<time value="20170810"/>
<assignedAuthor>
<id extension="2" root="2.16.840.1.113883.4.6"/>
<addr>
<streetAddressLine>2472 Rocky place</streetAddressLine>
<city>Veaverton</city>
<state>OR</state>
<postalCode>97006</postalCode>
</addr>
<telecom value="tel: 555-555-1002" use="WP"/>
<assignedPerson>
<name>
<given>Albert</given>
<family>Davis</family>
</name>
</assignedPerson>
<representedOrganization>
<id root="authorsOrganizationRoot" extension="authorsOrganizationExt"/>
<name/>
</representedOrganization>
</assignedAuthor>
</author>
<custodian>
<assignedCustodian>
<representedCustodianOrganization>
<id extension="unknown" root="2.16.840.1.113883.4.6"/>
<name>Neighborhood Physicians Practice</name>
<telecom value="tel: 555-555-1002" use="WP"/>
<addr>
<streetAddressLine>2472 Rocky place</streetAddressLine>
<city>Beaverton</city>
<state>OR</state>
<postalCode>97006</postalCode>
</addr>
</representedCustodianOrganization>
</assignedCustodian>
</custodian>
<informationRecipient>
<intendedRecipient>
<informationRecipient>
<name>
<prefix>Dr</prefix>
<given>Abraham</given>
<family>Vigoda</family>
</name>
</informationRecipient>
<receivedOrganization>
<name>Receiving Oraganization</name>
</receivedOrganization>
</intendedRecipient>
</informationRecipient>
<documentationOf>
<serviceEvent classCode="PCPR">
<effectiveTime>
<low value="20170807"/>
<high value="20170809"/>
</effectiveTime>
<performer typeCode="PRF">
<assignedEntity>
<id extension="2" root="2.16.840.1.113883.4.6"/>
<addr>
<streetAddressLine>2472 Rocky place</streetAddressLine>
<city>Beaverton</city>
<state>OR</state>
<postalCode>97006</postalCode>
</addr>
<telecom value="tel: 555-555-1002" use="WP"/>
<assignedPerson>
<name>
<given>Albert</given>
<family>Davis</family>
</name>
</assignedPerson>
<representedOrganization>
<id root="authorsOrganizationRoot" extension="authorsOrganizationExt"/>
<name/>
</representedOrganization>
</assignedEntity>
</performer>
<performer typeCode="PRF">
<assignedEntity>
<id extension="3123123" root="2.16.840.1.113883.4.6"/>
<addr>
<streetAddressLine>2472 Rocky place</streetAddressLine>
<city>Beaverton</city>
<state>OR</state>
<postalCode>97006</postalCode>
</addr>
<telecom value="tel: 555-555-1002" use="WP"/>
<assignedPerson>
<name>
<given>Tracy</given>
<family>Davis</family>
</name>
</assignedPerson>
<representedOrganization>
<id root="authorsOrganizationRoot" extension="authorsOrganizationExt"/>
<name/>
</representedOrganization>
</assignedEntity>
</performer>
</serviceEvent>
</documentationOf>
<component>
<structuredBody>
<component>
<section>
<templateId root="2.16.840.1.113883.10.20.22.2.6.1" extension="2015-08-01"/>
<templateId root="2.16.840.1.113883.10.20.22.2.6.1"/>
<code code="48765-2" codeSystem="2.16.840.1.113883.6.1" codeSystemName="LOINC"/>
<title>Allergies</title>
<text>No Known Drug Allergies</text>
<entry typeCode="DRIV">
<act classCode="ACT" moodCode="EVN">
<templateId root="2.16.840.1.113883.10.20.22.4.30" extension="2015-08-01"/>
<templateId root="2.16.840.1.113883.10.20.22.4.30"/>
<id root="ee458f6d-79ad-4e6d-a230-b992f5c8a453"/>
<code code="CONC" codeSystem="2.16.840.1.113883.5.6"/>
<statusCode code="active"/>
<effectiveTime>
<low value="19800801"/>
</effectiveTime>
<entryRelationship typeCode="SUBJ">
<!--Using negationInd=true-->
<observation classCode="OBS" moodCode="EVN" negationInd="true">
<templateId root="2.16.840.1.113883.10.20.22.4.7" extension="2014-06-09"/>
<templateId root="2.16.840.1.113883.10.20.22.4.7"/>
<id root="dd82140c-c4c3-4365-b0f8-dc32bd044173"/>
<code code="ASSERTION" codeSystem="2.16.840.1.113883.5.4"/>
<statusCode code="completed"/>
<effectiveTime nullFlavor="NA"/>
<!--using drug allergy(disorder) along with negation Indicator-->
<value xsi:type="CD" code="416098002" displayName="Drug Allergy (disorder)" codeSystem="2.16.840.1.113883.6.96" codeSystemName="SNOMED-CT"/>
<participant typeCode="CSM">
<participantRole classCode="MANU">
<playingEntity classCode="MMAT">
<code nullFlavor="NA"/>
</playingEntity>
</participantRole>
</participant>
</observation>
</entryRelationship>
</act>
</entry>
</section>
</component>
<component>
<section nullFlavor="NI">
<templateId root="2.16.840.1.113883.10.20.22.2.1.1" extension="2014-06-09"/>
<templateId root="2.16.840.1.113883.10.20.22.2.1.1"/>
<code code="10160-0" codeSystem="2.16.840.1.113883.6.1" codeSystemName="LOINC"/>
<title>Medications</title>
<text>No known medications</text>
</section>
</component>
<component>
<section>
<templateId root="2.16.840.1.113883.10.20.22.2.5.1" extension="2015-08-01"/>
<templateId root="2.16.840.1.113883.10.20.22.2.5.1"/>
<code code="11450-4" codeSystem="2.16.840.1.113883.6.1" codeSystemName="LOINC"/>
<title>Med Problems</title>
<text>No Known Medical Problems</text>
<entry typeCode="DRIV">
<act classCode="ACT" moodCode="EVN">
<templateId root="2.16.840.1.113883.10.20.22.4.3" extension="2015-08-01"/>
<templateId root="2.16.840.1.113883.10.20.22.4.3"/>
<id root="da8b9547-724f-4ded-8e6d-3149ce0fb103"/>
<code code="CONC" codeSystem="2.16.840.1.113883.5.6"/>
<statusCode code="active"/>
<effectiveTime>
<low value="20170809"/>
</effectiveTime>
<entryRelationship typeCode="SUBJ">
<observation classCode="OBS" moodCode="EVN" negationInd="true">
<templateId root="2.16.840.1.113883.10.20.22.4.4" extension="2015-08-01"/>
<templateId root="2.16.840.1.113883.10.20.22.4.4"/>
<id root="73630fbe-484c-450f-8d41-595063d18b23"/>
<code code="64572001" displayName="Condition" codeSystemName="SNOMED-CT" codeSystem="2.16.840.1.113883.6.96">
<translation code="75323-6" codeSystem="2.16.840.1.113883.6.1" codeSystemName="LOINC" displayName="Condition"/>
</code>
<statusCode code="completed"/>
<effectiveTime>
<low value="20170809"/>
</effectiveTime>
<value xsi:type="CD" code="55607006" displayName="Problem" codeSystem="2.16.840.1.113883.6.96" codeSystemName="SNOMED-CT"/>
</observation>
</entryRelationship>
</act>
</entry>
</section>
</component>
<component>
<section nullFlavor="NI">
<templateId root="2.16.840.1.113883.10.20.22.2.2.1" extension="2015-08-01"/>
<templateId root="2.16.840.1.113883.10.20.22.2.2.1"/>
<code code="11369-6" codeSystem="2.16.840.1.113883.6.1"/>
<title>Immunizations</title>
<text>No Immunizations Entered</text>
</section>
</component>
<component>
<section>
<templateId root="2.16.840.1.113883.10.20.22.2.4.1" extension="2015-08-01"/>
<templateId root="2.16.840.1.113883.10.20.22.2.4.1"/>
<code code="8716-3" codeSystem="2.16.840.1.113883.6.1"/>
<title>Vital Signs</title>
<text>
<table border="1" width="100%">
<thead>
<tr>
<th>date</th>
<th>Blood Pressure</th>
<th>Heart Rate</th>
<th>O2 Sat</th>
<th>Temp</th>
<th>Respiratory Rate</th>
<th>Height</th>
<th>Weight</th>
</tr>
</thead>
<tbody>
<tr>
<td>
<content ID="vitaldate11">2017-08-09</content>
</td>
<td>
<content ID="vitalbp1">145/88</content>
</td>
<td>
<content ID="vitalhr1"/>
</td>
<td>
<content ID="vitalo21"/>
</td>
<td>
<content ID="vitaltemp1"/>
</td>
<td>
<content ID="vitalresp1"/>
</td>
<td>
<content ID="vitalheight1"/>
</td>
<td>
<content ID="vitalweight1"/>
</td>
</tr>
<tr>
<td>
<content ID="vitaldate12">2017-08-09</content>
</td>
<td>
<content ID="vitalbp2"/>
</td>
<td>
<content ID="vitalhr2"/>
</td>
<td>
<content ID="vitalo22"/>
</td>
<td>
<content ID="vitaltemp2"/>
</td>
<td>
<content ID="vitalresp2"/>
</td>
<td>
<content ID="vitalheight2">177 centimeters(cm)</content>
</td>
<td>
<content ID="vitalweight2">88 kilograms(kg)</content>
</td>
</tr>
</tbody>
</table>
</text>
<entry typeCode="DRIV">
<organizer classCode="CLUSTER" moodCode="EVN">
<templateId root="2.16.840.1.113883.10.20.22.4.26" extension="2015-08-01"/>
<templateId root="2.16.840.1.113883.10.20.22.4.26"/>
<id root="7dc15c49-3ab4-46d8-9ec5-436543c2c487"/>
<code code="46680005" codeSystem="2.16.840.1.113883.6.96">
<translation code="74728-7" codeSystem="2.16.840.1.113883.6.1" displayName="Vital signs, weight, height, head circumference, oximetry, BMI, and BSA panel"/>
</code>
<statusCode code="completed"/>
<effectiveTime value="20170809"/>
<component>
<observation classCode="OBS" moodCode="EVN">
<templateId root="2.16.840.1.113883.10.20.22.4.27" extension="2014-06-09"/>
<templateId root="2.16.840.1.113883.10.20.22.4.27"/>
<id root="c2bc54f9-1248-4881-a9bd-dc848b795b7f"/>
<code code="8462-4" codeSystem="2.16.840.1.113883.6.1" codeSystemName="LOINC" displayName="Diastolic blood pressure"/>
<statusCode code="completed"/>
<effectiveTime value="20170809"/>
<value xsi:type="PQ" value="88" unit="mm[Hg]"/>
</observation>
</component>
<component>
<observation classCode="OBS" moodCode="EVN">
<templateId root="2.16.840.1.113883.10.20.22.4.27" extension="2014-06-09"/>
<templateId root="2.16.840.1.113883.10.20.22.4.27"/>
<id root="82fa824b-c173-42fb-bd60-0d36cf6b3b12"/>
<code code="8480-6" codeSystem="2.16.840.1.113883.6.1" codeSystemName="LOINC" displayName="Systolic blood pressure"/>
<statusCode code="completed"/>
<effectiveTime value="20170809"/>
<value xsi:type="PQ" value="145" unit="mm[Hg]"/>
</observation>
</component>
</organizer>
</entry>
<entry typeCode="DRIV">
<organizer classCode="CLUSTER" moodCode="EVN">
<templateId root="2.16.840.1.113883.10.20.22.4.26" extension="2015-08-01"/>
<templateId root="2.16.840.1.113883.10.20.22.4.26"/>
<id root="ac5fb79b-2b90-4a82-b953-f7b90037e8fd"/>
<code code="46680005" codeSystem="2.16.840.1.113883.6.96">
<translation code="74728-7" codeSystem="2.16.840.1.113883.6.1" displayName="Vital signs, weight, height, head circumference, oximetry, BMI, and BSA panel"/>
</code>
<statusCode code="completed"/>
<effectiveTime value="20170809"/>
<component>
<observation classCode="OBS" moodCode="EVN">
<templateId root="2.16.840.1.113883.10.20.22.4.27" extension="2014-06-09"/>
<templateId root="2.16.840.1.113883.10.20.22.4.27"/>
<id root="ac7d3a80-5986-4060-a85d-0d0f566ca498"/>
<code code="8302-2" codeSystem="2.16.840.1.113883.6.1" codeSystemName="LOINC" displayName="Body height"/>
<statusCode code="completed"/>
<effectiveTime value="20170809"/>
<value xsi:type="PQ" value="177" unit="cm"/>
</observation>
</component>
<component>
<observation classCode="OBS" moodCode="EVN">
<templateId root="2.16.840.1.113883.10.20.22.4.27" extension="2014-06-09"/>
<templateId root="2.16.840.1.113883.10.20.22.4.27"/>
<id root="0d080b12-4405-4c94-a593-f1330f487f70"/>
<code code="29463-7" codeSystem="2.16.840.1.113883.6.1" codeSystemName="LOINC" displayName="Body weight"/>
<statusCode code="completed"/>
<effectiveTime value="20170809"/>
<value xsi:type="PQ" value="88" unit="kg"/>
</observation>
</component>
</organizer>
</entry>
</section>
</component>
<component>
<section>
<templateId root="2.16.840.1.113883.10.20.22.2.17" extension="2015-08-01"/>
<templateId root="2.16.840.1.113883.10.20.22.2.17"/>
<code code="29762-2" codeSystem="2.16.840.1.113883.6.1"/>
<title>Social History</title>
<text>
<table border="1" width="100%">
<thead>
<tr>
<th>Social History Observation</th>
<th>Description</th>
<th>Date observed</th>
</tr>
</thead>
<tbody>
<tr>
<td>Smoking Status</td>
<td>Current every day smoker</td>
<td>2017-08-09</td>
</tr>
<tr>
<td>Historical Smoking Status</td>
<td/>
<td>2017-08-09</td>
</tr>
</tbody>
</table>
</text>
<entry typeCode="DRIV">
<observation classCode="OBS" moodCode="EVN">
<templateId root="2.16.840.1.113883.10.20.22.4.200" extension="2016-06-01"/>
<templateId root="2.16.840.1.113883.10.20.22.4.200"/>
<id root="dbb8e417-56f0-4cc7-958e-5291e71a4dab"/>
<code code="76689-9" codeSystem="2.16.840.1.113883.6.1" codeSystemName="LOINC" displayName="Birth Sex"/>
<statusCode code="completed"/>
<effectiveTime value="19800801"/>
<value xsi:type="CD" code="M" codeSystem="2.16.840.1.113883.5.1"/>
</observation>
</entry>
<entry typeCode="DRIV">
<observation classCode="OBS" moodCode="EVN">
<templateId root="2.16.840.1.113883.10.20.22.4.78" extension="2014-06-09"/>
<templateId root="2.16.840.1.113883.10.20.22.4.78"/>
<id root="2b7148d3-fabc-4fbf-995d-ff0bfcfb0df6"/>
<code code="72166-2" codeSystem="2.16.840.1.113883.6.1" displayName="Tobacco smoking status NHIS"/>
<statusCode code="completed"/>
<effectiveTime value="20170809"/>
<value xsi:type="CD" code="449868002" displayName="Current every day smoker" codeSystem="2.16.840.1.113883.6.96"/>
</observation>
</entry>
</section>
</component>
<component>
<section nullFlavor="NI">
<templateId root="2.16.840.1.113883.10.20.22.2.7.1" extension="2014-06-09"/>
<templateId root="2.16.840.1.113883.10.20.22.2.7.1"/>
<code code="47519-4" codeSystem="2.16.840.1.113883.6.1" codeSystemName="LOINC" displayName="HISTORY OF PROCEDURES"/>
<title>PROCEDURES</title>
<text>No Known Procedures</text>
</section>
</component>
<component>
<section nullFlavor="NI">
<templateId root="2.16.840.1.113883.10.20.22.2.3.1" extension="2015-08-01"/>
<templateId root="2.16.840.1.113883.10.20.22.2.3.1"/>
<code code="30954-2" codeSystem="2.16.840.1.113883.6.1" codeSystemName="LOINC"/>
<title>Relevant diagnostic tests and/or laboratory data</title>
<text>No Lab Results</text>
</section>
</component>
<component>
<section>
<templateId root="2.16.840.1.113883.10.20.22.2.8"/>
<code codeSystem="2.16.840.1.113883.6.1" codeSystemName="LOINC" code="51848-0" displayName="ASSESSMENTS"/>
<title>ASSESSMENTS</title>
<text>The patient was found to be healthy and advised to follow his current routine of exercise, work, sleep and quality of life. </text>
</section>
</component>
<component>
<section>
<templateId root="2.16.840.1.113883.10.20.22.2.10" extension="2014-06-09"/>
<templateId root="2.16.840.1.113883.10.20.22.2.10"/>
<code codeSystem="2.16.840.1.113883.6.1" codeSystemName="LOINC" code="18776-5" displayName="Treatment plan"/>
<title>TREATMENT PLAN</title>
<text>
<list>
<item>Schedule a visit for next year. </item>
</list>
</text>
</section>
</component>
<component>
<section>
<templateId root="2.16.840.1.113883.10.20.22.2.22.1" extension="2015-08-01"/>
<templateId root="2.16.840.1.113883.10.20.22.2.22.1"/>
<code code="46240-8" displayName="Encounter History" codeSystem="2.16.840.1.113883.6.1" codeSystemName="LOINC"/>
<title>Encounters</title>
<text>
<list>
<item>2017-08-09 - Neighborhood  Physicians  Practice<list>
<item>Caregiver Annual Health Check</item>
</list>
</item>
</list>
</text>
<entry typeCode="DRIV">
<encounter classCode="ENC" moodCode="EVN">
<templateId root="2.16.840.1.113883.10.20.22.4.49" extension="2015-08-01"/>
<templateId root="2.16.840.1.113883.10.20.22.4.49"/>
<id root="00bde6a8-c2e9-458d-b778-c858aea51d25"/>
<code code="99395" displayName="Periodic Preventive Med Est Patient 18-39 Yrs" codeSystemName="CPT-4" codeSystem="2.16.840.1.113883.6.12"/>
<effectiveTime value="20170809"/>
<entryRelationship typeCode="SUBJ">
<act classCode="ACT" moodCode="EVN">
<templateId root="2.16.840.1.113883.10.20.22.4.80" extension="2015-08-01"/>
<templateId root="2.16.840.1.113883.10.20.22.4.80"/>
<code code="29308-4" codeSystem="2.16.840.1.113883.6.1"/>
<entryRelationship typeCode="SUBJ">
<observation classCode="OBS" moodCode="EVN">
<templateId root="2.16.840.1.113883.10.20.22.4.4" extension="2015-08-01"/>
<templateId root="2.16.840.1.113883.10.20.22.4.4"/>
<id root="c47cac2b-1301-4228-8f67-aa1d4c087c48"/>
<code code="404684003" displayName="Finding" codeSystemName="SNOMED-CT" codeSystem="2.16.840.1.113883.6.96">
<translation code="75321-0" codeSystem="2.16.840.1.113883.6.1" codeSystemName="LOINC" displayName="Clinical Finding"/>
</code>
<statusCode code="completed"/>
<effectiveTime>
<low value="20170809"/>
</effectiveTime>
<value xsi:type="CD" code="699134002" displayName="Caregiver Annual Health Check" codeSystem="2.16.840.1.113883.6.96"/>
</observation>
</entryRelationship>
</act>
</entryRelationship>
</encounter>
</entry>
</section>
</component>
<component>
<section>
<templateId root="1.3.6.1.4.1.19376.1.5.3.1.3.1" extension="2014-06-09"/>
<templateId root="1.3.6.1.4.1.19376.1.5.3.1.3.1"/>
<code code="42349-1" displayName="Reason for Referral" codeSystem="2.16.840.1.113883.6.1" codeSystemName="LOINC"/>
<title>Reason For Referral</title>
<text>
<paragraph>Referring Provider: Albert Davis / 555-555-1002</paragraph>
<paragraph>2472 Rocky place Veaverton, OR - 97006</paragraph>
<br/>
<paragraph>No Referral Information Documented</paragraph>
</text>
</section>
</component>
</structuredBody>
</component>
</ClinicalDocument>
