<?xml version="1.0" encoding="UTF-8"?><?xml-stylesheet type='text/xsl' href='CDA.xsl'?><ClinicalDocument xmlns:xsi="http://www.w3.org/2001/XMLSchema-instance" xmlns="urn:hl7-org:v3" xmlns:voc="urn:hl7-org:v3/voc" xmlns:sdtc="urn:hl7-org:sdtc">
<realmCode code="US"/>
<typeId root="2.16.840.1.113883.1.3" extension="POCD_HD000040"/>
<!--US Realm Header ID-->
<templateId root="2.16.840.1.113883.10.20.22.1.1" extension="2015-08-01"/>
<templateId root="2.16.840.1.113883.10.20.22.1.1"/>
<!--Document template ID-->
<templateId root="2.16.840.1.113883.10.20.22.1.2" extension="2015-08-01"/>
<templateId root="2.16.840.1.113883.10.20.22.1.2"/>
<!--GUID that isn't a guid, just our noteid.-->
<id extension="9" root="4597b729-31ef-46ef-91f6-7b2aadefea02"/>
<code code="34133-9" displayName="Summarization of Episode Note" codeSystem="2.16.840.1.113883.6.1" codeSystemName="LOINC"/>
<title>Summarization of Episode Note for Bates, Jeremy V created on 2017-08-10</title>
<effectiveTime value="20170810150205-0500"/>
<confidentialityCode code="N" displayName="normal" codeSystem="2.16.840.1.113883.5.25" codeSystemName="Confidentiality"/>
<languageCode code="en-US"/>
<recordTarget>
<patientRole>
<id root="2.16.840.1.113883.4.1" extension="UNK"/>
<addr use="HP">
<!--HP is from code system 2.16.840.1.113883.5.1119 : Primary home address-->
<streetAddressLine>1357 Amber Dr</streetAddressLine>
<city>Beaverton</city>
<state>OR</state>
<postalCode>97006</postalCode>
</addr>
<telecom value="tel: 555-723-1544" use="HP"/>
<telecom value="tel: 555-777-1234" use="MC"/>
<patient>
<name>
<given qualifier="BR">Jeremy</given>
<given>V</given>
<family>Bates</family>
<suffix>Jr</suffix>
</name>
<administrativeGenderCode code="M" displayName="Male" codeSystem="2.16.840.1.113883.5.1"/>
<birthTime value="19800801"/>
<raceCode nullFlavor="UNK"/>
<ethnicGroupCode nullFlavor="UNK"/>
<languageCommunication>
<languageCode code="en"/>
</languageCommunication>
</patient>
<providerOrganization>
<id extension="unknown" root="2.16.840.1.113883.4.6"/>
<name>Neighborhood Physicians Practice</name>
<telecom value="tel: 555-555-1002" use="WP"/>
<addr>
<streetAddressLine>2472 Rocky place</streetAddressLine>
<city>Beaverton</city>
<state>OR</state>
<postalCode>97006</postalCode>
</addr>
</providerOrganization>
</patientRole>
</recordTarget>
<author>
<time value="20170810"/>
<assignedAuthor>
<id extension="2" root="2.16.840.1.113883.4.6"/>
<addr>
<streetAddressLine>2472 Rocky place</streetAddressLine>
<city>Veaverton</city>
<state>OR</state>
<postalCode>97006</postalCode>
</addr>
<telecom value="tel: 555-555-1002" use="WP"/>
<assignedPerson>
<name>
<given>Albert</given>
<family>Davis</family>
</name>
</assignedPerson>
<representedOrganization>
<id root="authorsOrganizationRoot" extension="authorsOrganizationExt"/>
<name/>
</representedOrganization>
</assignedAuthor>
</author>
<author>
<time value="20170810"/>
<assignedAuthor>
<id extension="3123123" root="2.16.840.1.113883.4.6"/>
<addr>
<streetAddressLine>2472 Rocky place</streetAddressLine>
<city>Beaverton</city>
<state>OR</state>
<postalCode>97006</postalCode>
</addr>
<telecom value="tel: 555-555-1002" use="WP"/>
<assignedPerson>
<name>
<given>Tracy</given>
<family>Davis</family>
</name>
</assignedPerson>
<representedOrganization>
<id root="authorsOrganizationRoot" extension="authorsOrganizationExt"/>
<name/>
</representedOrganization>
</assignedAuthor>
</author>
<custodian>
<assignedCustodian>
<representedCustodianOrganization>
<id extension="unknown" root="2.16.840.1.113883.4.6"/>
<name>Neighborhood Physicians Practice</name>
<telecom value="tel: 555-555-1002" use="WP"/>
<addr>
<streetAddressLine>2472 Rocky place</streetAddressLine>
<city>Beaverton</city>
<state>OR</state>
<postalCode>97006</postalCode>
</addr>
</representedCustodianOrganization>
</assignedCustodian>
</custodian>
<informationRecipient>
<intendedRecipient>
<informationRecipient>
<name>
<prefix>Dr</prefix>
<given>Abraham</given>
<family>Vigoda</family>
</name>
</informationRecipient>
<receivedOrganization>
<name>Receiving Oraganization</name>
</receivedOrganization>
</intendedRecipient>
</informationRecipient>
<documentationOf>
<serviceEvent classCode="PCPR">
<effectiveTime>
<low value="19800801"/>
<high value="20170810"/>
</effectiveTime>
<performer typeCode="PRF">
<assignedEntity>
<id extension="2" root="2.16.840.1.113883.4.6"/>
<addr>
<streetAddressLine>2472 Rocky place</streetAddressLine>
<city>Beaverton</city>
<state>OR</state>
<postalCode>97006</postalCode>
</addr>
<telecom value="tel: 555-555-1002" use="WP"/>
<assignedPerson>
<name>
<given>Albert</given>
<family>Davis</family>
</name>
</assignedPerson>
<representedOrganization>
<id root="authorsOrganizationRoot" extension="authorsOrganizationExt"/>
<name/>
</representedOrganization>
</assignedEntity>
</performer>
<performer typeCode="PRF">
<assignedEntity>
<id extension="3123123" root="2.16.840.1.113883.4.6"/>
<addr>
<streetAddressLine>2472 Rocky place</streetAddressLine>
<city>Beaverton</city>
<state>OR</state>
<postalCode>97006</postalCode>
</addr>
<telecom value="tel: 555-555-1002" use="WP"/>
<assignedPerson>
<name>
<given>Tracy</given>
<family>Davis</family>
</name>
</assignedPerson>
<representedOrganization>
<id root="authorsOrganizationRoot" extension="authorsOrganizationExt"/>
<name/>
</representedOrganization>
</assignedEntity>
</performer>
</serviceEvent>
</documentationOf>
<component>
<structuredBody>
<component>
<section>
<templateId root="2.16.840.1.113883.10.20.22.2.6.1" extension="2015-08-01"/>
<templateId root="2.16.840.1.113883.10.20.22.2.6.1"/>
<code code="48765-2" codeSystem="2.16.840.1.113883.6.1" codeSystemName="LOINC"/>
<title>Allergies</title>
<text>No Known Drug Allergies</text>
<entry typeCode="DRIV">
<act classCode="ACT" moodCode="EVN">
<templateId root="2.16.840.1.113883.10.20.22.4.30" extension="2015-08-01"/>
<templateId root="2.16.840.1.113883.10.20.22.4.30"/>
<id root="9e9ab603-ddc5-467a-9271-c9e7ead14d06"/>
<code code="CONC" codeSystem="2.16.840.1.113883.5.6"/>
<statusCode code="active"/>
<effectiveTime>
<low value="19800801"/>
</effectiveTime>
<entryRelationship typeCode="SUBJ">
<!--Using negationInd=true-->
<observation classCode="OBS" moodCode="EVN" negationInd="true">
<templateId root="2.16.840.1.113883.10.20.22.4.7" extension="2014-06-09"/>
<templateId root="2.16.840.1.113883.10.20.22.4.7"/>
<id root="e245c886-c8b8-46d4-97e6-9866f3daafae"/>
<code code="ASSERTION" codeSystem="2.16.840.1.113883.5.4"/>
<statusCode code="completed"/>
<effectiveTime nullFlavor="NA"/>
<!--using drug allergy(disorder) along with negation Indicator-->
<value xsi:type="CD" code="416098002" displayName="Drug Allergy (disorder)" codeSystem="2.16.840.1.113883.6.96" codeSystemName="SNOMED-CT"/>
<participant typeCode="CSM">
<participantRole classCode="MANU">
<playingEntity classCode="MMAT">
<code nullFlavor="NA"/>
</playingEntity>
</participantRole>
</participant>
</observation>
</entryRelationship>
</act>
</entry>
</section>
</component>
<component>
<section nullFlavor="NI">
<templateId root="2.16.840.1.113883.10.20.22.2.1.1" extension="2014-06-09"/>
<templateId root="2.16.840.1.113883.10.20.22.2.1.1"/>
<code code="10160-0" codeSystem="2.16.840.1.113883.6.1" codeSystemName="LOINC"/>
<title>Medications</title>
<text>No known medications</text>
</section>
</component>
<component>
<section>
<templateId root="2.16.840.1.113883.10.20.22.2.5.1" extension="2015-08-01"/>
<templateId root="2.16.840.1.113883.10.20.22.2.5.1"/>
<code code="11450-4" codeSystem="2.16.840.1.113883.6.1" codeSystemName="LOINC"/>
<title>Med Problems</title>
<text>No Known Medical Problems</text>
<entry typeCode="DRIV">
<act classCode="ACT" moodCode="EVN">
<templateId root="2.16.840.1.113883.10.20.22.4.3" extension="2015-08-01"/>
<templateId root="2.16.840.1.113883.10.20.22.4.3"/>
<id root="a05bcf0d-d926-4267-92ff-fa324a7d2b5f"/>
<code code="CONC" codeSystem="2.16.840.1.113883.5.6"/>
<statusCode code="active"/>
<effectiveTime>
<low value="19800801"/>
</effectiveTime>
<entryRelationship typeCode="SUBJ">
<observation classCode="OBS" moodCode="EVN" negationInd="true">
<templateId root="2.16.840.1.113883.10.20.22.4.4" extension="2015-08-01"/>
<templateId root="2.16.840.1.113883.10.20.22.4.4"/>
<id root="fd9e98bd-bb6a-45b6-864d-100574e4c446"/>
<code code="64572001" displayName="Condition" codeSystemName="SNOMED-CT" codeSystem="2.16.840.1.113883.6.96">
<translation code="75323-6" codeSystem="2.16.840.1.113883.6.1" codeSystemName="LOINC" displayName="Condition"/>
</code>
<statusCode code="completed"/>
<effectiveTime>
<low value="19800801"/>
</effectiveTime>
<value xsi:type="CD" code="55607006" displayName="Problem" codeSystem="2.16.840.1.113883.6.96" codeSystemName="SNOMED-CT"/>
</observation>
</entryRelationship>
</act>
</entry>
</section>
</component>
<component>
<section nullFlavor="NI">
<templateId root="2.16.840.1.113883.10.20.22.2.2.1" extension="2015-08-01"/>
<templateId root="2.16.840.1.113883.10.20.22.2.2.1"/>
<code code="11369-6" codeSystem="2.16.840.1.113883.6.1"/>
<title>Immunizations</title>
<text>No Immunizations Entered</text>
</section>
</component>
<component>
<section>
<templateId root="2.16.840.1.113883.10.20.22.2.4.1" extension="2015-08-01"/>
<templateId root="2.16.840.1.113883.10.20.22.2.4.1"/>
<code code="8716-3" codeSystem="2.16.840.1.113883.6.1"/>
<title>Vital Signs</title>
<text>
<table border="1" width="100%">
<thead>
<tr>
<th>date</th>
<th>Blood Pressure</th>
<th>Heart Rate</th>
<th>O2 Sat</th>
<th>Temp</th>
<th>Respiratory Rate</th>
<th>Height</th>
<th>Weight</th>
</tr>
</thead>
<tbody>
<tr>
<td>
<content ID="vitaldate11">2017-08-09</content>
</td>
<td>
<content ID="vitalbp1"/>
</td>
<td>
<content ID="vitalhr1"/>
</td>
<td>
<content ID="vitalo21"/>
</td>
<td>
<content ID="vitaltemp1"/>
</td>
<td>
<content ID="vitalresp1"/>
</td>
<td>
<content ID="vitalheight1">177 centimeters(cm)</content>
</td>
<td>
<content ID="vitalweight1">88 kilograms(kg)</content>
</td>
</tr>
<tr>
<td>
<content ID="vitaldate12">2017-08-07</content>
</td>
<td>
<content ID="vitalbp2"/>
</td>
<td>
<content ID="vitalhr2"/>
</td>
<td>
<content ID="vitalo22"/>
</td>
<td>
<content ID="vitaltemp2"/>
</td>
<td>
<content ID="vitalresp2"/>
</td>
<td>
<content ID="vitalheight2">177 centimeters(cm)</content>
</td>
<td>
<content ID="vitalweight2">88 kilograms(kg)</content>
</td>
</tr>
<tr>
<td>
<content ID="vitaldate13">2017-08-07</content>
</td>
<td>
<content ID="vitalbp3">145/88</content>
</td>
<td>
<content ID="vitalhr3"/>
</td>
<td>
<content ID="vitalo23"/>
</td>
<td>
<content ID="vitaltemp3"/>
</td>
<td>
<content ID="vitalresp3"/>
</td>
<td>
<content ID="vitalheight3"/>
</td>
<td>
<content ID="vitalweight3"/>
</td>
</tr>
<tr>
<td>
<content ID="vitaldate14">2017-08-09</content>
</td>
<td>
<content ID="vitalbp4">145/88</content>
</td>
<td>
<content ID="vitalhr4"/>
</td>
<td>
<content ID="vitalo24"/>
</td>
<td>
<content ID="vitaltemp4"/>
</td>
<td>
<content ID="vitalresp4"/>
</td>
<td>
<content ID="vitalheight4"/>
</td>
<td>
<content ID="vitalweight4"/>
</td>
</tr>
</tbody>
</table>
</text>
<entry typeCode="DRIV">
<organizer classCode="CLUSTER" moodCode="EVN">
<templateId root="2.16.840.1.113883.10.20.22.4.26" extension="2015-08-01"/>
<templateId root="2.16.840.1.113883.10.20.22.4.26"/>
<id root="6195ad48-a6f5-41c6-80fc-2fa686d41693"/>
<code code="46680005" codeSystem="2.16.840.1.113883.6.96">
<translation code="74728-7" codeSystem="2.16.840.1.113883.6.1" displayName="Vital signs, weight, height, head circumference, oximetry, BMI, and BSA panel"/>
</code>
<statusCode code="completed"/>
<effectiveTime value="20170809"/>
<component>
<observation classCode="OBS" moodCode="EVN">
<templateId root="2.16.840.1.113883.10.20.22.4.27" extension="2014-06-09"/>
<templateId root="2.16.840.1.113883.10.20.22.4.27"/>
<id root="232f3909-1227-4778-895e-4589433b7978"/>
<code code="8302-2" codeSystem="2.16.840.1.113883.6.1" codeSystemName="LOINC" displayName="Body height"/>
<statusCode code="completed"/>
<effectiveTime value="20170809"/>
<value xsi:type="PQ" value="177" unit="cm"/>
</observation>
</component>
<component>
<observation classCode="OBS" moodCode="EVN">
<templateId root="2.16.840.1.113883.10.20.22.4.27" extension="2014-06-09"/>
<templateId root="2.16.840.1.113883.10.20.22.4.27"/>
<id root="3643fc74-6f89-4d9c-8f1c-a1a839450d30"/>
<code code="29463-7" codeSystem="2.16.840.1.113883.6.1" codeSystemName="LOINC" displayName="Body weight"/>
<statusCode code="completed"/>
<effectiveTime value="20170809"/>
<value xsi:type="PQ" value="88" unit="kg"/>
</observation>
</component>
</organizer>
</entry>
<entry typeCode="DRIV">
<organizer classCode="CLUSTER" moodCode="EVN">
<templateId root="2.16.840.1.113883.10.20.22.4.26" extension="2015-08-01"/>
<templateId root="2.16.840.1.113883.10.20.22.4.26"/>
<id root="12e7f779-c87a-4e9b-9682-b5f9025cbe9a"/>
<code code="46680005" codeSystem="2.16.840.1.113883.6.96">
<translation code="74728-7" codeSystem="2.16.840.1.113883.6.1" displayName="Vital signs, weight, height, head circumference, oximetry, BMI, and BSA panel"/>
</code>
<statusCode code="completed"/>
<effectiveTime value="20170807"/>
<component>
<observation classCode="OBS" moodCode="EVN">
<templateId root="2.16.840.1.113883.10.20.22.4.27" extension="2014-06-09"/>
<templateId root="2.16.840.1.113883.10.20.22.4.27"/>
<id root="3d1b28bb-fc37-4cd7-9610-c92ec69aafc8"/>
<code code="8302-2" codeSystem="2.16.840.1.113883.6.1" codeSystemName="LOINC" displayName="Body height"/>
<statusCode code="completed"/>
<effectiveTime value="20170807"/>
<value xsi:type="PQ" value="177" unit="cm"/>
</observation>
</component>
<component>
<observation classCode="OBS" moodCode="EVN">
<templateId root="2.16.840.1.113883.10.20.22.4.27" extension="2014-06-09"/>
<templateId root="2.16.840.1.113883.10.20.22.4.27"/>
<id root="faf30638-b2d9-4f67-8997-0d1cf5d1c4f0"/>
<code code="29463-7" codeSystem="2.16.840.1.113883.6.1" codeSystemName="LOINC" displayName="Body weight"/>
<statusCode code="completed"/>
<effectiveTime value="20170807"/>
<value xsi:type="PQ" value="88" unit="kg"/>
</observation>
</component>
</organizer>
</entry>
<entry typeCode="DRIV">
<organizer classCode="CLUSTER" moodCode="EVN">
<templateId root="2.16.840.1.113883.10.20.22.4.26" extension="2015-08-01"/>
<templateId root="2.16.840.1.113883.10.20.22.4.26"/>
<id root="08df05f1-1a44-4178-b32b-d10c481d5485"/>
<code code="46680005" codeSystem="2.16.840.1.113883.6.96">
<translation code="74728-7" codeSystem="2.16.840.1.113883.6.1" displayName="Vital signs, weight, height, head circumference, oximetry, BMI, and BSA panel"/>
</code>
<statusCode code="completed"/>
<effectiveTime value="20170807"/>
<component>
<observation classCode="OBS" moodCode="EVN">
<templateId root="2.16.840.1.113883.10.20.22.4.27" extension="2014-06-09"/>
<templateId root="2.16.840.1.113883.10.20.22.4.27"/>
<id root="17d70a33-93b2-43f5-beee-f4ecfeff8b92"/>
<code code="8462-4" codeSystem="2.16.840.1.113883.6.1" codeSystemName="LOINC" displayName="Diastolic blood pressure"/>
<statusCode code="completed"/>
<effectiveTime value="20170807"/>
<value xsi:type="PQ" value="88" unit="mm[Hg]"/>
</observation>
</component>
<component>
<observation classCode="OBS" moodCode="EVN">
<templateId root="2.16.840.1.113883.10.20.22.4.27" extension="2014-06-09"/>
<templateId root="2.16.840.1.113883.10.20.22.4.27"/>
<id root="36bb6457-f029-4646-baa1-e31d2d81fa98"/>
<code code="8480-6" codeSystem="2.16.840.1.113883.6.1" codeSystemName="LOINC" displayName="Systolic blood pressure"/>
<statusCode code="completed"/>
<effectiveTime value="20170807"/>
<value xsi:type="PQ" value="145" unit="mm[Hg]"/>
</observation>
</component>
</organizer>
</entry>
<entry typeCode="DRIV">
<organizer classCode="CLUSTER" moodCode="EVN">
<templateId root="2.16.840.1.113883.10.20.22.4.26" extension="2015-08-01"/>
<templateId root="2.16.840.1.113883.10.20.22.4.26"/>
<id root="7079680b-0519-4b12-87ec-4a681a527786"/>
<code code="46680005" codeSystem="2.16.840.1.113883.6.96">
<translation code="74728-7" codeSystem="2.16.840.1.113883.6.1" displayName="Vital signs, weight, height, head circumference, oximetry, BMI, and BSA panel"/>
</code>
<statusCode code="completed"/>
<effectiveTime value="20170809"/>
<component>
<observation classCode="OBS" moodCode="EVN">
<templateId root="2.16.840.1.113883.10.20.22.4.27" extension="2014-06-09"/>
<templateId root="2.16.840.1.113883.10.20.22.4.27"/>
<id root="8aa8ce62-bd89-49b1-a40f-501623f6c777"/>
<code code="8462-4" codeSystem="2.16.840.1.113883.6.1" codeSystemName="LOINC" displayName="Diastolic blood pressure"/>
<statusCode code="completed"/>
<effectiveTime value="20170809"/>
<value xsi:type="PQ" value="88" unit="mm[Hg]"/>
</observation>
</component>
<component>
<observation classCode="OBS" moodCode="EVN">
<templateId root="2.16.840.1.113883.10.20.22.4.27" extension="2014-06-09"/>
<templateId root="2.16.840.1.113883.10.20.22.4.27"/>
<id root="b7a6747f-2088-420a-9a0d-071a982b7693"/>
<code code="8480-6" codeSystem="2.16.840.1.113883.6.1" codeSystemName="LOINC" displayName="Systolic blood pressure"/>
<statusCode code="completed"/>
<effectiveTime value="20170809"/>
<value xsi:type="PQ" value="145" unit="mm[Hg]"/>
</observation>
</component>
</organizer>
</entry>
</section>
</component>
<component>
<section>
<templateId root="2.16.840.1.113883.10.20.22.2.17" extension="2015-08-01"/>
<templateId root="2.16.840.1.113883.10.20.22.2.17"/>
<code code="29762-2" codeSystem="2.16.840.1.113883.6.1"/>
<title>Social History</title>
<text>
<table border="1" width="100%">
<thead>
<tr>
<th>Social History Observation</th>
<th>Description</th>
<th>Date observed</th>
</tr>
</thead>
<tbody>
<tr>
<td>Smoking Status</td>
<td>Current every day smoker</td>
<td>2017-08-09</td>
</tr>
<tr>
<td>Historical Smoking Status</td>
<td/>
<td>2017-08-09</td>
</tr>
</tbody>
</table>
</text>
<entry typeCode="DRIV">
<observation classCode="OBS" moodCode="EVN">
<templateId root="2.16.840.1.113883.10.20.22.4.200" extension="2016-06-01"/>
<templateId root="2.16.840.1.113883.10.20.22.4.200"/>
<id root="b374d774-562a-4272-bc19-78b97c97277b"/>
<code code="76689-9" codeSystem="2.16.840.1.113883.6.1" codeSystemName="LOINC" displayName="Birth Sex"/>
<statusCode code="completed"/>
<effectiveTime value="19800801"/>
<value xsi:type="CD" code="M" codeSystem="2.16.840.1.113883.5.1"/>
</observation>
</entry>
<entry typeCode="DRIV">
<observation classCode="OBS" moodCode="EVN">
<templateId root="2.16.840.1.113883.10.20.22.4.78" extension="2014-06-09"/>
<templateId root="2.16.840.1.113883.10.20.22.4.78"/>
<id root="7c928927-9f22-4bc3-96a8-569b5e36ed08"/>
<code code="72166-2" codeSystem="2.16.840.1.113883.6.1" displayName="Tobacco smoking status NHIS"/>
<statusCode code="completed"/>
<effectiveTime value="20170809"/>
<value xsi:type="CD" code="449868002" displayName="Current every day smoker" codeSystem="2.16.840.1.113883.6.96"/>
</observation>
</entry>
</section>
</component>
<component>
<section nullFlavor="NI">
<templateId root="2.16.840.1.113883.10.20.22.2.7.1" extension="2014-06-09"/>
<templateId root="2.16.840.1.113883.10.20.22.2.7.1"/>
<code code="47519-4" codeSystem="2.16.840.1.113883.6.1" codeSystemName="LOINC" displayName="HISTORY OF PROCEDURES"/>
<title>PROCEDURES</title>
<text>No Known Procedures</text>
</section>
</component>
<component>
<section nullFlavor="NI">
<templateId root="2.16.840.1.113883.10.20.22.2.3.1" extension="2015-08-01"/>
<templateId root="2.16.840.1.113883.10.20.22.2.3.1"/>
<code code="30954-2" codeSystem="2.16.840.1.113883.6.1" codeSystemName="LOINC"/>
<title>Relevant diagnostic tests and/or laboratory data</title>
<text>No Lab Results</text>
</section>
</component>
<component>
<section>
<templateId root="2.16.840.1.113883.10.20.22.2.8"/>
<code codeSystem="2.16.840.1.113883.6.1" codeSystemName="LOINC" code="51848-0" displayName="ASSESSMENTS"/>
<title>ASSESSMENTS</title>
<text>The patient was found to be healthy and advised to follow his current routine of exercise, work, sleep and quality of life. </text>
</section>
</component>
<component>
<section>
<templateId root="2.16.840.1.113883.10.20.22.2.10" extension="2014-06-09"/>
<templateId root="2.16.840.1.113883.10.20.22.2.10"/>
<code codeSystem="2.16.840.1.113883.6.1" codeSystemName="LOINC" code="18776-5" displayName="Treatment plan"/>
<title>TREATMENT PLAN</title>
<text>No Treatment Plan recorded</text>
</section>
</component>
<component>
<section>
<templateId root="2.16.840.1.113883.10.20.22.2.22.1" extension="2015-08-01"/>
<templateId root="2.16.840.1.113883.10.20.22.2.22.1"/>
<code code="46240-8" displayName="Encounter History" codeSystem="2.16.840.1.113883.6.1" codeSystemName="LOINC"/>
<title>Encounters</title>
<text>
<list>
<item>2017-08-09 - Neighborhood  Physicians  Practice<list>
<item>Caregiver Annual Health Check</item>
</list>
</item>
<item>2017-08-06 - Neighborhood  Physicians  Practice<list>
<item>Caregiver Annual Health Check</item>
</list>
</item>
</list>
</text>
<entry typeCode="DRIV">
<encounter classCode="ENC" moodCode="EVN">
<templateId root="2.16.840.1.113883.10.20.22.4.49" extension="2015-08-01"/>
<templateId root="2.16.840.1.113883.10.20.22.4.49"/>
<id root="e0aa4fb4-9625-4dd0-bfb5-0f194bf4e53a"/>
<code code="99395" displayName="Periodic Preventive Med Est Patient 18-39 Yrs" codeSystemName="CPT-4" codeSystem="2.16.840.1.113883.6.12"/>
<effectiveTime value="20170809"/>
<entryRelationship typeCode="SUBJ">
<act classCode="ACT" moodCode="EVN">
<templateId root="2.16.840.1.113883.10.20.22.4.80" extension="2015-08-01"/>
<templateId root="2.16.840.1.113883.10.20.22.4.80"/>
<code code="29308-4" codeSystem="2.16.840.1.113883.6.1"/>
<entryRelationship typeCode="SUBJ">
<observation classCode="OBS" moodCode="EVN">
<templateId root="2.16.840.1.113883.10.20.22.4.4" extension="2015-08-01"/>
<templateId root="2.16.840.1.113883.10.20.22.4.4"/>
<id root="c3b26039-26f6-408d-b372-aded1357072f"/>
<code code="404684003" displayName="Finding" codeSystemName="SNOMED-CT" codeSystem="2.16.840.1.113883.6.96">
<translation code="75321-0" codeSystem="2.16.840.1.113883.6.1" codeSystemName="LOINC" displayName="Clinical Finding"/>
</code>
<statusCode code="completed"/>
<effectiveTime>
<low value="20170809"/>
</effectiveTime>
<value xsi:type="CD" code="699134002" displayName="Caregiver Annual Health Check" codeSystem="2.16.840.1.113883.6.96"/>
</observation>
</entryRelationship>
</act>
</entryRelationship>
</encounter>
</entry>
<entry typeCode="DRIV">
<encounter classCode="ENC" moodCode="EVN">
<templateId root="2.16.840.1.113883.10.20.22.4.49" extension="2015-08-01"/>
<templateId root="2.16.840.1.113883.10.20.22.4.49"/>
<id root="6f2a2167-de10-494f-93d5-20732f8d7c1b"/>
<code code="99395" displayName="Periodic Preventive Med Est Patient 18-39 Yrs" codeSystemName="CPT-4" codeSystem="2.16.840.1.113883.6.12"/>
<effectiveTime value="20170806"/>
<entryRelationship typeCode="SUBJ">
<act classCode="ACT" moodCode="EVN">
<templateId root="2.16.840.1.113883.10.20.22.4.80" extension="2015-08-01"/>
<templateId root="2.16.840.1.113883.10.20.22.4.80"/>
<code code="29308-4" codeSystem="2.16.840.1.113883.6.1"/>
<entryRelationship typeCode="SUBJ">
<observation classCode="OBS" moodCode="EVN">
<templateId root="2.16.840.1.113883.10.20.22.4.4" extension="2015-08-01"/>
<templateId root="2.16.840.1.113883.10.20.22.4.4"/>
<id root="4c17f2d5-de47-464b-ad2b-463ac0d34809"/>
<code code="404684003" displayName="Finding" codeSystemName="SNOMED-CT" codeSystem="2.16.840.1.113883.6.96">
<translation code="75321-0" codeSystem="2.16.840.1.113883.6.1" codeSystemName="LOINC" displayName="Clinical Finding"/>
</code>
<statusCode code="completed"/>
<effectiveTime>
<low value="20170806"/>
</effectiveTime>
<value xsi:type="CD" code="699134002" displayName="Caregiver Annual Health Check" codeSystem="2.16.840.1.113883.6.96"/>
</observation>
</entryRelationship>
</act>
</entryRelationship>
</encounter>
</entry>
</section>
</component>
</structuredBody>
</component>
</ClinicalDocument>