<?xml version='1.0' encoding='utf-8' ?>
<ClinicalDocument xmlns:sdtc='urn:hl7-org:sdtc' xmlns:voc='urn:hl7-org:v3/voc' xmlns:xsi='http://www.w3.org/2001/XMLSchema-instance' xmlns='urn:hl7-org:v3'>
<!-- ** CDA Header ** -->
<realmCode code='US' />
<typeId extension='POCD_HD000040' root='2.16.840.1.113883.1.3' />
<!-- US General Header Template -->
<templateId extension='2015-08-01' root='2.16.840.1.113883.10.20.22.1.1' />
<!-- Critical Change for backwards compatibility -->
<templateId root='2.16.840.1.113883.10.20.22.1.1' />
<!-- *** Note: The next templateId, code and title will differ depending on what type of document is being sent. *** -->
<templateId extension='2015-08-01' root='2.16.840.1.113883.10.20.22.1.2' />
<!-- For backwards compatibility -->
<templateId root='2.16.840.1.113883.10.20.22.1.2' />
<id assigningAuthorityName='NavigatingCancer' extension='CCDA2' root='ca0d3db2-529c-4229-af63-986596a2cdee' />

<code code='34133-9' codeSystem='2.16.840.1.113883.6.1' codeSystemName='LOINC' displayName='Summarization of Episode Note' />
<title>Clinical Summary: Jeremy V Bates</title>
<effectiveTime value='20171109181658+0000' />
<confidentialityCode code='N' codeSystem='2.16.840.1.113883.5.25' codeSystemName='Confidentiality' displayName='normal' />
<languageCode code='en-US' />

<recordTarget>
<patientRole>
<id assigningAuthorityName='NavigatingCancer' extension='PatientInformation23' root='ca0d3db2-529c-4229-af63-986596a2cdee' />

<addr use='WP'>
<city>Beaverton
</city><state>OR
</state><postalCode>97006
</postalCode><streetAddressLine>1357, Amber Dr,
</streetAddressLine><country>US
</country></addr>

<telecom use='HP' value='tel:+1(555)723-1544' />
<telecom use='MC' value='tel:+1(555)777-1234' />
<patient>
<name use='L'>
<given>Jeremy</given>
<given>V</given>
<family>Bates</family>
<suffix>Jr.</suffix>
</name>
<administrativeGenderCode code='M' codeSystem='2.16.840.1.113883.5.1' codeSystemName='AdministrativeGender' displayName='Male' />
<birthTime value='19800801' />
<maritalStatusCode code='S' codeSystem='2.16.840.1.113883.5.2' codeSystemName='MaritalStatus' displayName='Never Married' />
<raceCode nullFlavor='UNK' />
<sdtc:raceCode nullFlavor='UNK' />
<ethnicGroupCode nullFlavor='UNK' />
<languageCommunication>
<languageCode code='en' />
<preferenceInd value='true' />
</languageCommunication>
</patient>
<providerOrganization>
<id extension='111111' root='2.16.840.1.113883.4.6' />
<name>Neighborhood Physicians Practice, Beaverton</name>
<telecom use='WP' value='tel:+1(555)555-1002'></telecom>

<addr use='WP'>
<city>Beaverton
</city><state>OR
</state><postalCode>97006
</postalCode><streetAddressLine>2472 Rocky Place
</streetAddressLine><country>US
</country></addr>


</providerOrganization>
</patientRole>
</recordTarget>

<author>
<time value='20171109181658+0000'></time>
<assignedAuthor>
<id extension='111111' root='2.16.840.1.113883.4.6'></id>
<code nullFlavor='UNK' />
<addr use='WP'>
<city>Beaverton
</city><state>OR
</state><postalCode>97006
</postalCode><streetAddressLine>2472 Rocky Place
</streetAddressLine><country>US
</country></addr>

<telecom use='WP' value='tel:+1(555)555-1002'></telecom>

<assignedPerson>
<name use='L'>Neighborhood Physicians Practice, Beaverton</name>
</assignedPerson>
</assignedAuthor>
</author>

<custodian>
<assignedCustodian>
<representedCustodianOrganization>
<id extension='111111' root='2.16.840.1.113883.4.6' />
<name>Neighborhood Physicians Practice, Beaverton</name>
<telecom use='WP' value='tel:+1(555)555-1002'></telecom>

<addr use='WP'>
<city>Beaverton
</city><state>OR
</state><postalCode>97006
</postalCode><streetAddressLine>2472 Rocky Place
</streetAddressLine><country>US
</country></addr>


</representedCustodianOrganization>
</assignedCustodian>
</custodian>

<documentationOf typeCode='DOC'>
<serviceEvent classCode='PCPR'>
<effectiveTime>
<low value='20150721'></low>
<high value='20150721'></high>
</effectiveTime>

<performer typeCode='PRF'>
<templateId root='2.16.840.1.113883.10.20.6.2.1'></templateId>
<assignedEntity>
<id extension='100000000' root='2.16.840.1.113883.4.6' />
<code code='207QA0505X' codeSystem='2.16.840.1.113883.6.101' codeSystemName='Provider Codes' displayName='Adult Medicine' />
<addr use='WP'>
<city>Beaverton
</city><state>OR
</state><postalCode>97006
</postalCode><streetAddressLine>2472 Rocky Place
</streetAddressLine><country>US
</country></addr>

<telecom use='WP' value='tel:+1(555)555-1002'></telecom>

<assignedPerson>
<name>Albert Davis, M. D.</name>
</assignedPerson>
<representedOrganization>
<id extension='111111' root='2.16.840.1.113883.4.6' />
<name>Neighborhood Physicians Practice, Beaverton</name>
<telecom use='WP' value='tel:+1(555)555-1002'></telecom>

<addr use='WP'>
<city>Beaverton
</city><state>OR
</state><postalCode>97006
</postalCode><streetAddressLine>2472 Rocky Place
</streetAddressLine><country>US
</country></addr>


</representedOrganization>
</assignedEntity>
</performer>
<performer typeCode='PRF'>
<templateId root='2.16.840.1.113883.10.20.6.2.1'></templateId>
<assignedEntity>
<id nullFlavor='UNK' />
<code codeSystem='2.16.840.1.113883.6.101' codeSystemName='Provider Codes' nullFlavor='UNK' />
<addr use='WP'>
<city>Beaverton
</city><state>OR
</state><postalCode>97006
</postalCode><streetAddressLine>2472 Rocky Place
</streetAddressLine><country>US
</country></addr>

<telecom use='WP' value='tel:+1(555)555-1002'></telecom>

<assignedPerson>
<name>Tracy Davis</name>
</assignedPerson>
<representedOrganization>
<id extension='111111' root='2.16.840.1.113883.4.6' />
<name>Neighborhood Physicians Practice, Beaverton</name>
<telecom use='WP' value='tel:+1(555)555-1002'></telecom>

<addr use='WP'>
<city>Beaverton
</city><state>OR
</state><postalCode>97006
</postalCode><streetAddressLine>2472 Rocky Place
</streetAddressLine><country>US
</country></addr>


</representedOrganization>
</assignedEntity>
</performer>

</serviceEvent>
</documentationOf>

<component>
<structuredBody>
<component>
<section>
<templateId extension='2015-08-01' root='2.16.840.1.113883.10.20.22.2.6.1' />
<templateId root='2.16.840.1.113883.10.20.22.2.6.1' />
<code code='48765-2' codeSystem='2.16.840.1.113883.6.1' />
<title>ALLERGIES, ADVERSE REACTIONS, ALERTS</title>
<text>
NO ALLERGIES KNOWN
</text>
<entry typeCode='DRIV'>
<act classCode='ACT' moodCode='EVN'>
<templateId extension='2015-08-01' root='2.16.840.1.113883.10.20.22.4.30' />
<templateId root='2.16.840.1.113883.10.20.22.4.30' />
<!-- ** Allergy problem act ** -->
<id assigningAuthorityName='NavigatingCancer' extension='CCDA2' root='ca0d3db2-529c-4229-af63-986596a2cdee' />

<code code='48765-2' codeSystem='2.16.840.1.113883.6.1' codeSystemName='LOINC' displayName='Allergies, adverse reactions, alerts' />
<statusCode code='completed' />
<effectiveTime>
<high nullFlavor='NA' />
</effectiveTime>
<entryRelationship typeCode='SUBJ'>
<observation classCode='OBS' moodCode='EVN' negationInd='true'>
<templateId extension='2014-06-09' root='2.16.840.1.113883.10.20.22.4.7' />
<templateId root='2.16.840.1.113883.10.20.22.4.7' />
<id assigningAuthorityName='NavigatingCancer' extension='CCDA2' root='ca0d3db2-529c-4229-af63-986596a2cdee' />

<code code='ASSERTION' codeSystem='2.16.840.1.113883.5.4' />
<statusCode code='completed' />
<effectiveTime>
<low nullFlavor='NA' />
</effectiveTime>
<value nullFlavor='UNK' xsi:type='CD'></value>
<participant typeCode='CSM'>
<participantRole classCode='MANU'>
<playingEntity classCode='MMAT'>
<code nullFlavor='NA'></code>
</playingEntity>
</participantRole>
</participant>
</observation>
</entryRelationship>
</act>
</entry>
</section>
</component>

<component>
<section>
<templateId extension='2015-08-01' root='2.16.840.1.113883.10.20.22.2.2.1' />
<templateId root='2.16.840.1.113883.10.20.22.2.2.1' />
<code code='11369-6' codeSystem='2.16.840.1.113883.6.1' codeSystemName='LOINC' displayName='History of immunizations' />
<title>IMMUNIZATIONS</title>
<text>
<content ID='immunizations-section' />
NO IMMUNIZATIONS KNOWN
</text>
<entry typeCode='DRIV'>
<substanceAdministration classCode='SBADM' moodCode='EVN' negationInd='true'>
<templateId extension='2015-08-01' root='2.16.840.1.113883.10.20.22.4.52' />
<templateId root='2.16.840.1.113883.10.20.22.4.52' />
<id nullFlavor='UNK'></id>
<statusCode code='completed' />
<effectiveTime nullFlavor='UNK' xsi:type='SXCM_TS' />
<effectiveTime nullFlavor='UNK'></effectiveTime>
<doseQuantity nullFlavor='UNK'></doseQuantity>
<consumable>
<manufacturedProduct classCode='MANU'>
<templateId extension='2014-06-09' root='2.16.840.1.113883.10.20.22.4.54'></templateId>
<templateId root='2.16.840.1.113883.10.20.22.4.54'></templateId>
<manufacturedMaterial>
<code nullFlavor='UNK'></code>
</manufacturedMaterial>
</manufacturedProduct>
</consumable>
</substanceAdministration>
</entry>
</section>
</component>

<!-- ************************************************************************* -->
<!-- ******************************* MEDICATIONS ***************************** -->
<!-- ************************************************************************* -->
<component>
<section>
<templateId extension='2014-06-09' root='2.16.840.1.113883.10.20.22.2.1.1' />
<templateId root='2.16.840.1.113883.10.20.22.2.1.1' />
<code code='10160-0' codeSystem='2.16.840.1.113883.6.1' codeSystemName='LOINC' displayName='HISTORY OF MEDICATION USE' />
<title>MEDICATIONS</title>
<text>No known Medications</text>
<entry typeCode='DRIV'>
<substanceAdministration classCode='SBADM' moodCode='EVN' negationInd='true'>
<templateId extension='2014-06-09' root='2.16.840.1.113883.10.20.22.4.16' />
<templateId root='2.16.840.1.113883.10.20.22.4.16' />
<id assigningAuthorityName='NavigatingCancer' extension='CCDA2' root='ca0d3db2-529c-4229-af63-986596a2cdee' />

<code nullFlavor='UNK'></code>
<statusCode code='completed' />
<effectiveTime nullFlavor='UNK'></effectiveTime>
<doseQuantity nullFlavor='UNK'></doseQuantity>
<consumable>
<manufacturedProduct classCode='MANU'>
<templateId extension='2014-06-09' root='2.16.840.1.113883.10.20.22.4.23' />
<templateId root='2.16.840.1.113883.10.20.22.4.23' />
<manufacturedMaterial>
<code nullFlavor='UNK'><translation nullFlavor='UNK'></translation></code>
</manufacturedMaterial>
</manufacturedProduct>
</consumable>
</substanceAdministration>
</entry>
</section>
</component>

<component>
<section nullFlavor='NI'>
<templateId root='2.16.840.1.113883.10.20.22.2.60' />
<code code='61146-7' codeSystem='2.16.840.1.113883.6.1' codeSystemName='LOINC' />
<title>GOALS</title>
<text>
Patient has no history of goals
</text>
</section>
</component>

<component>
<section>
<templateId root='2.16.840.1.113883.10.20.22.2.8' />
<code code='51848-0' codeSystem='2.16.840.1.113883.6.1' codeSystemName='LOINC' displayName='Assessments' />
<title>Assessments</title>
<text>
<table>
<thead>
<tr>
<th>Description</th>
<th>Status</th>
<th>Date</th>
</tr>
</thead>
<tbody>
<tr>
<td ID='assessment-2'>i. The patient was found to be healthy and advised to follow his current routine of exercise, work, sleep and quality of life.</td>
<td></td>
<td>07/22/2015</td>
</tr>
</tbody>
</table>
</text>
</section>
</component>

<component>
<section>
<!-- Plan of Treatment Section (V2) -->
<templateId root='2.16.840.1.113883.10.20.22.2.10' />
<templateId extension='2014-06-09' root='2.16.840.1.113883.10.20.22.2.10' />
<code code='18776-5' codeSystem='2.16.840.1.113883.6.1' codeSystemName='LOINC' displayName='Treatment plan' />
<title>Plan of Treatment</title>
<text>
<table border='1' width='100%'>
<thead>
<tr>
<th>Planned Activity</th>
<th>Planned Date</th>
</tr>
</thead>
<tbody>
<tr>
<td>i. Schedule a visit for next year.</td>
<td>07/22/2015</td>
</tr>
</tbody>
</table>
</text>
</section>
</component>

<component>
<section>
<templateId root='1.3.6.1.4.1.19376.1.5.3.1.3.1' />
<templateId extension='2014-06-09' root='1.3.6.1.4.1.19376.1.5.3.1.3.1' />
<code code='42349-1' codeSystem='2.16.840.1.113883.6.1' codeSystemName='LOINC' displayName='Reason for Referral' />
<title>REASON FOR REFERRAL</title>
<text>NO REFERRAL REASONS KNOWN</text>
</section>
</component>

<component>
<section>
<templateId root='2.16.840.1.113883.10.20.22.2.5.1' />
<templateId extension='2015-08-01' root='2.16.840.1.113883.10.20.22.2.5.1' />
<code code='11450-4' codeSystem='2.16.840.1.113883.6.1' codeSystemName='LOINC' displayName='PROBLEM LIST' />
<title>PROBLEMS</title>
<text>
<content ID='problems'>NO PROBLEMS KNOWN</content>
</text>
<entry typeCode='DRIV'>
<act classCode='ACT' moodCode='EVN'>
<!-- Problem act template -->
<templateId root='2.16.840.1.113883.10.20.22.4.3' />
<templateId extension='2015-08-01' root='2.16.840.1.113883.10.20.22.4.3' />
<id assigningAuthorityName='NavigatingCancer' extension='CCDA2' root='ca0d3db2-529c-4229-af63-986596a2cdee' />

<code code='CONC' codeSystem='2.16.840.1.113883.5.6' displayName='Concern' />
<statusCode code='active' />
<effectiveTime>
<low value='20171109'></low>
</effectiveTime>

<entryRelationship typeCode='SUBJ'>
<observation classCode='OBS' moodCode='EVN' negationInd='true'>
<!-- Problem observation template -->
<templateId root='2.16.840.1.113883.10.20.22.4.4' />
<templateId extension='2015-08-01' root='2.16.840.1.113883.10.20.22.4.4' />
<id assigningAuthorityName='NavigatingCancer' nullFlavor='UNK' root='ca0d3db2-529c-4229-af63-986596a2cdee' />

<code codeSystem='2.16.840.1.113883.6.96' nullFlavor='UNK' />
<statusCode code='completed' />
<effectiveTime>
<low value='20171109'></low>
</effectiveTime>

<value code='55607006' codeSystem='2.16.840.1.113883.6.96' codeSystemName='SNOMED CT' displayName='Problem' xsi:type='CD' />
</observation>
</entryRelationship>
</act>
</entry>
</section>
</component>

<component>
<section>
<templateId root='2.16.840.1.113883.10.20.22.2.58' />
<templateId extension='2015-08-01' root='2.16.840.1.113883.10.20.22.2.58' />
<code code='75310-3' codeSystem='2.16.840.1.113883.6.1' codeSystemName='LOINC' displayName='Health Concerns Document' />
<title>HEALTH CONCERNS</title>
<text ID='HealthConcern_1'>No Known Health Concerns</text>
<entry typeCode='COMP'>
<act classCode='ACT' moodCode='EVN' negationInd='true'>
<templateId root='2.16.840.1.113883.10.20.22.4.132' />
<templateId extension='2015-08-01' root='2.16.840.1.113883.10.20.22.4.132' />
<id root='623edb5b-f620-465b-bfa2-ee89edabccdd' />
<code code='75310-3' codeSystem='2.16.840.1.113883.6.1' codeSystemName='LOINC' displayName='Health Concern' />
<text>
<reference value='HealthConcern_1'></reference>
</text>
<statusCode code='active' />
<effectiveTime value='20171109'></effectiveTime>
</act>
</entry>
</section>
</component>

<component>
<section>
<templateId extension='2015-08-01' root='2.16.840.1.113883.10.20.22.2.22' />
<templateId root='2.16.840.1.113883.10.20.22.2.22' />
<code code='46240-8' codeSystem='2.16.840.1.113883.6.1' codeSystemName='LOINC' displayName='History of encounters' />
<title>Encounters</title>
<text />
<entry typeCode='DRIV'>
<encounter classCode='ENC' moodCode='EVN'>
<templateId extension='2015-08-01' root='2.16.840.1.113883.10.20.22.4.49' />
<templateId root='2.16.840.1.113883.10.20.22.4.49' />
<id root='bdd256de-c4ef-11e7-a17e-0242ac120004' />
<code code='99201' codeSystem='2.16.840.1.113883.6.12' codeSystemName='CPT4' displayName='Office or other outpatient visit (problem focused)' />
<effectiveTime value='20171108' />
<entryRelationship typeCode='SUBJ'>
<act classCode='ACT' moodCode='EVN'>
<templateId extension='2015-08-01' root='2.16.840.1.113883.10.20.22.4.80' />
<templateId root='2.16.840.1.113883.10.20.22.4.80' />
<code code='29308-4' codeSystem='2.16.840.1.113883.6.1' codeSystemName='LOINC' displayName='DIAGNOSIS' />
<entryRelationship typeCode='SUBJ'>
<observation classCode='OBS' moodCode='EVN'>
<templateId extension='2015-08-01' root='2.16.840.1.113883.10.20.22.4.4' />
<templateId root='2.16.840.1.113883.10.20.22.4.4' />
<id assigningAuthorityName='NavigatingCancer' root='abcd123' />
<code code='282291009' codeSystem='2.16.840.1.113883.6.96' codeSystemName='SNOMED CT' displayName='Diagnosis'><translation code='29308-4' codeSystem='2.16.840.1.113883.6.1' codeSystemName='LOINC' displayName='DIAGNOSIS' /></code>
<statusCode code='completed' />
<effectiveTime>
<low value='20150721' />
</effectiveTime>
<value code='102513008' codeSystem='2.16.840.1.113883.6.96' codeSystemName='SNOMED CT' displayName='Well Male Adult' xsi:type='CD' />
</observation>
</entryRelationship>
</act>
</entryRelationship>
</encounter>
</entry>

</section>
</component>

<component>
<section>
<templateId root='2.16.840.1.113883.10.20.22.2.7.1' />
<templateId extension='2014-06-09' root='2.16.840.1.113883.10.20.22.2.7.1' />
<code code='47519-4' codeSystem='2.16.840.1.113883.6.1' codeSystemName='LOINC' displayName='HISTORY OF PROCEDURES' />
<title>PROCEDURES</title>
<text>
NO PROCEDURES KNOWN
</text>
<entry typeCode='DRIV'>
<procedure classCode='PROC' moodCode='EVN'>
<templateId root='2.16.840.1.113883.10.20.22.4.14' />
<templateId extension='2014-06-09' root='2.16.840.1.113883.10.20.22.4.14' />
<id assigningAuthorityName='NavigatingCancer' extension='CCDA2' root='ca0d3db2-529c-4229-af63-986596a2cdee' />

<code nullFlavor='UNK'></code>
<statusCode code='completed'></statusCode>
<effectiveTime nullFlavor='UNK'></effectiveTime>
</procedure>
</entry>
</section>
</component>

<component>
<section>
<templateId root='2.16.840.1.113883.10.20.22.2.23' />
<templateId extension='2014-06-09' root='2.16.840.1.113883.10.20.22.2.23' />
<code code='46264-8' codeSystem='2.16.840.1.113883.6.1' codeSystemName='LOINC' displayName='Medical Equipment' />
<title>Implants</title>
<text>
Patient has no history of implantable devices
</text>
</section>
</component>

<component>
<section nullFlavor='NI'>
<templateId extension='2015-08-01' root='2.16.840.1.113883.10.20.22.2.3.1' />
<templateId root='2.16.840.1.113883.10.20.22.2.3.1' />
<code code='30954-2' codeSystem='2.16.840.1.113883.6.1' codeSystemName='LOINC' displayName='Results' />
<title>Lab Results</title>
<text>
NO RESULTS
</text>
<entry typeCode='DRIV'>
<organizer classCode='BATTERY' moodCode='EVN'>
<!-- Result organizer template -->
<templateId extension='2015-08-01' root='2.16.840.1.113883.10.20.22.4.1' />
<templateId root='2.16.840.1.113883.10.20.22.4.1' />
<id assigningAuthorityName='NavigatingCancer' extension='CCDA2' root='ca0d3db2-529c-4229-af63-986596a2cdee' />

<code nullFlavor='UNK'></code>
<statusCode code='completed' />
<component>
<observation classCode='OBS' moodCode='EVN'>
<templateId extension='2015-08-01' root='2.16.840.1.113883.10.20.22.4.2' />
<templateId root='2.16.840.1.113883.10.20.22.4.2' />
<id assigningAuthorityName='NavigatingCancer' extension='CCDA2' root='ca0d3db2-529c-4229-af63-986596a2cdee' />

<code nullFlavor='UNK' />
<statusCode nullFlavor='UNK' />
<effectiveTime nullFlavor='UNK' />
<value nullFlavor='UNK' xsi:type='CD'></value>
</observation>
</component>
</organizer>
</entry>
</section>
</component>

<component>
<!-- ******** Social History ******** -->
<section>
<templateId extension='2015-08-01' root='2.16.840.1.113883.10.20.22.2.17' />
<templateId root='2.16.840.1.113883.10.20.22.2.17' />
<code code='29762-2' codeSystem='2.16.840.1.113883.6.1' displayName='Social History' />
<title>SOCIAL HISTORY</title>
<text>
<table border='1' width='100%'>
<thead>
<tr>
<th>Social History Element</th>
<th>Description</th>
</tr>
</thead>
<tbody>
<tr>
<td>
<content ID='soc23'>Smoking</content>
</td>
<td>Current every day smoker</td>
</tr>
</tbody>
</table>
</text>
<entry typeCode='DRIV'>
<observation classCode='OBS' moodCode='EVN'>
<templateId extension='2014-06-09' root='2.16.840.1.113883.10.20.22.4.78' />
<templateId root='2.16.840.1.113883.10.20.22.4.78' />
<id assigningAuthorityName='NavigatingCancer' extension='PatientInformation23' root='ca0d3db2-529c-4229-af63-986596a2cdee' />

<code code='72166-2' codeSystem='2.16.840.1.113883.6.1' />
<statusCode code='completed' />
<effectiveTime value='20150722030000-0700' />
<value code='449868002' codeSystem='2.16.840.1.113883.6.96' codeSystemName='SNOMED CT' displayName='Current every day smoker' xsi:type='CD' />
</observation>
</entry>
<entry typeCode='DRIV'>
<observation classCode='OBS' moodCode='EVN'>
<!-- New templateId for Birth Sex -->
<templateId extension='2016-06-01' root='2.16.840.1.113883.10.20.22.4.200' />
<code code='76689-9' codeSystem='2.16.840.1.113883.6.1' codeSystemName='LOINC' displayName='Sex Assigned At Birth' />
<statusCode code='completed' />
<value code='M' codeSystem='2.16.840.1.113883.5.1' codeSystemName='AdministrativeGender' displayName='Male' xsi:type='CD' />
</observation>
</entry>
</section>
</component>

<component>
<section>
<templateId extension='2015-08-01' root='2.16.840.1.113883.10.20.22.2.4.1' />
<templateId root='2.16.840.1.113883.10.20.22.2.4.1' />
<code code='8716-3' codeSystem='2.16.840.1.113883.6.1' codeSystemName='LOINC' displayName='VITAL SIGNS' />
<title>VITAL SIGNS</title>
<text>
<table border='1' width='100%'>
<thead>
<tr>
<th align='right'>Date / Time:</th>
<th>2015-07-22</th>
</tr>
</thead>
<tbody>
<tr>
<th align='left'>systolic</th>
<td>
<content ID='result223'>145 mm[Hg]</content>
</td>
</tr>
<tr>
<th align='left'>Height</th>
<td>
<content ID='result220'>177 cm</content>
</td>
</tr>
<tr>
<th align='left'>Weight</th>
<td>
<content ID='result221'>88 kg</content>
</td>
</tr>
<tr>
<th align='left'>diastolic</th>
<td>
<content ID='result222'>88 mm[Hg]</content>
</td>
</tr>
</tbody>
</table>
</text>
<entry typeCode='DRIV'>
<organizer classCode='CLUSTER' moodCode='EVN'>
<!-- Result organizer template -->
<templateId extension='2015-08-01' root='2.16.840.1.113883.10.20.22.4.26' />
<templateId root='2.16.840.1.113883.10.20.22.4.26' />
<id assigningAuthorityName='NavigatingCancer' extension='TestGroupComparator39-2015-07-22-Vital Signs' root='ca0d3db2-529c-4229-af63-986596a2cdee' />

<code code='46680005' codeSystem='2.16.840.1.113883.6.96' codeSystemName='SNOMED CT' displayName='Vital Signs'><translation code='74728-7' codeSystem='2.16.840.1.113883.6.1' codeSystemName='LOINC' displayName='Vital Signs' /></code>
<statusCode code='completed' />
<effectiveTime>
<low value='20150722' />
<high value='20150722' />
</effectiveTime>
<component>
<observation classCode='OBS' moodCode='EVN'>
<!-- Result observation template -->
<templateId extension='2014-06-09' root='2.16.840.1.113883.10.20.22.4.27' />
<templateId root='2.16.840.1.113883.10.20.22.4.27' />
<id assigningAuthorityName='NavigatingCancer' extension='TestResult223' root='ca0d3db2-529c-4229-af63-986596a2cdee' />

<code code='8480-6' codeSystem='2.16.840.1.113883.6.1' codeSystemName='LOINC' displayName='systolic' xsi:type='CE'></code>
<statusCode code='completed' />
<effectiveTime value='20150722' />
<value unit='mm[Hg]' value='145' xsi:type='PQ' />
</observation>
</component>
<component>
<observation classCode='OBS' moodCode='EVN'>
<!-- Result observation template -->
<templateId extension='2014-06-09' root='2.16.840.1.113883.10.20.22.4.27' />
<templateId root='2.16.840.1.113883.10.20.22.4.27' />
<id assigningAuthorityName='NavigatingCancer' extension='TestResult220' root='ca0d3db2-529c-4229-af63-986596a2cdee' />

<code code='8302-2' codeSystem='2.16.840.1.113883.6.1' codeSystemName='LOINC' displayName='Height' xsi:type='CE'></code>
<statusCode code='completed' />
<effectiveTime value='20150722' />
<value unit='cm' value='177' xsi:type='PQ' />
</observation>
</component>
<component>
<observation classCode='OBS' moodCode='EVN'>
<!-- Result observation template -->
<templateId extension='2014-06-09' root='2.16.840.1.113883.10.20.22.4.27' />
<templateId root='2.16.840.1.113883.10.20.22.4.27' />
<id assigningAuthorityName='NavigatingCancer' extension='TestResult221' root='ca0d3db2-529c-4229-af63-986596a2cdee' />

<code code='29463-7' codeSystem='2.16.840.1.113883.6.1' codeSystemName='LOINC' displayName='Weight' xsi:type='CE'></code>
<statusCode code='completed' />
<effectiveTime value='20150722' />
<value unit='kg' value='88' xsi:type='PQ' />
</observation>
</component>
<component>
<observation classCode='OBS' moodCode='EVN'>
<!-- Result observation template -->
<templateId extension='2014-06-09' root='2.16.840.1.113883.10.20.22.4.27' />
<templateId root='2.16.840.1.113883.10.20.22.4.27' />
<id assigningAuthorityName='NavigatingCancer' extension='TestResult222' root='ca0d3db2-529c-4229-af63-986596a2cdee' />

<code code='8462-4' codeSystem='2.16.840.1.113883.6.1' codeSystemName='LOINC' displayName='diastolic' xsi:type='CE'></code>
<statusCode code='completed' />
<effectiveTime value='20150722' />
<value unit='mm[Hg]' value='88' xsi:type='PQ' />
</observation>
</component>
</organizer>
</entry>

</section>
</component>

</structuredBody>
</component>
</ClinicalDocument>
