﻿<?xml version="1.0" encoding="UTF-8"?>
<ClinicalDocument xmlns="urn:hl7-org:v3">
  <realmCode code="US" />
  <typeId root="2.16.840.1.113883.1.3" extension="POCD_HD000040" />
  <templateId root="2.16.840.1.113883.10.20.22.1.1" />
  <templateId root="2.16.840.1.113883.10.20.22.1.1" extension="2015-08-01" />
  <templateId root="2.16.840.1.113883.10.20.22.1.2" />
  <templateId root="2.16.840.1.113883.10.20.22.1.2" extension="2015-08-01" />
  <id root="6f614146-3bec-11e7-97a3-005056a3be8c" />
  <code code="34133-9" codeSystem="2.16.840.1.113883.6.1" codeSystemName="LN" displayName="Summarization of Episode Note" />
  <title>Patient Summary Document</title>
  <effectiveTime value="20170518130712-0400" />
  <confidentialityCode nullFlavor="NI" />
  <languageCode code="en-US" />
  <recordTarget>
    <patientRole>
      <id root="1.3.6.1.4.1.21367.2010.1.2.300" extension="100000002" assigningAuthorityName="Home Community" />
      <addr use="HP">
        <streetAddressLine>1357, Amber Dr</streetAddressLine>
        <city>Beaverton</city>
        <state>OR</state>
        <postalCode>97006</postalCode>
        <country>US</country>
        <useablePeriod xmlns:xsi="http://www.w3.org/2001/XMLSchema-instance" xsi:type="IVL_TS">
          <low value="20000201000000" />
          <high nullFlavor="UNK" />
        </useablePeriod>
      </addr>
      <telecom use="HP" value="tel:555-723-1544" />
      <telecom use="MC" value="tel:555-777-1234" />
      <patient>
        <name use="L">
          <family>Wright</family>
          <given>John</given>
          <given>R</given>
          <suffix>Jr</suffix>
        </name>
        <administrativeGenderCode code="M" codeSystem="2.16.840.1.113883.5.1" codeSystemName="AdministrativeGender" displayName="Male" />
        <birthTime value="19800801" />
        <raceCode nullFlavor="UNK" />
        <ethnicGroupCode nullFlavor="UNK" />
        <languageCommunication>
          <languageCode code="en" />
          <preferenceInd value="true" />
        </languageCommunication>
      </patient>
    </patientRole>
  </recordTarget>
  <author typeCode="AUT">
    <templateId root="2.16.840.1.113883.10.20.22.4.119" />
    <time value="20170518130712-0400" />
    <assignedAuthor classCode="ASSIGNED">
      <id root="2.16.840.1.113883.3.86.3" />
      <addr use="WP">
        <streetAddressLine>One Memorial Drive</streetAddressLine>
        <city>Cambridge</city>
        <state>MA</state>
        <postalCode>02142</postalCode>
        <country>US</country>
      </addr>
      <telecom use="WP" value="tel:(617) 621-0600" />
      <assignedAuthoringDevice>
        <manufacturerModelName>InterSystems</manufacturerModelName>
        <softwareName>InterSystems HealthShare</softwareName>
      </assignedAuthoringDevice>
      <representedOrganization>
        <id root="1.3.6.1.4.1.21367.2010.1.2.300" />
        <id root="1.3.6.1.4.1.21367.2010.1.2.300" extension="HomeCommunity" displayable="true" />
        <name>Home Community</name>
        <telecom use="WP" value="tel:(617) 621-0600" />
        <addr use="WP">
          <streetAddressLine>One Memorial Drive</streetAddressLine>
          <city>Cambridge</city>
          <state>MA</state>
          <postalCode>02142</postalCode>
          <country>US</country>
        </addr>
      </representedOrganization>
    </assignedAuthor>
  </author>
  <custodian>
    <assignedCustodian>
      <representedCustodianOrganization>
        <id root="1.3.6.1.4.1.21367.2010.1.2.300" />
        <name>Home Community</name>
        <telecom use="WP" value="tel:(617) 621-0600" />
        <addr use="WP">
          <streetAddressLine>One Memorial Drive</streetAddressLine>
          <city>Cambridge</city>
          <state>MA</state>
          <postalCode>02142</postalCode>
          <country>US</country>
        </addr>
      </representedCustodianOrganization>
    </assignedCustodian>
  </custodian>
  <legalAuthenticator>
    <time value="20170518130712-0400" />
    <signatureCode code="S" />
    <assignedEntity>
      <id nullFlavor="UNK" />
      <addr use="WP">
        <streetAddressLine>One Memorial Drive</streetAddressLine>
        <city>Cambridge</city>
        <state>MA</state>
        <postalCode>02142</postalCode>
        <country>US</country>
      </addr>
      <telecom use="WP" value="tel:(617) 621-0600" />
      <assignedPerson>
        <name use="L">
          <family>InterSystems</family>
          <given>HealthShare</given>
        </name>
      </assignedPerson>
      <representedOrganization>
        <id nullFlavor="UNK" />
        <name nullFlavor="UNK" />
        <telecom nullFlavor="UNK" />
        <addr nullFlavor="UNK" />
      </representedOrganization>
    </assignedEntity>
  </legalAuthenticator>
  <documentationOf>
    <serviceEvent classCode="PCPR">
      <templateId root="2.16.840.1.113883.10.20.21.3.1" />
      <templateId root="2.16.840.1.113883.10.20.21.3.1" extension="2015-08-01" />
      <effectiveTime>
        <low value="20150722180000" />
        <high value="20150722230000" />
      </effectiveTime>
      <performer typeCode="PRF">
        <functionCode code="ATTPHYS" codeSystem="2.16.840.1.113883.5.88" codeSystemName="ParticipationFunction" displayName="Attending Clinician" />
        <time>
          <low value="20150722180000" />
          <high value="20150722230000" />
        </time>
        <assignedEntity classCode="ASSIGNED">
          <id root="2.16.840.1.113883.3.86.3.1" extension="Seven" />
          <addr use="WP">
            <streetAddressLine>1002 Healthcare Dr</streetAddressLine>
            <city>PORTLAND</city>
            <state>OR</state>
            <postalCode>97266</postalCode>
            <country>US</country>
          </addr>
          <telecom nullFlavor="UNK" />
          <assignedPerson>
            <name use="L">
              <family>Seven</family>
              <given>Henry</given>
              <prefix>Dr</prefix>
              <suffix>MD</suffix>
            </name>
          </assignedPerson>
        </assignedEntity>
      </performer>
    </serviceEvent>
  </documentationOf>
  <component>
    <structuredBody>
      <component>
        <section>
          <templateId root="2.16.840.1.113883.10.20.22.2.6.1" />
          <templateId root="2.16.840.1.113883.10.20.22.2.6.1" extension="2015-08-01" />
          <code code="48765-2" displayName="Allergies, Adverse Reactions, Alerts" codeSystem="2.16.840.1.113883.6.1" codeSystemName="LN" />
          <title>Allergies, Adverse Reactions, Alerts</title>
          <text>This patient has no known allergies or adverse reactions.</text>
          <entry typeCode="DRIV">
            <act classCode="ACT" moodCode="EVN">
              <templateId root="2.16.840.1.113883.10.20.22.4.30" />
              <templateId root="2.16.840.1.113883.10.20.22.4.30" extension="2015-08-01" />
              <id nullFlavor="UNK" />
              <code code="CONC" displayName="Concern" codeSystem="2.16.840.1.113883.5.6" codeSystemName="ActClass" />
              <statusCode code="active" />
              <effectiveTime>
                <low nullFlavor="NA" />
              </effectiveTime>
              <entryRelationship typeCode="SUBJ" inversionInd="false">
                <observation classCode="OBS" moodCode="EVN" negationInd="true">
                  <templateId root="2.16.840.1.113883.10.20.22.4.7" />
                  <templateId root="2.16.840.1.113883.10.20.22.4.7" extension="2014-06-09" />
                  <id nullFlavor="NI" />
                  <code code="ASSERTION" codeSystem="2.16.840.1.113883.5.4" codeSystemName="ActCode" />
                  <statusCode code="completed" />
                  <effectiveTime>
                    <low nullFlavor="NA" />
                  </effectiveTime>
                  <value xmlns:xsi="http://www.w3.org/2001/XMLSchema-instance" xsi:type="CD" code="419199007" displayName="Allergy to substance (disorder)" codeSystem="2.16.840.1.113883.6.96" codeSystemName="SNOMED CT" />
                  <participant typeCode="CSM">
                    <participantRole classCode="MANU">
                      <playingEntity classCode="MMAT">
                        <code nullFlavor="NA" />
                      </playingEntity>
                    </participantRole>
                  </participant>
                </observation>
              </entryRelationship>
            </act>
          </entry>
        </section>
      </component>
      <component>
        <section nullFlavor="NI">
          <templateId root="2.16.840.1.113883.10.20.22.2.1.1" />
          <templateId root="2.16.840.1.113883.10.20.22.2.1.1" extension="2014-06-09" />
          <code code="10160-0" displayName="History of Medication Use" codeSystem="2.16.840.1.113883.6.1" codeSystemName="LN" />
          <title>Medications</title>
          <text>This patient has no known medications.</text>
        </section>
      </component>
      <component>
        <section>
          <templateId root="2.16.840.1.113883.10.20.22.2.5.1" />
          <templateId root="2.16.840.1.113883.10.20.22.2.5.1" extension="2015-08-01" />
          <code code="11450-4" codeSystem="2.16.840.1.113883.6.1" codeSystemName="LN" displayName="Problem list" />
          <title>Problems</title>
          <text>This patient has no known problems.</text>
          <entry typeCode="DRIV">
            <act classCode="ACT" moodCode="EVN">
              <templateId root="2.16.840.1.113883.10.20.22.4.3" />
              <templateId root="2.16.840.1.113883.10.20.22.4.3" extension="2015-08-01" />
              <id nullFlavor="UNK" />
              <code code="CONC" codeSystem="2.16.840.1.113883.5.6" codeSystemName="ActClass" displayName="Concern" />
              <statusCode code="completed" />
              <effectiveTime>
                <low nullFlavor="UNK" />
                <high nullFlavor="UNK" />
              </effectiveTime>
              <entryRelationship typeCode="SUBJ">
                <observation classCode="OBS" moodCode="EVN" negationInd="true">
                  <templateId root="2.16.840.1.113883.10.20.22.4.4" />
                  <templateId root="2.16.840.1.113883.10.20.22.4.4" extension="2015-08-01" />
                  <id nullFlavor="NI" />
                  <code code="55607006" displayName="Problem" codeSystemName="SNOMED-CT" codeSystem="2.16.840.1.113883.6.96">
                    <translation code="75326-9" codeSystem="2.16.840.1.113883.6.1" codeSystemName="LOINC" displayName="Problem" />
                  </code>
                  <statusCode code="completed" />
                  <effectiveTime>
                    <low nullFlavor="NA" />
                  </effectiveTime>
                  <value xmlns:xsi="http://www.w3.org/2001/XMLSchema-instance" xsi:type="CD" code="55607006" displayName="Problem" codeSystem="2.16.840.1.113883.6.96" codeSystemName="SNOMED CT">
                    <originalText />
                  </value>
                </observation>
              </entryRelationship>
            </act>
          </entry>
        </section>
      </component>
      <component>
        <section>
          <templateId root="2.16.840.1.113883.10.20.22.2.7.1" />
          <templateId root="2.16.840.1.113883.10.20.22.2.7.1" extension="2014-06-09" />
          <code code="47519-4" displayName="History of Procedures" codeSystem="2.16.840.1.113883.6.1" codeSystemName="LN" />
          <title>Procedures</title>
          <text>
            <table border="1" width="100%">
              <thead>
                <tr>
                  <th>Procedure</th>
                  <th>Date / Time Performed</th>
                  <th>Performing Clinician</th>
                  <th>Device</th>
                </tr>
              </thead>
              <tbody>
                <tr ID="procedureNarrative-1">
                  <td ID="procedureDescription-1">Application of Dressing for burn</td>
                  <td />
                  <td />
                  <td />
                </tr>
              </tbody>
            </table>
          </text>
          <entry typeCode="DRIV">
            <procedure classCode="PROC" moodCode="EVN">
              <templateId root="2.16.840.1.113883.10.20.22.4.14" />
              <templateId root="2.16.840.1.113883.10.20.22.4.14" extension="2014-06-09" />
              <id nullFlavor="UNK" />
              <code code="90660004" codeSystem="2.16.840.1.113883.6.96" codeSystemName="SCT" displayName="Application of Dressing for burn">
                <originalText>
                  <reference value="#procedureDescription-1" />
                </originalText>
              </code>
              <statusCode code="completed" />
              <effectiveTime nullFlavor="UNK" />
              <informant>
                <assignedEntity>
                  <id root="2.16.840.1.113883.3.86.3.1" extension="CHH" />
                  <addr use="WP">
                    <streetAddressLine>1002 Healthcare Dr</streetAddressLine>
                    <city>Portland</city>
                    <state>OR</state>
                    <postalCode>97266</postalCode>
                    <country nullFlavor="UNK" />
                  </addr>
                  <telecom nullFlavor="UNK" />
                  <assignedPerson>
                    <name nullFlavor="UNK" />
                  </assignedPerson>
                  <representedOrganization>
                    <id root="2.16.840.1.846999.77.0" />
                    <id root="1.3.6.1.4.1.21367.2010.1.2.300" extension="CHH" displayable="true" />
                    <name>Community Health and Hospitals</name>
                    <telecom nullFlavor="UNK" />
                    <addr use="WP">
                      <streetAddressLine>1002 Healthcare Dr</streetAddressLine>
                      <city>Portland</city>
                      <state>OR</state>
                      <postalCode>97266</postalCode>
                      <country nullFlavor="UNK" />
                    </addr>
                    <asOrganizationPartOf>
                      <effectiveTime nullFlavor="UNK" />
                      <wholeOrganization>
                        <id root="1.3.6.1.4.1.21367.2010.1.2.300" />
                        <id root="1.3.6.1.4.1.21367.2010.1.2.300" extension="HomeCommunity" displayable="true" />
                        <name>Home Community</name>
                        <telecom use="WP" value="tel:(617) 621-0600" />
                        <addr use="WP">
                          <streetAddressLine>One Memorial Drive</streetAddressLine>
                          <city>Cambridge</city>
                          <state>MA</state>
                          <postalCode>02142</postalCode>
                          <country>US</country>
                        </addr>
                      </wholeOrganization>
                    </asOrganizationPartOf>
                  </representedOrganization>
                </assignedEntity>
              </informant>
            </procedure>
          </entry>
        </section>
      </component>
      <component>
        <section nullFlavor="NI">
          <templateId root="2.16.840.1.113883.10.20.22.2.3.1" />
          <templateId root="2.16.840.1.113883.10.20.22.2.3.1" extension="2015-08-01" />
          <code code="30954-2" displayName="Relevant diagnostic tests and/or laboratory data" codeSystem="2.16.840.1.113883.6.1" codeSystemName="LN" />
          <title>Results</title>
          <text>This patient has no known results.</text>
        </section>
      </component>
      <component>
        <section>
          <templateId root="2.16.840.1.113883.10.20.22.2.8" />
          <templateId root="2.16.840.1.113883.10.20.22.2.8" extension="2015-08-01" />
          <code code="51848-0" codeSystem="2.16.840.1.113883.6.1" codeSystemName="LN" displayName="Assessments" />
          <title>Assessments</title>
          <text>
            <paragraph>The patient Mr John Wright was found to have first degree burns and Dr Seven and his staff treated Mr Wrightby cleaning the burn and dressing the burn and observed for couple of hours before discharging Mr Wright.</paragraph>
            <table border="1" width="100%">
              <thead>
                <tr>
                  <th>Condition Name</th>
                  <th>Status</th>
                  <th>Diagnosis Date</th>
                  <th>Treating Clinician</th>
                </tr>
              </thead>
              <tbody>
                <tr ID="assessmentNarrative-1">
                  <td ID="assessmentDescription-1">First degree burn of multiple sites of wrist or hand</td>
                  <td ID="assessmentStatus-1">Active</td>
                  <td>2015-07-22 17:15:13</td>
                  <td />
                </tr>
                <tr ID="assessmentNarrative-2">
                  <td ID="assessmentDescription-2">Burn of first degree of wrist and hand</td>
                  <td ID="assessmentStatus-2">Active</td>
                  <td />
                  <td />
                </tr>
              </tbody>
            </table>
          </text>
          <entry typeCode="DRIV">
            <act classCode="ACT" moodCode="EVN">
              <templateId root="2.16.840.1.113883.10.20.22.4.33" />
              <templateId root="2.16.840.1.113883.10.20.22.4.33" extension="2014-06-09" />
              <id nullFlavor="UNK" />
              <code code="11535-2" codeSystem="2.16.840.1.113883.6.1" codeSystemName="LN" displayName="Hospital Discharge Diagnosis" />
              <statusCode code="active" />
              <effectiveTime>
                <low value="20150722171513" />
              </effectiveTime>
              <informant>
                <assignedEntity>
                  <id root="2.16.840.1.113883.3.86.3.1" extension="CHH" />
                  <addr use="WP">
                    <streetAddressLine>1002 Healthcare Dr</streetAddressLine>
                    <city>Portland</city>
                    <state>OR</state>
                    <postalCode>97266</postalCode>
                    <country nullFlavor="UNK" />
                  </addr>
                  <telecom nullFlavor="UNK" />
                  <assignedPerson>
                    <name nullFlavor="UNK" />
                  </assignedPerson>
                  <representedOrganization>
                    <id root="2.16.840.1.846999.77.0" />
                    <id root="1.3.6.1.4.1.21367.2010.1.2.300" extension="CHH" displayable="true" />
                    <name>Community Health and Hospitals</name>
                    <telecom nullFlavor="UNK" />
                    <addr use="WP">
                      <streetAddressLine>1002 Healthcare Dr</streetAddressLine>
                      <city>Portland</city>
                      <state>OR</state>
                      <postalCode>97266</postalCode>
                      <country nullFlavor="UNK" />
                    </addr>
                    <asOrganizationPartOf>
                      <effectiveTime nullFlavor="UNK" />
                      <wholeOrganization>
                        <id root="1.3.6.1.4.1.21367.2010.1.2.300" />
                        <id root="1.3.6.1.4.1.21367.2010.1.2.300" extension="HomeCommunity" displayable="true" />
                        <name>Home Community</name>
                        <telecom use="WP" value="tel:(617) 621-0600" />
                        <addr use="WP">
                          <streetAddressLine>One Memorial Drive</streetAddressLine>
                          <city>Cambridge</city>
                          <state>MA</state>
                          <postalCode>02142</postalCode>
                          <country>US</country>
                        </addr>
                      </wholeOrganization>
                    </asOrganizationPartOf>
                  </representedOrganization>
                </assignedEntity>
              </informant>
              <entryRelationship typeCode="SUBJ" inversionInd="false">
                <observation classCode="OBS" moodCode="EVN">
                  <templateId root="2.16.840.1.113883.10.20.22.4.4" />
                  <templateId root="2.16.840.1.113883.10.20.22.4.4" extension="2015-08-01" />
                  <id nullFlavor="NI" />
                  <code code="282291009" codeSystem="2.16.840.1.113883.6.96" codeSystemName="SCT" displayName="Diagnosis">
                    <translation code="29308-4" codeSystem="2.16.840.1.113883.6.1" codeSystemName="LN" displayName="Diagnosis" />
                  </code>
                  <text>
                    <reference value="#assessmentDescription-1" />
                  </text>
                  <statusCode code="completed" />
                  <effectiveTime>
                    <low value="20150722171513" />
                  </effectiveTime>
                  <value code="211896002" codeSystem="2.16.840.1.113883.6.96" codeSystemName="SCT" displayName="First degree burn of multiple sites of wrist or hand" xmlns:xsi="http://www.w3.org/2001/XMLSchema-instance" xsi:type="CD">
                    <originalText>
                      <reference value="#assessmentDescription-1" />
                    </originalText>
                  </value>
                  <entryRelationship typeCode="REFR" inversionInd="false">
                    <observation classCode="OBS" moodCode="EVN">
                      <templateId root="2.16.840.1.113883.10.20.22.4.6" />
                      <templateId root="2.16.840.1.113883.10.20.22.4.6" extension="2014-06-09" />
                      <code code="33999-4" codeSystem="2.16.840.1.113883.6.1" codeSystemName="LN" displayName="Status" />
                      <text>
                        <reference value="#assessmentStatus-1" />
                      </text>
                      <statusCode code="completed" />
                      <value code="55561003" codeSystem="2.16.840.1.113883.6.96" codeSystemName="SCT" displayName="Active" xmlns:xsi="http://www.w3.org/2001/XMLSchema-instance" xsi:type="CD">
                        <translation code="A" codeSystem="2.16.840.1.113883.3.86.3.1" codeSystemName="ISC-NoCodeSystem" displayName="Active" />
                      </value>
                    </observation>
                  </entryRelationship>
                </observation>
              </entryRelationship>
            </act>
          </entry>
          <entry typeCode="DRIV">
            <act classCode="ACT" moodCode="EVN">
              <templateId root="2.16.840.1.113883.10.20.22.4.33" />
              <templateId root="2.16.840.1.113883.10.20.22.4.33" extension="2014-06-09" />
              <id nullFlavor="UNK" />
              <code code="11535-2" codeSystem="2.16.840.1.113883.6.1" codeSystemName="LN" displayName="Hospital Discharge Diagnosis" />
              <statusCode code="active" />
              <effectiveTime>
                <low nullFlavor="UNK" />
              </effectiveTime>
              <informant>
                <assignedEntity>
                  <id root="2.16.840.1.113883.3.86.3.1" extension="CHH" />
                  <addr use="WP">
                    <streetAddressLine>1002 Healthcare Dr</streetAddressLine>
                    <city>Portland</city>
                    <state>OR</state>
                    <postalCode>97266</postalCode>
                    <country nullFlavor="UNK" />
                  </addr>
                  <telecom nullFlavor="UNK" />
                  <assignedPerson>
                    <name nullFlavor="UNK" />
                  </assignedPerson>
                  <representedOrganization>
                    <id root="2.16.840.1.846999.77.0" />
                    <id root="1.3.6.1.4.1.21367.2010.1.2.300" extension="CHH" displayable="true" />
                    <name>Community Health and Hospitals</name>
                    <telecom nullFlavor="UNK" />
                    <addr use="WP">
                      <streetAddressLine>1002 Healthcare Dr</streetAddressLine>
                      <city>Portland</city>
                      <state>OR</state>
                      <postalCode>97266</postalCode>
                      <country nullFlavor="UNK" />
                    </addr>
                    <asOrganizationPartOf>
                      <effectiveTime nullFlavor="UNK" />
                      <wholeOrganization>
                        <id root="1.3.6.1.4.1.21367.2010.1.2.300" />
                        <id root="1.3.6.1.4.1.21367.2010.1.2.300" extension="HomeCommunity" displayable="true" />
                        <name>Home Community</name>
                        <telecom use="WP" value="tel:(617) 621-0600" />
                        <addr use="WP">
                          <streetAddressLine>One Memorial Drive</streetAddressLine>
                          <city>Cambridge</city>
                          <state>MA</state>
                          <postalCode>02142</postalCode>
                          <country>US</country>
                        </addr>
                      </wholeOrganization>
                    </asOrganizationPartOf>
                  </representedOrganization>
                </assignedEntity>
              </informant>
              <entryRelationship typeCode="SUBJ" inversionInd="false">
                <observation classCode="OBS" moodCode="EVN">
                  <templateId root="2.16.840.1.113883.10.20.22.4.4" />
                  <templateId root="2.16.840.1.113883.10.20.22.4.4" extension="2015-08-01" />
                  <id nullFlavor="NI" />
                  <code code="282291009" codeSystem="2.16.840.1.113883.6.96" codeSystemName="SCT" displayName="Diagnosis">
                    <translation code="29308-4" codeSystem="2.16.840.1.113883.6.1" codeSystemName="LN" displayName="Diagnosis" />
                  </code>
                  <text>
                    <reference value="#assessmentDescription-2" />
                  </text>
                  <statusCode code="completed" />
                  <effectiveTime>
                    <low nullFlavor="UNK" />
                  </effectiveTime>
                  <value code="T23.1" codeSystem="ICD-10" codeSystemName="ICD-10" displayName="Burn of first degree of wrist and hand" xmlns:xsi="http://www.w3.org/2001/XMLSchema-instance" xsi:type="CD">
                    <originalText>
                      <reference value="#assessmentDescription-2" />
                    </originalText>
                  </value>
                  <entryRelationship typeCode="REFR" inversionInd="false">
                    <observation classCode="OBS" moodCode="EVN">
                      <templateId root="2.16.840.1.113883.10.20.22.4.6" />
                      <templateId root="2.16.840.1.113883.10.20.22.4.6" extension="2014-06-09" />
                      <code code="33999-4" codeSystem="2.16.840.1.113883.6.1" codeSystemName="LN" displayName="Status" />
                      <text>
                        <reference value="#assessmentStatus-2" />
                      </text>
                      <statusCode code="completed" />
                      <value code="55561003" codeSystem="2.16.840.1.113883.6.96" codeSystemName="SCT" displayName="Active" xmlns:xsi="http://www.w3.org/2001/XMLSchema-instance" xsi:type="CD">
                        <translation code="A" codeSystem="2.16.840.1.113883.3.86.3.1" codeSystemName="ISC-NoCodeSystem" displayName="Active" />
                      </value>
                    </observation>
                  </entryRelationship>
                </observation>
              </entryRelationship>
            </act>
          </entry>
        </section>
      </component>
      <component>
        <section>
          <templateId root="2.16.840.1.113883.10.20.22.2.22" />
          <templateId root="2.16.840.1.113883.10.20.22.2.22" extension="2015-08-01" />
          <code code="46240-8" displayName="History of Encounters" codeSystem="2.16.840.1.113883.6.1" codeSystemName="LN" />
          <title>Encounters</title>
          <text>
            <table border="1" width="100%">
              <thead>
                <tr>
                  <th>Start Date/Time</th>
                  <th>End Date/Time</th>
                  <th>Encounter Type</th>
                  <th>Admission Type</th>
                  <th>Attending Clinicians</th>
                  <th>Care Facility</th>
                  <th>Care Department</th>
                  <th>Encounter ID</th>
                </tr>
              </thead>
              <tbody>
                <tr ID="encounterNarrative-1">
                  <td>2015-07-22 18:00:00</td>
                  <td>2015-07-22 23:00:00</td>
                  <td ID="encounterDescription-1">Inpatient</td>
                  <td ID="encounterAdmission-1" />
                  <td>Dr Henry Seven</td>
                  <td>Community Health and Hospitals, 1002 Healthcare Dr., Portland, OR 97266</td>
                  <td>Community Health and Hospitals</td>
                  <td>170314B2AMB</td>
                </tr>
              </tbody>
            </table>
          </text>
          <entry>
            <encounter classCode="ENC" moodCode="EVN">
              <templateId root="2.16.840.1.113883.10.20.22.4.49" />
              <templateId root="2.16.840.1.113883.10.20.22.4.49" extension="2015-08-01" />
              <id nullFlavor="UNK" />
              <id root="2.16.840.1.846999.77.0" extension="170314B2AMB" assigningAuthorityName="CHH-EncounterId" />
              <code code="IMP" codeSystem="2.16.840.1.113883.6.12" codeSystemName="C4" displayName="Inpatient Encounter">
                <originalText>
                  <reference value="#encounterDescription-1" />
                </originalText>
              </code>
              <text>
                <reference value="#encounterNarrative-1" />
              </text>
              <effectiveTime>
                <low value="20150722180000" />
                <high value="20150722230000" />
              </effectiveTime>
              <performer typeCode="PRF">
                <time nullFlavor="UNK" />
                <assignedEntity classCode="ASSIGNED">
                  <id root="2.16.840.1.113883.3.86.3.1" extension="Seven" />
                  <addr use="WP">
                    <streetAddressLine>1002 Healthcare Dr</streetAddressLine>
                    <city>PORTLAND</city>
                    <state>OR</state>
                    <postalCode>97266</postalCode>
                    <country>US</country>
                  </addr>
                  <telecom nullFlavor="UNK" />
                  <assignedPerson>
                    <name use="L">
                      <family>Seven</family>
                      <given>Henry</given>
                      <prefix>Dr</prefix>
                      <suffix>MD</suffix>
                    </name>
                  </assignedPerson>
                </assignedEntity>
              </performer>
              <author typeCode="AUT">
                <templateId root="2.16.840.1.113883.10.20.22.4.119" />
                <time value="20150722180000" />
                <assignedAuthor classCode="ASSIGNED">
                  <id root="2.16.840.1.113883.3.86.3.1" extension="MM" />
                  <addr nullFlavor="UNK" />
                  <telecom nullFlavor="UNK" />
                  <assignedPerson>
                    <name use="L">
                      <family>McDonald</family>
                      <given>Mary</given>
                    </name>
                  </assignedPerson>
                  <representedOrganization>
                    <id root="2.16.840.1.846999.77.0" />
                    <id root="1.3.6.1.4.1.21367.2010.1.2.300" extension="CHH" displayable="true" />
                    <name>Community Health and Hospitals</name>
                    <telecom nullFlavor="UNK" />
                    <addr nullFlavor="UNK" />
                    <asOrganizationPartOf>
                      <effectiveTime nullFlavor="UNK" />
                      <wholeOrganization>
                        <id root="1.3.6.1.4.1.21367.2010.1.2.300" />
                        <id root="1.3.6.1.4.1.21367.2010.1.2.300" extension="HomeCommunity" displayable="true" />
                        <name>Home Community</name>
                        <telecom use="WP" value="tel:(617) 621-0600" />
                        <addr use="WP">
                          <streetAddressLine>One Memorial Drive</streetAddressLine>
                          <city>Cambridge</city>
                          <state>MA</state>
                          <postalCode>02142</postalCode>
                          <country>US</country>
                        </addr>
                      </wholeOrganization>
                    </asOrganizationPartOf>
                  </representedOrganization>
                </assignedAuthor>
              </author>
              <informant>
                <assignedEntity>
                  <id root="2.16.840.1.113883.3.86.3.1" extension="CHH" />
                  <addr nullFlavor="UNK" />
                  <telecom nullFlavor="UNK" />
                  <assignedPerson>
                    <name nullFlavor="UNK" />
                  </assignedPerson>
                  <representedOrganization>
                    <id root="2.16.840.1.846999.77.0" />
                    <id root="1.3.6.1.4.1.21367.2010.1.2.300" extension="CHH" displayable="true" />
                    <name>Community Health and Hospitals</name>
                    <telecom nullFlavor="UNK" />
                    <addr nullFlavor="UNK" />
                    <asOrganizationPartOf>
                      <effectiveTime nullFlavor="UNK" />
                      <wholeOrganization>
                        <id root="1.3.6.1.4.1.21367.2010.1.2.300" />
                        <id root="1.3.6.1.4.1.21367.2010.1.2.300" extension="HomeCommunity" displayable="true" />
                        <name>Home Community</name>
                        <telecom use="WP" value="tel:(617) 621-0600" />
                        <addr use="WP">
                          <streetAddressLine>One Memorial Drive</streetAddressLine>
                          <city>Cambridge</city>
                          <state>MA</state>
                          <postalCode>02142</postalCode>
                          <country>US</country>
                        </addr>
                      </wholeOrganization>
                    </asOrganizationPartOf>
                  </representedOrganization>
                </assignedEntity>
              </informant>
              <participant typeCode="LOC">
                <participantRole classCode="SDLOC">
                  <templateId root="2.16.840.1.113883.10.20.22.4.32" />
                  <templateId root="2.16.840.1.113883.10.20.22.4.32" extension="2015-08-01" />
                  <id root="2.16.840.1.846999.77.0" extension="CHH" />
                  <code code="1160-1" codeSystem="2.16.840.1.113883.6.259" codeSystemName="HealthcareServiceLocation" displayName="Urgent Care Center" />
                  <playingEntity classCode="PLC">
                    <name>Community Health and Hospitals</name>
                  </playingEntity>
                </participantRole>
              </participant>
              <participant typeCode="ENT">
                <participantRole classCode="SDLOC">
                  <templateId root="2.16.840.1.113883.10.20.22.4.32" />
                  <templateId root="2.16.840.1.113883.10.20.22.4.32" extension="2015-08-01" />
                  <code code="1184-1" codeSystem="2.16.840.1.113883.6.259" codeSystemName="HealthcareServiceLocation" displayName="Administrative Area" />
                  <addr use="WP">
                    <streetAddressLine>1002 Healthcare Dr</streetAddressLine>
                    <city>PORTLAND</city>
                    <state>OR</state>
                    <postalCode>97266</postalCode>
                    <country>US</country>
                  </addr>
                  <telecom use="WP" value="tel:555-555-1002" />
                  <playingEntity classCode="PLC">
                    <name>McDonald, Mary</name>
                  </playingEntity>
                </participantRole>
              </participant>
            </encounter>
          </entry>
        </section>
      </component>
      <component>
        <section>
          <templateId root="2.16.840.1.113883.10.20.22.2.10" />
          <templateId root="2.16.840.1.113883.10.20.22.2.10" extension="2014-06-09" />
          <code code="18776-5" displayName="Treatment Plan" codeSystem="2.16.840.1.113883.6.1" codeSystemName="LN" />
          <title>Plan of Treatment</title>
          <text>
            <table border="1" width="100%">
              <thead>
                <tr>
                  <th>Planned Activity</th>
                  <th>Planned Date</th>
                  <th>Details</th>
                  <th>Comments</th>
                </tr>
              </thead>
              <tbody>
                <tr ID="planOfCareNarrative-Instructions-1">
                  <td>Instructions</td>
                  <td />
                  <td ID="planOfCareDescription-Instructions-1">Schedule an appointment with Dr Seven after 1 week for Follow up with Outpatient facility for Immunosuppressive therapy.</td>
                  <td />
                </tr>
                <tr ID="planOfCareNarrative-Instructions-2">
                  <td>Instructions</td>
                  <td />
                  <td ID="planOfCareDescription-Instructions-2">In case of high fever, take Tylenol as needed</td>
                  <td />
                </tr>
              </tbody>
            </table>
          </text>
          <entry typeCode="DRIV">
            <act classCode="ACT" moodCode="INT">
              <templateId root="2.16.840.1.113883.10.20.22.4.20" />
              <templateId root="2.16.840.1.113883.10.20.22.4.20" extension="2014-06-09" />
              <id nullFlavor="UNK" />
              <code nullFlavor="UNK" xmlns:xsi="http://www.w3.org/2001/XMLSchema-instance" xsi:type="CE" />
              <text>
                <reference value="#planOfCareDescription-Instructions-1" />
              </text>
              <statusCode code="completed" />
            </act>
          </entry>
          <entry typeCode="DRIV">
            <act classCode="ACT" moodCode="INT">
              <templateId root="2.16.840.1.113883.10.20.22.4.20" />
              <templateId root="2.16.840.1.113883.10.20.22.4.20" extension="2014-06-09" />
              <id nullFlavor="UNK" />
              <code nullFlavor="UNK" xmlns:xsi="http://www.w3.org/2001/XMLSchema-instance" xsi:type="CE" />
              <text>
                <reference value="#planOfCareDescription-Instructions-2" />
              </text>
              <statusCode code="completed" />
            </act>
          </entry>
        </section>
      </component>
      <component>
        <section>
          <templateId root="2.16.840.1.113883.10.20.22.2.17" />
          <templateId root="2.16.840.1.113883.10.20.22.2.17" extension="2015-08-01" />
          <code code="29762-2" codeSystem="2.16.840.1.113883.6.1" codeSystemName="LN" />
          <title>Social History</title>
          <text>
            <table border="1" width="100%">
              <thead>
                <tr>
                  <th>Smoking Status</th>
                  <th>Start Date</th>
                  <th>Stop Date</th>
                </tr>
              </thead>
              <tbody>
                <tr ID="socialHistoryNarrative-1">
                  <td ID="socialHistorySocialHabit-1">Current every day</td>
                  <td>2015-07-22 17:15:13</td>
                  <td />
                </tr>
                <tr ID="socialHistoryNarrative-2">
                  <td ID="socialHistorySocialHabit-2">Heavy tobacco smoker</td>
                  <td>2005-05-01 17:15:13</td>
                  <td>2011-02-27 17:15:13</td>
                </tr>
              </tbody>
            </table>
            <table border="1" width="100%">
              <thead>
                <tr>
                  <th>Social History Observation</th>
                  <th>Description</th>
                </tr>
              </thead>
              <tbody>
                <tr ID="socialHistoryNarrative-BirthSex">
                  <td>Birth Sex</td>
                  <td>Male</td>
                </tr>
              </tbody>
            </table>
          </text>
          <entry typeCode="DRIV">
            <observation classCode="OBS" moodCode="EVN">
              <templateId root="2.16.840.1.113883.10.20.22.4.78" />
              <templateId root="2.16.840.1.113883.10.20.22.4.78" extension="2014-06-09" />
              <id nullFlavor="UNK" />
              <code code="72166-2" codeSystem="2.16.840.1.113883.6.1" codeSystemName="LN" displayName="Smoking Status" />
              <statusCode code="completed" />
              <effectiveTime value="20150722171513" />
              <value xmlns:xsi="http://www.w3.org/2001/XMLSchema-instance" xsi:type="CD" code="449868002" displayName="Current every day" codeSystem="2.16.840.1.113883.6.96" codeSystemName="SCT">
                <originalText>
                  <reference value="#socialHistorySocialHabit-1" />
                </originalText>
              </value>
            </observation>
          </entry>
          <entry typeCode="DRIV">
            <observation classCode="OBS" moodCode="EVN">
              <templateId root="2.16.840.1.113883.10.20.22.4.85" />
              <templateId root="2.16.840.1.113883.10.20.22.4.85" extension="2014-06-09" />
              <id nullFlavor="UNK" />
              <code code="11367-0" codeSystem="2.16.840.1.113883.6.1" displayName="History of tobacco use" codeSystemName="LN" />
              <statusCode code="completed" />
              <effectiveTime>
                <low value="20050501171513" />
                <high value="20110227171513" />
              </effectiveTime>
              <value xmlns:xsi="http://www.w3.org/2001/XMLSchema-instance" xsi:type="CD" codeSystem="2.16.840.1.113883.6.96" code="428071000124103" displayName="Heavy tobacco smoker">
                <originalText>
                  <reference value="#socialHistorySocialHabit-2" />
                </originalText>
              </value>
            </observation>
          </entry>
          <entry typeCode="DRIV">
            <observation classCode="OBS" moodCode="EVN">
              <templateId root="2.16.840.1.113883.10.20.22.4.200" extension="2016-06-01" />
              <code code="76689-9" codeSystem="2.16.840.1.113883.6.1" codeSystemName="LN" displayName="Sex Assigned At Birth" />
              <text>
                <reference value="socialHistoryNarrative-BirthSex" />
              </text>
              <statusCode code="completed" />
              <effectiveTime value="20170518130712-0400" />
              <value xmlns:xsi="http://www.w3.org/2001/XMLSchema-instance" codeSystem="2.16.840.1.113883.5.1" xsi:type="CD" code="M" displayName="Male" />
            </observation>
          </entry>
        </section>
      </component>
      <component>
        <section>
          <templateId root="2.16.840.1.113883.10.20.22.2.4.1" />
          <templateId root="2.16.840.1.113883.10.20.22.2.4.1" extension="2015-08-01" />
          <code code="8716-3" codeSystem="2.16.840.1.113883.6.1" codeSystemName="LN" displayName="Vital Signs" />
          <title>Vital Signs</title>
          <text>
            <table border="1" width="100%">
              <thead>
                <tr>
                  <th>Vital Name</th>
                  <th>Observation Time</th>
                  <th>Observation Value</th>
                  <th>Comments</th>
                </tr>
              </thead>
              <tbody>
                <tr ID="vsNarrative-0-1">
                  <td ID="vsIdent-0-1">Weight</td>
                  <td>2015-07-22 18:10:00</td>
                  <td ID="vsVal-0-1">88 kg</td>
                  <td />
                </tr>
                <tr ID="vsNarrative-0-2">
                  <td ID="vsIdent-0-2">Diastolic</td>
                  <td>2015-07-22 18:10:00</td>
                  <td ID="vsVal-0-2">88 mm[Hg]</td>
                  <td />
                </tr>
                <tr ID="vsNarrative-0-3">
                  <td ID="vsIdent-0-3">Systolic</td>
                  <td>2015-07-22 18:10:00</td>
                  <td ID="vsVal-0-3">145 mm[Hg]</td>
                  <td />
                </tr>
                <tr ID="vsNarrative-0-4">
                  <td ID="vsIdent-0-4">Body Temperature</td>
                  <td>2015-07-22 18:10:00</td>
                  <td ID="vsVal-0-4">38 Cel</td>
                  <td />
                </tr>
                <tr ID="vsNarrative-0-5">
                  <td ID="vsIdent-0-5">Height</td>
                  <td>2015-07-22 18:10:00</td>
                  <td ID="vsVal-0-5">177 cm</td>
                  <td />
                </tr>
              </tbody>
            </table>
          </text>
          <entry>
            <organizer classCode="CLUSTER" moodCode="EVN">
              <templateId root="2.16.840.1.113883.10.20.22.4.26" />
              <templateId root="2.16.840.1.113883.10.20.22.4.26" extension="2015-08-01" />
              <id nullFlavor="UNK" />
              <code code="46680005" codeSystem="2.16.840.1.113883.6.96" codeSystemName="SCT" displayName="Vital signs">
                <translation code="74728-7" codeSystem="2.16.840.1.113883.6.1" codeSystemName="LN" displayName="Vital signs" />
              </code>
              <statusCode code="completed" />
              <effectiveTime value="20150722181000" />
              <component>
                <observation classCode="OBS" moodCode="EVN">
                  <templateId root="2.16.840.1.113883.10.20.22.4.27" />
                  <templateId root="2.16.840.1.113883.10.20.22.4.27" extension="2014-06-09" />
                  <id nullFlavor="UNK" />
                  <code code="29463-7" codeSystem="2.16.840.1.113883.6.1" codeSystemName="LN" displayName="Weight">
                    <originalText>Weight</originalText>
                  </code>
                  <text>
                    <reference value="#vsNarrative-0-1" />
                  </text>
                  <statusCode code="completed" />
                  <effectiveTime value="20150722181000" />
                  <value xmlns:xsi="http://www.w3.org/2001/XMLSchema-instance" xsi:type="PQ" value="88" unit="kg" />
                  <entryRelationship typeCode="REFR">
                    <observation classCode="OBS" moodCode="EVN">
                      <templateId root="2.16.840.1.113883.10.20.1.57" />
                      <templateId root="2.16.840.1.113883.10.20.1.57" extension="2015-08-01" />
                      <code code="33999-4" displayName="Status" codeSystem="2.16.840.1.113883.6.1" codeSystemName="LN" />
                      <statusCode code="completed" />
                      <value xmlns:xsi="http://www.w3.org/2001/XMLSchema-instance" xsi:type="CE" code="completed" codeSystem="2.16.840.1.113883.5.14" codeSystemName="ActStatus" displayName="completed" />
                    </observation>
                  </entryRelationship>
                </observation>
              </component>
              <component>
                <observation classCode="OBS" moodCode="EVN">
                  <templateId root="2.16.840.1.113883.10.20.22.4.27" />
                  <templateId root="2.16.840.1.113883.10.20.22.4.27" extension="2014-06-09" />
                  <id nullFlavor="UNK" />
                  <code code="8462-4" codeSystem="2.16.840.1.113883.6.1" codeSystemName="LN" displayName="Diastolic">
                    <originalText>Diastolic</originalText>
                  </code>
                  <text>
                    <reference value="#vsNarrative-0-2" />
                  </text>
                  <statusCode code="completed" />
                  <effectiveTime value="20150722181000" />
                  <value xmlns:xsi="http://www.w3.org/2001/XMLSchema-instance" xsi:type="PQ" value="88" unit="mm[Hg]" />
                  <entryRelationship typeCode="REFR">
                    <observation classCode="OBS" moodCode="EVN">
                      <templateId root="2.16.840.1.113883.10.20.1.57" />
                      <templateId root="2.16.840.1.113883.10.20.1.57" extension="2015-08-01" />
                      <code code="33999-4" displayName="Status" codeSystem="2.16.840.1.113883.6.1" codeSystemName="LN" />
                      <statusCode code="completed" />
                      <value xmlns:xsi="http://www.w3.org/2001/XMLSchema-instance" xsi:type="CE" code="completed" codeSystem="2.16.840.1.113883.5.14" codeSystemName="ActStatus" displayName="completed" />
                    </observation>
                  </entryRelationship>
                </observation>
              </component>
              <component>
                <observation classCode="OBS" moodCode="EVN">
                  <templateId root="2.16.840.1.113883.10.20.22.4.27" />
                  <templateId root="2.16.840.1.113883.10.20.22.4.27" extension="2014-06-09" />
                  <id nullFlavor="UNK" />
                  <code code="8480-6" codeSystem="2.16.840.1.113883.6.1" codeSystemName="LN" displayName="Systolic">
                    <originalText>Systolic</originalText>
                  </code>
                  <text>
                    <reference value="#vsNarrative-0-3" />
                  </text>
                  <statusCode code="completed" />
                  <effectiveTime value="20150722181000" />
                  <value xmlns:xsi="http://www.w3.org/2001/XMLSchema-instance" xsi:type="PQ" value="145" unit="mm[Hg]" />
                  <entryRelationship typeCode="REFR">
                    <observation classCode="OBS" moodCode="EVN">
                      <templateId root="2.16.840.1.113883.10.20.1.57" />
                      <templateId root="2.16.840.1.113883.10.20.1.57" extension="2015-08-01" />
                      <code code="33999-4" displayName="Status" codeSystem="2.16.840.1.113883.6.1" codeSystemName="LN" />
                      <statusCode code="completed" />
                      <value xmlns:xsi="http://www.w3.org/2001/XMLSchema-instance" xsi:type="CE" code="completed" codeSystem="2.16.840.1.113883.5.14" codeSystemName="ActStatus" displayName="completed" />
                    </observation>
                  </entryRelationship>
                </observation>
              </component>
              <component>
                <observation classCode="OBS" moodCode="EVN">
                  <templateId root="2.16.840.1.113883.10.20.22.4.27" />
                  <templateId root="2.16.840.1.113883.10.20.22.4.27" extension="2014-06-09" />
                  <id nullFlavor="UNK" />
                  <code code="8310-5" codeSystem="2.16.840.1.113883.6.1" codeSystemName="LN" displayName="Body Temperature">
                    <originalText>Body Temperature</originalText>
                  </code>
                  <text>
                    <reference value="#vsNarrative-0-4" />
                  </text>
                  <statusCode code="completed" />
                  <effectiveTime value="20150722181000" />
                  <value xmlns:xsi="http://www.w3.org/2001/XMLSchema-instance" xsi:type="PQ" value="38" unit="Cel" />
                  <entryRelationship typeCode="REFR">
                    <observation classCode="OBS" moodCode="EVN">
                      <templateId root="2.16.840.1.113883.10.20.1.57" />
                      <templateId root="2.16.840.1.113883.10.20.1.57" extension="2015-08-01" />
                      <code code="33999-4" displayName="Status" codeSystem="2.16.840.1.113883.6.1" codeSystemName="LN" />
                      <statusCode code="completed" />
                      <value xmlns:xsi="http://www.w3.org/2001/XMLSchema-instance" xsi:type="CE" code="completed" codeSystem="2.16.840.1.113883.5.14" codeSystemName="ActStatus" displayName="completed" />
                    </observation>
                  </entryRelationship>
                </observation>
              </component>
              <component>
                <observation classCode="OBS" moodCode="EVN">
                  <templateId root="2.16.840.1.113883.10.20.22.4.27" />
                  <templateId root="2.16.840.1.113883.10.20.22.4.27" extension="2014-06-09" />
                  <id nullFlavor="UNK" />
                  <code code="8302-2" codeSystem="2.16.840.1.113883.6.1" codeSystemName="LN" displayName="Height">
                    <originalText>Height</originalText>
                  </code>
                  <text>
                    <reference value="#vsNarrative-0-5" />
                  </text>
                  <statusCode code="completed" />
                  <effectiveTime value="20150722181000" />
                  <value xmlns:xsi="http://www.w3.org/2001/XMLSchema-instance" xsi:type="PQ" value="177" unit="cm" />
                  <entryRelationship typeCode="REFR">
                    <observation classCode="OBS" moodCode="EVN">
                      <templateId root="2.16.840.1.113883.10.20.1.57" />
                      <templateId root="2.16.840.1.113883.10.20.1.57" extension="2015-08-01" />
                      <code code="33999-4" displayName="Status" codeSystem="2.16.840.1.113883.6.1" codeSystemName="LN" />
                      <statusCode code="completed" />
                      <value xmlns:xsi="http://www.w3.org/2001/XMLSchema-instance" xsi:type="CE" code="completed" codeSystem="2.16.840.1.113883.5.14" codeSystemName="ActStatus" displayName="completed" />
                    </observation>
                  </entryRelationship>
                </observation>
              </component>
            </organizer>
          </entry>
        </section>
      </component>
      <component>
        <section>
          <templateId root="2.16.840.1.113883.10.20.22.2.41" />
          <templateId root="2.16.840.1.113883.10.20.22.2.41" extension="2015-08-01" />
          <code code="8653-8" displayName="HOSPITAL DISCHARGE INSTRUCTIONS" codeSystem="2.16.840.1.113883.6.1" codeSystemName="LN" />
          <title>Hospital Discharge Instructions</title>
          <text>
            <list>
              <item>Appointments: Schedule an appointment with Dr Seven after 1 week. Follow up with Outpatient facility.</item>
              <item>In case of fever, take Tylenol as advised in plan of treatment.</item>
            </list>
          </text>
        </section>
      </component>
      <component>
        <section nullFlavor="NI">
          <templateId root="2.16.840.1.113883.10.20.22.2.60" />
          <code code="61146-7" displayName="Goals" codeSystem="2.16.840.1.113883.6.1" codeSystemName="LN" />
          <title>Goals Section</title>
          <text> This patient has no known goals </text>
        </section>
      </component>
    </structuredBody>
  </component>
</ClinicalDocument>