<?xml version="1.0"?>
<?xml-stylesheet type="text/xsl" href="CDA.xsl"?><ClinicalDocument xsi:schemaLocation="urn:hl7-org:v3 http://xreg2.nist.gov:8080/hitspValidation/schema/cdar2c32/infrastructure/cda/C32_CDA.xsd" xmlns:sdtc="urn:hl7-org:sdtc" xmlns:xsi="http://www.w3.org/2001/XMLSchema-instance" xmlns="urn:hl7-org:v3">
  <realmCode code="US" />
  <typeId root="2.16.840.1.113883.1.3" extension="POCD_HD000040" />
  <templateId root="2.16.840.1.113883.10.20.22.1.1" extension="2015-08-01" />
  <templateId root="2.16.840.1.113883.10.20.22.1.2" extension="2015-08-01" />
  <id root="2.16.840.1.113883.3.5909.1247536505.2" assigningAuthorityName="iPatientCare" />
  <code code="34133-9" displayName="TOC" codeSystem="2.16.840.1.113883.6.1" codeSystemName="LOINC" />
  <title>iPatientCare MU2: Summarization of Episode Note</title>
  <effectiveTime value="20170921124731" />
  <confidentialityCode code="N" displayName="Normal Sharing" codeSystem="2.16.840.1.113883.5.25" codeSystemName="HL7 Confidentiality" />
  <languageCode code="en-US" />
  <recordTarget>
    <patientRole>
      <id root="2.16.840.1.113883.3.5909.1247536505.1" extension="BCC63A73C9EC4CAEB9" />
      <addr>
        <streetAddressLine>1014 Amber Dr</streetAddressLine>
        <city>Beaverton</city>
        <state>OR</state>
        <postalCode>97006</postalCode>
        <country>US</country>
      </addr>
      <telecom nullFlavor="UNK" />
      <patient>
        <name use="L">
          <given>Cecilia</given>
          <given>Cecil</given>
          <family>Cummings</family>
        </name>
        <administrativeGenderCode code="F" displayName="Female" codeSystem="2.16.840.1.113883.5.1" codeSystemName="AdministrativeGender" />
        <birthTime value="19700701" />
        <raceCode code="2106-3" displayName="White" codeSystem="2.16.840.1.113883.6.238" codeSystemName="CDC - Race and Ethnicity" />
        <sdtc:raceCode code="2108-9" displayName="European" codeSystem="2.16.840.1.113883.6.238" codeSystemName="CDC - Race and Ethnicity" />
        <ethnicGroupCode code="2186-5" displayName="NOT HISPANIC OR LATINO" codeSystem="2.16.840.1.113883.6.238" codeSystemName="CDC - Race and Ethnicity" />
        <languageCommunication>
          <languageCode code="en" />
        </languageCommunication>
      </patient>
    </patientRole>
  </recordTarget>
  <author>
    <time value="20170921" />
    <assignedAuthor>
      <id root="2.16.840.1.113883.4.6" extension="123123" />
      <code code="207R00000X" displayName="Internal Medicine" codeSystem="2.16.840.1.113883.6.101" codeSystemName="NUCC" />
      <addr>
        <streetAddressLine>1002 Healthcare Dr.,</streetAddressLine>
        <city>Progress</city>
        <state>OR</state>
        <postalCode>97005</postalCode>
        <country>US</country>
        <useablePeriod xsi:type="IVL_TS">
          <low nullFlavor="NA" />
          <high nullFlavor="NA" />
        </useablePeriod>
      </addr>
      <telecom use="HP" value="tel:555-555-1002" />
      <assignedPerson>
        <name>
          <given>Henry</given>
          <family>Seven</family>
        </name>
      </assignedPerson>
      <representedOrganization>
        <id root="2.16.840.1.113883.3.5909.1247536505.1" extension="1247536505" />
        <name>iPatientCare MU2</name>
        <telecom use="WP" value="tel:732-993-4600x11" />
        <addr>
          <streetAddressLine>2070 Test Park</streetAddressLine>
          <city>LOS ANGELES</city>
          <state>CA</state>
          <postalCode>90067</postalCode>
          <country>United States</country>
        </addr>
      </representedOrganization>
    </assignedAuthor>
  </author>
  <dataEnterer>
    <assignedEntity>
      <id root="2.16.840.1.113883.4.6" extension="999999999" />
      <addr>
        <streetAddressLine>Community Health and Hospitals,  1002, Healthcare Dr</streetAddressLine>
        <city>Portland</city>
        <state>OR</state>
        <postalCode>97266</postalCode>
        <country nullFlavor="UNK" />
      </addr>
      <telecom use="WP" value="tel:5555551002" />
      <assignedPerson>
        <name>
          <given>mary</given>
          <family>McDonald</family>
        </name>
      </assignedPerson>
    </assignedEntity>
  </dataEnterer>
  <custodian>
    <assignedCustodian>
      <representedCustodianOrganization>
        <id root="2.16.840.1.113883.4.6" extension="1247536505" />
        <name>
          <prefix>iPatientCare MU2</prefix>
        </name>
        <telecom use="WP" value="tel:732-993-4600x11" />
        <addr>
          <streetAddressLine>2070 Test Park</streetAddressLine>
          <city>Los angeles</city>
          <state>CA</state>
          <postalCode>90067</postalCode>
          <country>US</country>
        </addr>
      </representedCustodianOrganization>
    </assignedCustodian>
  </custodian>
  <documentationOf>
    <serviceEvent classCode="PCPR">
      <effectiveTime>
        <low value="20170921" />
        <high value="20170921" />
      </effectiveTime>
      <performer typeCode="PRF">
        <assignedEntity>
          <id root="2.16.840.1.113883.4.6" extension="123123" />
          <code code="207R00000X" displayName="Internal Medicine" codeSystem="2.16.840.1.113883.6.101" codeSystemName="NUCC" />
          <addr>
            <streetAddressLine>1002 Healthcare Dr.,</streetAddressLine>
            <city>PROGRESS</city>
            <state>OR</state>
            <postalCode>97005</postalCode>
            <country>United States</country>
          </addr>
          <telecom use="HP" value="tel:555-555-1002" />
          <assignedPerson>
            <name>
              <given>Henry</given>
              <family>Seven</family>
            </name>
          </assignedPerson>
        </assignedEntity>
      </performer>
      <performer typeCode="PRF">
        <assignedEntity>
          <id root="2.16.840.1.113883.4.6" extension="999999999" />
          <addr>
            <streetAddressLine>Community Health and Hospitals,  1002, Healthcare Dr</streetAddressLine>
            <city>PORTLAND</city>
            <state>OR</state>
            <postalCode>97266</postalCode>
            <country nullFlavor="UNK" />
          </addr>
          <telecom use="WP" value="tel:5555551002" />
          <assignedPerson>
            <name>
              <given>mary</given>
              <family>McDonald</family>
            </name>
          </assignedPerson>
        </assignedEntity>
      </performer>
    </serviceEvent>
  </documentationOf>
  <component>
    <structuredBody>
      <component>
        <section>
          <templateId root="2.16.840.1.113883.10.20.22.2.6.1" extension="2015-08-01" />
          <templateId root="2.16.840.1.113883.10.20.22.2.6.1" />
          <code code="48765-2" displayName="Allergy LIST" codeSystem="2.16.840.1.113883.6.1" codeSystemName="LOINC" />
          <title>Allergies</title>
          <text>
            <table border="1" width="100%">
              <thead>
                <tr>
                  <th>Code System</th>
                  <th>Code</th>
                  <th>Substance</th>
                  <th>Reaction</th>
                  <th>Severity</th>
                  <th>Date Recorded</th>
                  <th>Status</th>
                </tr>
              </thead>
              <tbody>
                <tr>
                  <td>RxNorm</td>
                  <td>7980</td>
                  <td>
                    <content ID="Allergies-0">Penicillin G benzathine</content>
                  </td>
                  <td>Hives</td>
                  <td />
                  <td>05/01/1980</td>
                  <td>active</td>
                </tr>
                <tr>
                  <td>RxNorm</td>
                  <td>733</td>
                  <td>
                    <content ID="Allergies-1">Ampicillin</content>
                  </td>
                  <td>Hives</td>
                  <td />
                  <td>05/01/1980</td>
                  <td>active</td>
                </tr>
              </tbody>
            </table>
          </text>
          <entry typeCode="DRIV">
            <act classCode="ACT" moodCode="EVN">
              <templateId root="2.16.840.1.113883.10.20.22.4.30" extension="2015-08-01" />
              <templateId root="2.16.840.1.113883.10.20.22.4.30" />
              <id root="Alr0DD37E4FA-9284-4A53-942B-1F1A0F309278" extension="100" />
              <code code="48765-2" displayName="Allergies, adverse reactions, alerts" codeSystem="2.16.840.1.113883.6.1" codeSystemName="LOINC" />
              <statusCode code="active" />
              <effectiveTime>
                <low value="19800501" />
                <high nullFlavor="UNK" />
              </effectiveTime>
              <entryRelationship typeCode="SUBJ" inversionInd="true">
                <observation classCode="OBS" moodCode="EVN">
                  <templateId root="2.16.840.1.113883.10.20.22.4.7" extension="2014-06-09" />
                  <templateId root="2.16.840.1.113883.10.20.22.4.7" />
                  <id root="Allre0AFBA05CD-12D1-4FCB-8144-506C3B583E66" extension="102" />
                  <code code="ASSERTION" codeSystem="2.16.840.1.113883.5.4" />
                  <statusCode code="completed" />
                  <effectiveTime>
                    <low nullFlavor="UNK" />
                  </effectiveTime>
                  <value xsi:type="CD" nullFlavor="UNK" />
                  <participant typeCode="CSM">
                    <participantRole classCode="MANU">
                      <playingEntity classCode="MMAT">
                        <code code="7980" displayName="Penicillin G benzathine" codeSystem="2.16.840.1.113883.6.88" codeSystemName="RxNorm">
                          <originalText>
                            <reference value="#Allergies-0" />
                          </originalText>
                        </code>
                      </playingEntity>
                    </participantRole>
                  </participant>
                  <entryRelationship typeCode="MFST" inversionInd="true">
                    <observation classCode="OBS" moodCode="EVN">
                      <templateId root="2.16.840.1.113883.10.20.22.4.9" extension="2014-06-09" />
                      <templateId root="2.16.840.1.113883.10.20.22.4.9" />
                      <id root="Alrrea50477F693F-DE99-4AF7-AA21-5A2D101515DD" />
                      <code nullFlavor="NA" />
                      <text>
                        <reference value="#Allergies-0" />
                      </text>
                      <statusCode code="completed" />
                      <effectiveTime>
                        <low value="19800501" />
                      </effectiveTime>
                      <value code="247472004" codeSystem="2.16.840.1.113883.6.96" codeSystemName="SNOMED CT" displayName="Hives" xsi:type="CD" />
                      <entryRelationship typeCode="SUBJ" inversionInd="true">
                        <observation classCode="OBS" moodCode="EVN">
                          <templateId root="2.16.840.1.113883.10.20.22.4.8" extension="2014-06-09" />
                          <templateId root="2.16.840.1.113883.10.20.22.4.8" />
                          <code code="SEV" displayName="Severity Observation" codeSystem="2.16.840.1.113883.5.4" codeSystemName="ActCode" />
                          <text>
                            <reference value="#Allergies-0" />
                          </text>
                          <statusCode code="completed" />
                          <value xsi:type="CD" nullFlavor="UNK" />
                        </observation>
                      </entryRelationship>
                    </observation>
                  </entryRelationship>
                  <entryRelationship typeCode="SUBJ" inversionInd="true">
                    <observation classCode="OBS" moodCode="EVN">
                      <templateId root="2.16.840.1.113883.10.20.22.4.8" extension="2014-06-09" />
                      <templateId root="2.16.840.1.113883.10.20.22.4.8" />
                      <code code="SEV" displayName="Severity Observation" codeSystem="2.16.840.1.113883.5.4" codeSystemName="ActCode" />
                      <text>
                        <reference value="#Allergies-0" />
                      </text>
                      <statusCode code="completed" />
                      <value xsi:type="CD" nullFlavor="UNK" />
                    </observation>
                  </entryRelationship>
                </observation>
              </entryRelationship>
            </act>
          </entry>
          <entry typeCode="DRIV">
            <act classCode="ACT" moodCode="EVN">
              <templateId root="2.16.840.1.113883.10.20.22.4.30" extension="2015-08-01" />
              <templateId root="2.16.840.1.113883.10.20.22.4.30" />
              <id root="Alr108889717-071D-4D42-B31C-79348AA0EC01" extension="101" />
              <code code="48765-2" displayName="Allergies, adverse reactions, alerts" codeSystem="2.16.840.1.113883.6.1" codeSystemName="LOINC" />
              <statusCode code="active" />
              <effectiveTime>
                <low value="19800501" />
                <high nullFlavor="UNK" />
              </effectiveTime>
              <entryRelationship typeCode="SUBJ" inversionInd="true">
                <observation classCode="OBS" moodCode="EVN">
                  <templateId root="2.16.840.1.113883.10.20.22.4.7" extension="2014-06-09" />
                  <templateId root="2.16.840.1.113883.10.20.22.4.7" />
                  <id root="Allre1BE3C4F5F-40A6-4544-BF42-9CDF79CBEBDA" extension="103" />
                  <code code="ASSERTION" codeSystem="2.16.840.1.113883.5.4" />
                  <statusCode code="completed" />
                  <effectiveTime>
                    <low nullFlavor="UNK" />
                  </effectiveTime>
                  <value xsi:type="CD" nullFlavor="UNK" />
                  <participant typeCode="CSM">
                    <participantRole classCode="MANU">
                      <playingEntity classCode="MMAT">
                        <code code="733" displayName="Ampicillin" codeSystem="2.16.840.1.113883.6.88" codeSystemName="RxNorm">
                          <originalText>
                            <reference value="#Allergies-1" />
                          </originalText>
                        </code>
                      </playingEntity>
                    </participantRole>
                  </participant>
                  <entryRelationship typeCode="MFST" inversionInd="true">
                    <observation classCode="OBS" moodCode="EVN">
                      <templateId root="2.16.840.1.113883.10.20.22.4.9" extension="2014-06-09" />
                      <templateId root="2.16.840.1.113883.10.20.22.4.9" />
                      <id root="Alrrea5121D20FA9-F004-49E9-B1B4-5E2281D6976C" />
                      <code nullFlavor="NA" />
                      <text>
                        <reference value="#Allergies-1" />
                      </text>
                      <statusCode code="completed" />
                      <effectiveTime>
                        <low value="19800501" />
                      </effectiveTime>
                      <value code="247472004" codeSystem="2.16.840.1.113883.6.96" codeSystemName="SNOMED CT" displayName="Hives" xsi:type="CD" />
                      <entryRelationship typeCode="SUBJ" inversionInd="true">
                        <observation classCode="OBS" moodCode="EVN">
                          <templateId root="2.16.840.1.113883.10.20.22.4.8" extension="2014-06-09" />
                          <templateId root="2.16.840.1.113883.10.20.22.4.8" />
                          <code code="SEV" displayName="Severity Observation" codeSystem="2.16.840.1.113883.5.4" codeSystemName="ActCode" />
                          <text>
                            <reference value="#Allergies-1" />
                          </text>
                          <statusCode code="completed" />
                          <value xsi:type="CD" nullFlavor="UNK" />
                        </observation>
                      </entryRelationship>
                    </observation>
                  </entryRelationship>
                  <entryRelationship typeCode="SUBJ" inversionInd="true">
                    <observation classCode="OBS" moodCode="EVN">
                      <templateId root="2.16.840.1.113883.10.20.22.4.8" extension="2014-06-09" />
                      <templateId root="2.16.840.1.113883.10.20.22.4.8" />
                      <code code="SEV" displayName="Severity Observation" codeSystem="2.16.840.1.113883.5.4" codeSystemName="ActCode" />
                      <text>
                        <reference value="#Allergies-1" />
                      </text>
                      <statusCode code="completed" />
                      <value xsi:type="CD" nullFlavor="UNK" />
                    </observation>
                  </entryRelationship>
                </observation>
              </entryRelationship>
            </act>
          </entry>
        </section>
      </component>
      <component>
        <section>
          <templateId root="2.16.840.1.113883.10.20.22.2.3.1" extension="2015-08-01" />
          <templateId root="2.16.840.1.113883.10.20.22.2.3.1" />
          <code code="30954-2" displayName="Lab Result" codeSystem="2.16.840.1.113883.6.1" codeSystemName="Lonic" />
          <title>Results</title>
          <text>
            <paragraph>No Lab Result inforamtion.</paragraph>
          </text>
          <entry typeCode="DRIV">
            <organizer classCode="BATTERY" moodCode="EVN">
              <templateId root="2.16.840.1.113883.10.20.22.4.1" extension="2015-08-01" />
              <templateId root="2.16.840.1.113883.10.20.22.4.1" />
              <id root="labre4F6D73FD-2A96-4044-8BCD-AD8340C0D0D0" extension="300" />
              <code nullFlavor="UNK" />
              <statusCode code="completed" />
              <component>
                <observation classCode="OBS" moodCode="EVN">
                  <templateId root="2.16.840.1.113883.10.20.22.4.2" extension="2015-08-01" />
                  <templateId root="2.16.840.1.113883.10.20.22.4.2" />
                  <id root="labobD1957FF2-D6F0-4A6B-8690-57E403E835EE" extension="300" />
                  <code nullFlavor="UNK" />
                  <statusCode code="completed" />
                  <effectiveTime nullFlavor="UNK" />
                  <value xsi:type="PQ" nullFlavor="UNK" />
                </observation>
              </component>
            </organizer>
          </entry>
        </section>
      </component>
      <component>
        <section>
          <templateId root="2.16.840.1.113883.10.20.22.2.1.1" extension="2014-06-09" />
          <templateId root="2.16.840.1.113883.10.20.22.2.1.1" />
          <code code="10160-0" displayName="HISTORY OF MEDICATION USE" codeSystem="2.16.840.1.113883.6.1" codeSystemName="LOINC" />
          <title>List of Medications</title>
          <text>
            <table border="1" width="100%">
              <thead>
                <tr>
                  <th>Code System</th>
                  <th>Code</th>
                  <th>Medication</th>
                  <th>Instruction</th>
                  <th>Date Started</th>
                  <th>Status</th>
                </tr>
              </thead>
              <tbody>
                <tr>
                  <td>
                    <content ID="Medication-0">RxNorm</content>
                  </td>
                  <td>309090</td>
                  <td>Ceftriaxone 100Mg/Ml 1</td>
                  <td>Take 1  INTRAVENOUS bid (twice a day)  for 8 days</td>
                  <td>06/22/2015</td>
                  <td>completed</td>
                </tr>
                <tr>
                  <td>
                    <content ID="Medication-1">RxNorm</content>
                  </td>
                  <td>731241</td>
                  <td>Aranesp 0.5 Mg/Ml 1</td>
                  <td>Take 1  INTRAVENOUS tid (three times a day)</td>
                  <td>02/22/2015</td>
                  <td>active</td>
                </tr>
                <tr>
                  <td>
                    <content ID="Medication-2">RxNorm</content>
                  </td>
                  <td>209459</td>
                  <td>Tylenol 500Mg 1</td>
                  <td>Take 1  ORAL qd (every day)</td>
                  <td>02/22/2015</td>
                  <td>active</td>
                </tr>
              </tbody>
            </table>
          </text>
          <entry>
            <substanceAdministration classCode="SBADM" moodCode="EVN">
              <templateId root="2.16.840.1.113883.10.20.22.4.16" extension="2014-06-09" />
              <templateId root="2.16.840.1.113883.10.20.22.4.16" />
              <id root="MED0697BD594-7880-4207-83FD-92EFC9AD652C" extension="10001" />
              <statusCode code="completed" />
              <effectiveTime xsi:type="IVL_TS">
                <low value="20150622" />
                <high value="20150630" />
              </effectiveTime>
              <effectiveTime xsi:type="PIVL_TS" institutionSpecified="true" operator="A">
                <period value="12" unit="h" />
              </effectiveTime>
              <routeCode code="C38276" displayName="INTRAVENOUS" codeSystem="2.16.840.1.113883.3.26.1.1" codeSystemName="NCI Thesaurus" />
              <doseQuantity value="1" />
              <consumable>
                <manufacturedProduct classCode="MANU">
                  <templateId root="2.16.840.1.113883.10.20.22.4.23" extension="2014-06-09" />
                  <templateId root="2.16.840.1.113883.10.20.22.4.23" />
                  <manufacturedMaterial>
                    <code code="309090" displayName="Ceftriaxone 100Mg/Ml 1" codeSystem="2.16.840.1.113883.6.88" codeSystemName="RxNorm">
                      <originalText>
                        <reference value="#Medication-0" />
                      </originalText>
                    </code>
                  </manufacturedMaterial>
                </manufacturedProduct>
              </consumable>
            </substanceAdministration>
          </entry>
          <entry>
            <substanceAdministration classCode="SBADM" moodCode="EVN">
              <templateId root="2.16.840.1.113883.10.20.22.4.16" extension="2014-06-09" />
              <templateId root="2.16.840.1.113883.10.20.22.4.16" />
              <id root="MED1F87D0AB6-3255-4EAA-ACF7-4F48102AFD23" extension="10002" />
              <statusCode code="active" />
              <effectiveTime xsi:type="IVL_TS">
                <low value="20150222" />
                <high nullFlavor="UNK" />
              </effectiveTime>
              <effectiveTime xsi:type="PIVL_TS" institutionSpecified="true" operator="A">
                <period value="8" unit="h" />
              </effectiveTime>
              <routeCode code="C38276" displayName="INTRAVENOUS" codeSystem="2.16.840.1.113883.3.26.1.1" codeSystemName="NCI Thesaurus" />
              <doseQuantity value="1" />
              <consumable>
                <manufacturedProduct classCode="MANU">
                  <templateId root="2.16.840.1.113883.10.20.22.4.23" extension="2014-06-09" />
                  <templateId root="2.16.840.1.113883.10.20.22.4.23" />
                  <manufacturedMaterial>
                    <code code="731241" displayName="Aranesp 0.5 Mg/Ml 1" codeSystem="2.16.840.1.113883.6.88" codeSystemName="RxNorm">
                      <originalText>
                        <reference value="#Medication-1" />
                      </originalText>
                    </code>
                  </manufacturedMaterial>
                </manufacturedProduct>
              </consumable>
            </substanceAdministration>
          </entry>
          <entry>
            <substanceAdministration classCode="SBADM" moodCode="EVN">
              <templateId root="2.16.840.1.113883.10.20.22.4.16" extension="2014-06-09" />
              <templateId root="2.16.840.1.113883.10.20.22.4.16" />
              <id root="MED2944B841D-0BE7-45FE-86F7-21263489F1B5" extension="10003" />
              <statusCode code="active" />
              <effectiveTime xsi:type="IVL_TS">
                <low value="20150222" />
                <high nullFlavor="UNK" />
              </effectiveTime>
              <effectiveTime xsi:type="PIVL_TS" institutionSpecified="true" operator="A">
                <period value="24" unit="h" />
              </effectiveTime>
              <routeCode code="C38288" displayName="ORAL" codeSystem="2.16.840.1.113883.3.26.1.1" codeSystemName="NCI Thesaurus" />
              <doseQuantity value="1" />
              <consumable>
                <manufacturedProduct classCode="MANU">
                  <templateId root="2.16.840.1.113883.10.20.22.4.23" extension="2014-06-09" />
                  <templateId root="2.16.840.1.113883.10.20.22.4.23" />
                  <manufacturedMaterial>
                    <code code="209459" displayName="Tylenol 500Mg 1" codeSystem="2.16.840.1.113883.6.88" codeSystemName="RxNorm">
                      <originalText>
                        <reference value="#Medication-2" />
                      </originalText>
                    </code>
                  </manufacturedMaterial>
                </manufacturedProduct>
              </consumable>
            </substanceAdministration>
          </entry>
        </section>
      </component>
      <component>
        <section>
          <templateId root="2.16.840.1.113883.10.20.22.2.5.1" extension="2015-08-01" />
          <templateId root="2.16.840.1.113883.10.20.22.2.5.1" />
          <code code="11450-4" displayName="PROBLEM LIST" codeSystem="2.16.840.1.113883.6.1" codeSystemName="LOINC" />
          <title>Active Problems</title>
          <text>
            <table border="1" width="100%">
              <thead>
                <tr>
                  <th>Problem</th>
                  <th>Type</th>
                  <th>Date</th>
                  <th>SNOMED CT</th>
                  <th>ICD Code</th>
                  <th>Status</th>
                </tr>
              </thead>
              <tbody>
                <tr>
                  <td>
                    <content ID="Problem-0">Fever (finding)</content>
                  </td>
                  <td>Diagnosis</td>
                  <td>02/22/2015</td>
                  <td>386661006</td>
                  <td>780.60 (ICD 9)</td>
                  <td>active</td>
                </tr>
                <tr>
                  <td>
                    <content ID="Problem-1">Chronic rejection of renal transplant (disorder)</content>
                  </td>
                  <td>Condition</td>
                  <td>12/31/2011</td>
                  <td>236578006</td>
                  <td>T86.11</td>
                  <td>active</td>
                </tr>
                <tr>
                  <td>
                    <content ID="Problem-2">Essential hypertension (disorder)</content>
                  </td>
                  <td>Condition</td>
                  <td>10/05/2011</td>
                  <td>59621000</td>
                  <td>I10</td>
                  <td>active</td>
                </tr>
                <tr>
                  <td>
                    <content ID="Problem-3">Severe hypothyroidism (disorder)</content>
                  </td>
                  <td>Condition</td>
                  <td>12/31/2006</td>
                  <td>83986005</td>
                  <td>E03.9</td>
                  <td>active</td>
                </tr>
                <tr>
                  <td>
                    <content ID="Problem-4">Overweight (finding)</content>
                  </td>
                  <td>Diagnosis</td>
                  <td>12/31/2006</td>
                  <td>238131007</td>
                  <td>E66.3</td>
                  <td>completed</td>
                </tr>
              </tbody>
            </table>
          </text>
          <entry>
            <act classCode="ACT" moodCode="EVN">
              <templateId root="2.16.840.1.113883.10.20.22.4.3" extension="2015-08-01" />
              <templateId root="2.16.840.1.113883.10.20.22.4.3" />
              <id root="PRB0C98B92B6-9E19-4476-8958-0D2A0F69D24C" extension="400" />
              <code code="CONC" displayName="Concern" codeSystem="2.16.840.1.113883.5.6" />
              <statusCode code="active" />
              <effectiveTime>
                <low value="20150222" />
                <high nullFlavor="UNK" />
              </effectiveTime>
              <entryRelationship typeCode="SUBJ">
                <observation classCode="OBS" moodCode="EVN">
                  <templateId root="2.16.840.1.113883.10.20.22.4.4" extension="2015-08-01" />
                  <templateId root="2.16.840.1.113883.10.20.22.4.4" />
                  <id root="PRBRE00B805DC5-4F8F-471A-A3D7-6E97202FE064" extension="401" />
                  <code code="282291009" displayName="Diagnosis" codeSystem="2.16.840.1.113883.6.96" codeSystemName="SNOMED CT">
                    <translation code="29308-4" displayName="Diagnosis" codeSystem="2.16.840.1.113883.6.1" codeSystemName="LOINC" />
                  </code>
                  <text>
                    <reference value="#Problem-0" />
                  </text>
                  <statusCode code="completed" />
                  <effectiveTime>
                    <low value="20150222" />
                    <high nullFlavor="UNK" />
                  </effectiveTime>
                  <value code="386661006" codeSystem="2.16.840.1.113883.6.96" codeSystemName="SNOMED CT" displayName="Fever (finding)" xsi:type="CD" />
                </observation>
              </entryRelationship>
            </act>
          </entry>
          <entry>
            <act classCode="ACT" moodCode="EVN">
              <templateId root="2.16.840.1.113883.10.20.22.4.3" extension="2015-08-01" />
              <templateId root="2.16.840.1.113883.10.20.22.4.3" />
              <id root="PRB183B332C6-3D2B-4463-A3B1-6227AC51B24D" extension="401" />
              <code code="CONC" displayName="Concern" codeSystem="2.16.840.1.113883.5.6" />
              <statusCode code="active" />
              <effectiveTime>
                <low value="20111231" />
                <high nullFlavor="UNK" />
              </effectiveTime>
              <entryRelationship typeCode="SUBJ">
                <observation classCode="OBS" moodCode="EVN">
                  <templateId root="2.16.840.1.113883.10.20.22.4.4" extension="2015-08-01" />
                  <templateId root="2.16.840.1.113883.10.20.22.4.4" />
                  <id root="PRBRE18A434BA8-0DF0-40CF-8E55-92A4B390D4BB" extension="402" />
                  <code code="64572001" displayName="Condition" codeSystem="2.16.840.1.113883.6.96" codeSystemName="SNOMED CT">
                    <translation code="75323-6" displayName="Condition" codeSystem="2.16.840.1.113883.6.1" codeSystemName="LOINC" />
                  </code>
                  <text>
                    <reference value="#Problem-1" />
                  </text>
                  <statusCode code="completed" />
                  <effectiveTime>
                    <low value="20111231" />
                    <high nullFlavor="UNK" />
                  </effectiveTime>
                  <value code="236578006" codeSystem="2.16.840.1.113883.6.96" codeSystemName="SNOMED CT" displayName="Chronic rejection of renal transplant (disorder)" xsi:type="CD" />
                </observation>
              </entryRelationship>
            </act>
          </entry>
          <entry>
            <act classCode="ACT" moodCode="EVN">
              <templateId root="2.16.840.1.113883.10.20.22.4.3" extension="2015-08-01" />
              <templateId root="2.16.840.1.113883.10.20.22.4.3" />
              <id root="PRB21F03A3EC-400B-45B4-8380-D925AB14B10D" extension="402" />
              <code code="CONC" displayName="Concern" codeSystem="2.16.840.1.113883.5.6" />
              <statusCode code="active" />
              <effectiveTime>
                <low value="20111005" />
                <high nullFlavor="UNK" />
              </effectiveTime>
              <entryRelationship typeCode="SUBJ">
                <observation classCode="OBS" moodCode="EVN">
                  <templateId root="2.16.840.1.113883.10.20.22.4.4" extension="2015-08-01" />
                  <templateId root="2.16.840.1.113883.10.20.22.4.4" />
                  <id root="PRBRE2CE1A6DD7-B6C3-47C2-AF4A-FD1B9FD2B284" extension="403" />
                  <code code="64572001" displayName="Condition" codeSystem="2.16.840.1.113883.6.96" codeSystemName="SNOMED CT">
                    <translation code="75323-6" displayName="Condition" codeSystem="2.16.840.1.113883.6.1" codeSystemName="LOINC" />
                  </code>
                  <text>
                    <reference value="#Problem-2" />
                  </text>
                  <statusCode code="completed" />
                  <effectiveTime>
                    <low value="20111005" />
                    <high nullFlavor="UNK" />
                  </effectiveTime>
                  <value code="59621000" codeSystem="2.16.840.1.113883.6.96" codeSystemName="SNOMED CT" displayName="Essential hypertension (disorder)" xsi:type="CD" />
                </observation>
              </entryRelationship>
            </act>
          </entry>
          <entry>
            <act classCode="ACT" moodCode="EVN">
              <templateId root="2.16.840.1.113883.10.20.22.4.3" extension="2015-08-01" />
              <templateId root="2.16.840.1.113883.10.20.22.4.3" />
              <id root="PRB3D4A0E489-D749-4A29-A739-C1A4B79625A6" extension="403" />
              <code code="CONC" displayName="Concern" codeSystem="2.16.840.1.113883.5.6" />
              <statusCode code="active" />
              <effectiveTime>
                <low value="20061231" />
                <high nullFlavor="UNK" />
              </effectiveTime>
              <entryRelationship typeCode="SUBJ">
                <observation classCode="OBS" moodCode="EVN">
                  <templateId root="2.16.840.1.113883.10.20.22.4.4" extension="2015-08-01" />
                  <templateId root="2.16.840.1.113883.10.20.22.4.4" />
                  <id root="PRBRE3806B0142-6F06-47AD-A9A8-3E0B01447F56" extension="404" />
                  <code code="64572001" displayName="Condition" codeSystem="2.16.840.1.113883.6.96" codeSystemName="SNOMED CT">
                    <translation code="75323-6" displayName="Condition" codeSystem="2.16.840.1.113883.6.1" codeSystemName="LOINC" />
                  </code>
                  <text>
                    <reference value="#Problem-3" />
                  </text>
                  <statusCode code="completed" />
                  <effectiveTime>
                    <low value="20061231" />
                    <high nullFlavor="UNK" />
                  </effectiveTime>
                  <value code="83986005" codeSystem="2.16.840.1.113883.6.96" codeSystemName="SNOMED CT" displayName="Severe hypothyroidism (disorder)" xsi:type="CD" />
                </observation>
              </entryRelationship>
            </act>
          </entry>
          <entry>
            <act classCode="ACT" moodCode="EVN">
              <templateId root="2.16.840.1.113883.10.20.22.4.3" extension="2015-08-01" />
              <templateId root="2.16.840.1.113883.10.20.22.4.3" />
              <id root="PRB40765F287-7DAD-4B08-9F5E-28D2B16C4616" extension="404" />
              <code code="CONC" displayName="Concern" codeSystem="2.16.840.1.113883.5.6" />
              <statusCode code="completed" />
              <effectiveTime>
                <low value="20061231" />
                <high value="20070601" />
              </effectiveTime>
              <entryRelationship typeCode="SUBJ">
                <observation classCode="OBS" moodCode="EVN">
                  <templateId root="2.16.840.1.113883.10.20.22.4.4" extension="2015-08-01" />
                  <templateId root="2.16.840.1.113883.10.20.22.4.4" />
                  <id root="PRBRE4736E3B23-CD84-41D0-8F3A-AB62009E825D" extension="405" />
                  <code code="282291009" displayName="Diagnosis" codeSystem="2.16.840.1.113883.6.96" codeSystemName="SNOMED CT">
                    <translation code="29308-4" displayName="Diagnosis" codeSystem="2.16.840.1.113883.6.1" codeSystemName="LOINC" />
                  </code>
                  <text>
                    <reference value="#Problem-4" />
                  </text>
                  <statusCode code="completed" />
                  <effectiveTime>
                    <low value="20061231" />
                    <high value="20070601" />
                  </effectiveTime>
                  <value code="238131007" codeSystem="2.16.840.1.113883.6.96" codeSystemName="SNOMED CT" displayName="Overweight (finding)" xsi:type="CD" />
                </observation>
              </entryRelationship>
            </act>
          </entry>
        </section>
      </component>
      <component>
        <section>
          <templateId root="2.16.840.1.113883.10.20.22.2.7.1" extension="2014-06-09" />
          <templateId root="2.16.840.1.113883.10.20.22.2.7.1" />
          <code code="47519-4" displayName="HISTORY OF PROCEDURES" codeSystem="2.16.840.1.113883.6.1" codeSystemName="LOINC" />
          <title>List of Procedures</title>
          <text>
            <paragraph>No Procedure information.</paragraph>
          </text>
          <entry>
            <procedure classCode="PROC" moodCode="EVN">
              <templateId root="2.16.840.1.113883.10.20.22.4.14" extension="2014-06-09" />
              <templateId root="2.16.840.1.113883.10.20.22.4.14" />
              <id root="proceF6792F40-A44D-4EF1-BEA1-EAB13F0E797C" extension="500" />
              <code nullFlavor="UNK" />
              <statusCode code="completed" />
              <effectiveTime>
                <low nullFlavor="UNK" />
              </effectiveTime>
            </procedure>
          </entry>
        </section>
      </component>
      <component>
        <section>
          <templateId root="2.16.840.1.113883.10.20.22.2.4.1" extension="2015-08-01" />
          <templateId root="2.16.840.1.113883.10.20.22.2.4.1" />
          <code code="8716-3" displayName="VITAL SIGNS" codeSystem="2.16.840.1.113883.6.1" codeSystemName="LOINC" />
          <title>Vital Signs</title>
          <text>
            <paragraph>No Vital information.</paragraph>
          </text>
          <entry>
            <organizer classCode="CLUSTER" moodCode="EVN">
              <templateId root="2.16.840.1.113883.10.20.22.4.26" extension="2015-08-01" />
              <templateId root="2.16.840.1.113883.10.20.22.4.26" />
              <id root="VITDnokwon7921FD27-7654-4F11-8FA7-1E474E3B1CA9" extension="700" />
              <code nullFlavor="UNK" />
              <statusCode code="completed" />
              <effectiveTime nullFlavor="UNK" />
              <component>
                <observation classCode="OBS" moodCode="EVN">
                  <templateId root="2.16.840.1.113883.10.20.22.4.27" extension="2014-06-09" />
                  <templateId root="2.16.840.1.113883.10.20.22.4.27" />
                  <id root="vit3037D88D-68C3-4A1C-80E4-42C0F4FBE497" extension="700" />
                  <code nullFlavor="UNK" />
                  <text />
                  <statusCode code="completed" />
                  <effectiveTime nullFlavor="UNK" />
                  <value xsi:type="PQ" nullFlavor="UNK" />
                  <interpretationCode nullFlavor="UNK" />
                </observation>
              </component>
            </organizer>
          </entry>
        </section>
      </component>
      <component>
        <section>
          <templateId root="2.16.840.1.113883.10.20.22.2.17" extension="2015-08-01" />
          <templateId root="2.16.840.1.113883.10.20.22.2.17" />
          <code code="29762-2" displayName="Social History" codeSystem="2.16.840.1.113883.6.1" codeSystemName="Social History" />
          <title>Social History</title>
          <text>
            <table border="1" width="100%">
              <thead>
                <tr>
                  <th>Social History</th>
                  <th>SNOMED CT</th>
                  <th>Date</th>
                </tr>
              </thead>
              <tbody>
                <tr>
                  <td>
                    <content ID="BirthSexInfo">Birthsex:Female(AdministrativeGenderCode:F)</content>
                  </td>
                  <td />
                  <td>07/01/1970</td>
                </tr>
              </tbody>
            </table>
          </text>
          <entry>
            <observation classCode="OBS" moodCode="EVN">
              <templateId root="2.16.840.1.113883.10.20.22.4.200" extension="2014-06-09" />
              <templateId root="2.16.840.1.113883.10.20.22.4.200" />
              <code code="76689-9" displayName="Sex Assigned At Birth" codeSystem="2.16.840.1.113883.6.1" codeSystemName="LOINC" />
              <text>
                <reference value="#BirthSexInfo" />
              </text>
              <statusCode code="completed" />
              <effectiveTime value="19700701" />
              <value code="F" codeSystem="2.16.840.1.113883.5.1" codeSystemName="Gender" displayName="Female" xsi:type="CD" />
            </observation>
          </entry>
        </section>
      </component>
      <component>
        <section>
          <templateId root="2.16.840.1.113883.10.20.22.2.12" />
          <code code="29299-5" displayName="REASON FOR VISIT" codeSystem="2.16.840.1.113883.6.1" codeSystemName="LOINC" />
          <title>Reason For Hospitalization</title>
          <text>
            <paragraph>No information.</paragraph>
          </text>
        </section>
      </component>
      <component>
        <section>
          <templateId root="1.3.6.1.4.1.19376.1.5.3.1.3.1" extension="2014-06-09" />
          <templateId root="1.3.6.1.4.1.19376.1.5.3.1.3.1" />
          <code code="42349-1" displayName="REASON FOR REFERRAL" codeSystem="2.16.840.1.113883.6.1" codeSystemName="LOINC" />
          <title>Reason for Referral</title>
          <text>
            <paragraph>No information.</paragraph>
          </text>
        </section>
      </component>
      <component>
        <section>
          <templateId root="2.16.840.1.113883.10.20.22.2.10" extension="2014-06-09" />
          <templateId root="2.16.840.1.113883.10.20.22.2.10" />
          <code code="18776-5" displayName="Treatment plan" codeSystem="2.16.840.1.113883.6.1" codeSystemName="LOINC" />
          <title>Plan of Care</title>
          <text>
            <paragraph>No information.</paragraph>
          </text>
        </section>
      </component>
      <component>
        <section>
          <templateId root="2.16.840.1.113883.10.20.22.2.2" />
          <templateId root="2.16.840.1.113883.10.20.22.2.2.1" extension="2015-08-01" />
          <templateId root="2.16.840.1.113883.10.20.22.2.2.1" />
          <code code="11369-6" displayName="History of immunizations" codeSystem="2.16.840.1.113883.6.1" codeSystemName="LOINC" />
          <title>List of Immunizations</title>
          <text>
            <paragraph>No Immunization information.</paragraph>
          </text>
          <entry>
            <substanceAdministration classCode="SBADM" moodCode="EVN" negationInd="true">
              <templateId root="2.16.840.1.113883.10.20.22.4.52" extension="2015-08-01" />
              <templateId root="2.16.840.1.113883.10.20.22.4.52" />
              <id root="Immu419235EA-34CF-431A-B90C-3B4E6D41DFCF" extension="200" />
              <statusCode code="completed" />
              <effectiveTime nullFlavor="UNK" />
              <consumable>
                <manufacturedProduct classCode="MANU">
                  <templateId root="2.16.840.1.113883.10.20.22.4.54" extension="2014-06-09" />
                  <templateId root="2.16.840.1.113883.10.20.22.4.54" />
                  <manufacturedMaterial>
                    <code nullFlavor="UNK" />
                  </manufacturedMaterial>
                  <manufacturerOrganization>
                    <name>None</name>
                  </manufacturerOrganization>
                </manufacturedProduct>
              </consumable>
            </substanceAdministration>
          </entry>
        </section>
      </component>
      <component>
        <section>
          <templateId root="2.16.840.1.113883.10.20.22.2.18" extension="2015-08-01" />
          <templateId root="2.16.840.1.113883.10.20.22.2.18" />
          <code code="48768-6" displayName="Payers" codeSystem="2.16.840.1.113883.6.1" codeSystemName="LOINC" />
          <title>Payers</title>
          <text>
            <paragraph>No Payer information.</paragraph>
          </text>
        </section>
      </component>
      <component>
        <section>
          <templateId root="2.16.840.1.113883.10.20.22.2.22.1" extension="2015-08-01" />
          <templateId root="2.16.840.1.113883.10.20.22.2.22.1" />
          <code code="46240-8" displayName="HISTORY OF ENCOUNTERS" codeSystem="2.16.840.1.113883.6.1" codeSystemName="LOINC" />
          <title>Encounters</title>
          <text>
            <paragraph>No Encounter information.</paragraph>
          </text>
          <entry typeCode="DRIV">
            <encounter classCode="ENC" moodCode="EVN">
              <templateId root="2.16.840.1.113883.10.20.22.4.49" extension="2015-08-01" />
              <templateId root="2.16.840.1.113883.10.20.22.4.49" />
              <id root="ENC0C48E33B3-1491-4583-80E4-8BC49544EB88" extension="20001" />
              <code nullFlavor="UNK" />
              <effectiveTime nullFlavor="UNK" />
            </encounter>
          </entry>
        </section>
      </component>
      <component>
        <section>
          <templateId root="2.16.840.1.113883.10.20.22.2.23" extension="2014-06-09" />
          <code code="46264-8" displayName="Medical Equipment" codeSystem="2.16.840.1.113883.6.1" codeSystemName="LOINC" />
          <title>Medical Equipment</title>
          <text>
            <paragraph>No implanted devices.</paragraph>
          </text>
        </section>
      </component>
      <component>
        <section>
          <templateId root="2.16.840.1.113883.10.20.22.2.8" />
          <code code="51848-0" displayName="Assessments" codeSystem="2.16.840.1.113883.6.1" codeSystemName="LOINC" />
          <title>Assessments</title>
          <text>
            <paragraph>No information.</paragraph>
          </text>
        </section>
      </component>
      <component>
        <section>
          <templateId root="2.16.840.1.113883.10.20.22.2.58" />
          <code code="75310-3" displayName="Health Concerns" codeSystem="2.16.840.1.113883.6.1" codeSystemName="LOINC" />
          <title>Health Concerns</title>
          <text>
            <paragraph>No information.</paragraph>
          </text>
        </section>
      </component>
      <component>
        <section nullFlavor="NI">
          <templateId root="2.16.840.1.113883.10.20.22.2.60" />
          <code code="61146-7" displayName="Goals" codeSystem="2.16.840.1.113883.6.1" codeSystemName="LOINC" />
          <title>Goals Section</title>
          <text>
            <paragraph>No information.</paragraph>
          </text>
        </section>
      </component>
      <component>
        <section>
          <templateId root="2.16.840.1.113883.10.20.22.2.14" extension="2014-06-09" />
          <templateId root="2.16.840.1.113883.10.20.22.2.14" />
          <code code="47420-5" displayName="Functional Status" codeSystem="2.16.840.1.113883.6.1" codeSystemName="LOINC" />
          <title>Functional Status</title>
          <text>
            <paragraph>No information.</paragraph>
          </text>
        </section>
      </component>
      <component>
        <section>
          <templateId root="2.16.840.1.113883.10.20.22.2.56" extension="2015-08-01" />
          <templateId root="2.16.840.1.113883.10.20.22.2.56" />
          <code code="10190-7" displayName="Mental Status" codeSystem="2.16.840.1.113883.6.1" codeSystemName="LOINC" />
          <title>Mental Status</title>
          <text>
            <paragraph>No information.</paragraph>
          </text>
        </section>
      </component>
      <component>
        <section>
          <templateId root="2.16.840.1.113883.10.20.22.2.15" extension="2015-08-01" />
          <templateId root="2.16.840.1.113883.10.20.22.2.15" />
          <code code="10157-6" displayName="Family History" codeSystem="2.16.840.1.113883.6.1" codeSystemName="LOINC" />
          <title>Family History</title>
          <text>
            <paragraph>No known family history.</paragraph>
          </text>
        </section>
      </component>
      <component>
        <section>
          <templateId root="2.16.840.1.113883.10.20.22.2.21" extension="2015-08-01" />
          <templateId root="2.16.840.1.113883.10.20.22.2.21" />
          <code code="42348-3" displayName="Advance Directives" codeSystem="2.16.840.1.113883.6.1" codeSystemName="LOINC" />
          <title>Advance Directives</title>
          <text>
            <paragraph>No information.</paragraph>
          </text>
        </section>
      </component>
      <component>
        <section>
          <templateId root="2.16.840.1.113883.10.20.22.2.41" />
          <code code="8653-8" displayName="HOSPITAL DISCHARGE INSTRUCTIONS" codeSystem="2.16.840.1.113883.6.1" codeSystemName="LOINC" />
          <title>Discharge Instruction</title>
          <text>
            <paragraph>No information.</paragraph>
          </text>
        </section>
      </component>
    </structuredBody>
  </component>
</ClinicalDocument>
