<?xml version="1.0"?>
<?xml-stylesheet type="text/xsl" href="CDA.xsl"?><ClinicalDocument xsi:schemaLocation="urn:hl7-org:v3 http://xreg2.nist.gov:8080/hitspValidation/schema/cdar2c32/infrastructure/cda/C32_CDA.xsd" xmlns:sdtc="urn:hl7-org:sdtc" xmlns:xsi="http://www.w3.org/2001/XMLSchema-instance" xmlns="urn:hl7-org:v3">
  <realmCode code="US" />
  <typeId root="2.16.840.1.113883.1.3" extension="POCD_HD000040" />
  <templateId root="2.16.840.1.113883.10.20.22.1.1" extension="2015-08-01" />
  <templateId root="2.16.840.1.113883.10.20.22.1.2" extension="2015-08-01" />
  <id root="2.16.840.1.113883.3.5909.1247536505.2" assigningAuthorityName="iPatientCare" />
  <code code="34133-9" displayName="TOC" codeSystem="2.16.840.1.113883.6.1" codeSystemName="LOINC" />
  <title>iPatientCare MU2: Summarization of Episode Note</title>
  <effectiveTime value="20170921124916" />
  <confidentialityCode code="N" displayName="Normal Sharing" codeSystem="2.16.840.1.113883.5.25" codeSystemName="HL7 Confidentiality" />
  <languageCode code="en-US" />
  <recordTarget>
    <patientRole>
      <id root="2.16.840.1.113883.3.5909.1247536505.1" extension="62A35BCF850C4AC8AE" />
      <addr>
        <streetAddressLine>1018 Amber Dr</streetAddressLine>
        <city>Beaverton</city>
        <state>OR</state>
        <postalCode>97266</postalCode>
        <country>US</country>
      </addr>
      <telecom nullFlavor="UNK" />
      <patient>
        <name use="L">
          <given>Lauren</given>
          <given>Laura</given>
          <family>Walker</family>
        </name>
        <administrativeGenderCode code="F" displayName="Female" codeSystem="2.16.840.1.113883.5.1" codeSystemName="AdministrativeGender" />
        <birthTime value="19700701" />
        <raceCode code="2106-3" displayName="White" codeSystem="2.16.840.1.113883.6.238" codeSystemName="CDC - Race and Ethnicity" />
        <sdtc:raceCode code="2108-9" displayName="European" codeSystem="2.16.840.1.113883.6.238" codeSystemName="CDC - Race and Ethnicity" />
        <ethnicGroupCode code="2186-5" displayName="NOT HISPANIC OR LATINO" codeSystem="2.16.840.1.113883.6.238" codeSystemName="CDC - Race and Ethnicity" />
        <languageCommunication>
          <languageCode code="en" />
        </languageCommunication>
      </patient>
    </patientRole>
  </recordTarget>
  <author>
    <time value="20170921" />
    <assignedAuthor>
      <id root="2.16.840.1.113883.4.6" extension="123123" />
      <code code="207R00000X" displayName="Internal Medicine" codeSystem="2.16.840.1.113883.6.101" codeSystemName="NUCC" />
      <addr>
        <streetAddressLine>1002 Healthcare Dr.,</streetAddressLine>
        <city>Progress</city>
        <state>OR</state>
        <postalCode>97005</postalCode>
        <country>US</country>
        <useablePeriod xsi:type="IVL_TS">
          <low nullFlavor="NA" />
          <high nullFlavor="NA" />
        </useablePeriod>
      </addr>
      <telecom use="HP" value="tel:555-555-1002" />
      <assignedPerson>
        <name>
          <given>Henry</given>
          <family>Seven</family>
        </name>
      </assignedPerson>
      <representedOrganization>
        <id root="2.16.840.1.113883.3.5909.1247536505.1" extension="1247536505" />
        <name>iPatientCare MU2</name>
        <telecom use="WP" value="tel:732-993-4600x11" />
        <addr>
          <streetAddressLine>2070 Test Park</streetAddressLine>
          <city>LOS ANGELES</city>
          <state>CA</state>
          <postalCode>90067</postalCode>
          <country>United States</country>
        </addr>
      </representedOrganization>
    </assignedAuthor>
  </author>
  <dataEnterer>
    <assignedEntity>
      <id root="2.16.840.1.113883.4.6" extension="999999999" />
      <addr>
        <streetAddressLine>Community Health and Hospitals,  1002, Healthcare Dr</streetAddressLine>
        <city>Portland</city>
        <state>OR</state>
        <postalCode>97266</postalCode>
        <country nullFlavor="UNK" />
      </addr>
      <telecom use="WP" value="tel:5555551002" />
      <assignedPerson>
        <name>
          <given>mary</given>
          <family>McDonald</family>
        </name>
      </assignedPerson>
    </assignedEntity>
  </dataEnterer>
  <custodian>
    <assignedCustodian>
      <representedCustodianOrganization>
        <id root="2.16.840.1.113883.4.6" extension="1247536505" />
        <name>
          <prefix>iPatientCare MU2</prefix>
        </name>
        <telecom use="WP" value="tel:732-993-4600x11" />
        <addr>
          <streetAddressLine>2070 Test Park</streetAddressLine>
          <city>Los angeles</city>
          <state>CA</state>
          <postalCode>90067</postalCode>
          <country>US</country>
        </addr>
      </representedCustodianOrganization>
    </assignedCustodian>
  </custodian>
  <documentationOf>
    <serviceEvent classCode="PCPR">
      <effectiveTime>
        <low value="20170921" />
        <high value="20170921" />
      </effectiveTime>
      <performer typeCode="PRF">
        <assignedEntity>
          <id root="2.16.840.1.113883.4.6" extension="123123" />
          <code code="207R00000X" displayName="Internal Medicine" codeSystem="2.16.840.1.113883.6.101" codeSystemName="NUCC" />
          <addr>
            <streetAddressLine>1002 Healthcare Dr.,</streetAddressLine>
            <city>PROGRESS</city>
            <state>OR</state>
            <postalCode>97005</postalCode>
            <country>United States</country>
          </addr>
          <telecom use="HP" value="tel:555-555-1002" />
          <assignedPerson>
            <name>
              <given>Henry</given>
              <family>Seven</family>
            </name>
          </assignedPerson>
        </assignedEntity>
      </performer>
      <performer typeCode="PRF">
        <assignedEntity>
          <id root="2.16.840.1.113883.4.6" extension="999999999" />
          <addr>
            <streetAddressLine>Community Health and Hospitals,  1002, Healthcare Dr</streetAddressLine>
            <city>PORTLAND</city>
            <state>OR</state>
            <postalCode>97266</postalCode>
            <country nullFlavor="UNK" />
          </addr>
          <telecom use="WP" value="tel:5555551002" />
          <assignedPerson>
            <name>
              <given>mary</given>
              <family>McDonald</family>
            </name>
          </assignedPerson>
        </assignedEntity>
      </performer>
    </serviceEvent>
  </documentationOf>
  <component>
    <structuredBody>
      <component>
        <section>
          <templateId root="2.16.840.1.113883.10.20.22.2.6.1" extension="2015-08-01" />
          <templateId root="2.16.840.1.113883.10.20.22.2.6.1" />
          <code code="48765-2" displayName="Allergy LIST" codeSystem="2.16.840.1.113883.6.1" codeSystemName="LOINC" />
          <title>Allergies</title>
          <text>
            <table border="1" width="100%">
              <thead>
                <tr>
                  <th>Code System</th>
                  <th>Code</th>
                  <th>Substance</th>
                  <th>Reaction</th>
                  <th>Severity</th>
                  <th>Date Recorded</th>
                  <th>Status</th>
                </tr>
              </thead>
              <tbody>
                <tr>
                  <td>RxNorm</td>
                  <td>7980</td>
                  <td>
                    <content ID="Allergies-0">Penicillin G benzathine</content>
                  </td>
                  <td>Hives</td>
                  <td />
                  <td>05/01/1980</td>
                  <td>active</td>
                </tr>
                <tr>
                  <td>RxNorm</td>
                  <td>733</td>
                  <td>
                    <content ID="Allergies-1">Ampicillin</content>
                  </td>
                  <td>Hives</td>
                  <td />
                  <td>05/01/1980</td>
                  <td>active</td>
                </tr>
              </tbody>
            </table>
          </text>
          <entry typeCode="DRIV">
            <act classCode="ACT" moodCode="EVN">
              <templateId root="2.16.840.1.113883.10.20.22.4.30" extension="2015-08-01" />
              <templateId root="2.16.840.1.113883.10.20.22.4.30" />
              <id root="Alr0FAEC09A8-8D8B-4998-9919-E04699523880" extension="100" />
              <code code="48765-2" displayName="Allergies, adverse reactions, alerts" codeSystem="2.16.840.1.113883.6.1" codeSystemName="LOINC" />
              <statusCode code="active" />
              <effectiveTime>
                <low value="19800501" />
                <high nullFlavor="UNK" />
              </effectiveTime>
              <entryRelationship typeCode="SUBJ" inversionInd="true">
                <observation classCode="OBS" moodCode="EVN">
                  <templateId root="2.16.840.1.113883.10.20.22.4.7" extension="2014-06-09" />
                  <templateId root="2.16.840.1.113883.10.20.22.4.7" />
                  <id root="Allre08FF444AF-4327-4A54-A709-9D53D6D2AE29" extension="102" />
                  <code code="ASSERTION" codeSystem="2.16.840.1.113883.5.4" />
                  <statusCode code="completed" />
                  <effectiveTime>
                    <low nullFlavor="UNK" />
                  </effectiveTime>
                  <value xsi:type="CD" nullFlavor="UNK" />
                  <participant typeCode="CSM">
                    <participantRole classCode="MANU">
                      <playingEntity classCode="MMAT">
                        <code code="7980" displayName="Penicillin G benzathine" codeSystem="2.16.840.1.113883.6.88" codeSystemName="RxNorm">
                          <originalText>
                            <reference value="#Allergies-0" />
                          </originalText>
                        </code>
                      </playingEntity>
                    </participantRole>
                  </participant>
                  <entryRelationship typeCode="MFST" inversionInd="true">
                    <observation classCode="OBS" moodCode="EVN">
                      <templateId root="2.16.840.1.113883.10.20.22.4.9" extension="2014-06-09" />
                      <templateId root="2.16.840.1.113883.10.20.22.4.9" />
                      <id root="Alrrea504541DEAA-7B93-4AAC-8A9C-07235ED39CBC" />
                      <code nullFlavor="NA" />
                      <text>
                        <reference value="#Allergies-0" />
                      </text>
                      <statusCode code="completed" />
                      <effectiveTime>
                        <low value="19800501" />
                      </effectiveTime>
                      <value code="247472004" codeSystem="2.16.840.1.113883.6.96" codeSystemName="SNOMED CT" displayName="Hives" xsi:type="CD" />
                      <entryRelationship typeCode="SUBJ" inversionInd="true">
                        <observation classCode="OBS" moodCode="EVN">
                          <templateId root="2.16.840.1.113883.10.20.22.4.8" extension="2014-06-09" />
                          <templateId root="2.16.840.1.113883.10.20.22.4.8" />
                          <code code="SEV" displayName="Severity Observation" codeSystem="2.16.840.1.113883.5.4" codeSystemName="ActCode" />
                          <text>
                            <reference value="#Allergies-0" />
                          </text>
                          <statusCode code="completed" />
                          <value xsi:type="CD" nullFlavor="UNK" />
                        </observation>
                      </entryRelationship>
                    </observation>
                  </entryRelationship>
                  <entryRelationship typeCode="SUBJ" inversionInd="true">
                    <observation classCode="OBS" moodCode="EVN">
                      <templateId root="2.16.840.1.113883.10.20.22.4.8" extension="2014-06-09" />
                      <templateId root="2.16.840.1.113883.10.20.22.4.8" />
                      <code code="SEV" displayName="Severity Observation" codeSystem="2.16.840.1.113883.5.4" codeSystemName="ActCode" />
                      <text>
                        <reference value="#Allergies-0" />
                      </text>
                      <statusCode code="completed" />
                      <value xsi:type="CD" nullFlavor="UNK" />
                    </observation>
                  </entryRelationship>
                </observation>
              </entryRelationship>
            </act>
          </entry>
          <entry typeCode="DRIV">
            <act classCode="ACT" moodCode="EVN">
              <templateId root="2.16.840.1.113883.10.20.22.4.30" extension="2015-08-01" />
              <templateId root="2.16.840.1.113883.10.20.22.4.30" />
              <id root="Alr1F4AFEC5A-4FDE-4AAA-9C9E-1F63F4F29F1B" extension="101" />
              <code code="48765-2" displayName="Allergies, adverse reactions, alerts" codeSystem="2.16.840.1.113883.6.1" codeSystemName="LOINC" />
              <statusCode code="active" />
              <effectiveTime>
                <low value="19800501" />
                <high nullFlavor="UNK" />
              </effectiveTime>
              <entryRelationship typeCode="SUBJ" inversionInd="true">
                <observation classCode="OBS" moodCode="EVN">
                  <templateId root="2.16.840.1.113883.10.20.22.4.7" extension="2014-06-09" />
                  <templateId root="2.16.840.1.113883.10.20.22.4.7" />
                  <id root="Allre18D32BA0B-08AF-4E02-A2C9-46F60D292831" extension="103" />
                  <code code="ASSERTION" codeSystem="2.16.840.1.113883.5.4" />
                  <statusCode code="completed" />
                  <effectiveTime>
                    <low nullFlavor="UNK" />
                  </effectiveTime>
                  <value xsi:type="CD" nullFlavor="UNK" />
                  <participant typeCode="CSM">
                    <participantRole classCode="MANU">
                      <playingEntity classCode="MMAT">
                        <code code="733" displayName="Ampicillin" codeSystem="2.16.840.1.113883.6.88" codeSystemName="RxNorm">
                          <originalText>
                            <reference value="#Allergies-1" />
                          </originalText>
                        </code>
                      </playingEntity>
                    </participantRole>
                  </participant>
                  <entryRelationship typeCode="MFST" inversionInd="true">
                    <observation classCode="OBS" moodCode="EVN">
                      <templateId root="2.16.840.1.113883.10.20.22.4.9" extension="2014-06-09" />
                      <templateId root="2.16.840.1.113883.10.20.22.4.9" />
                      <id root="Alrrea518CEA4EC3-4872-4048-B8B9-B1AA131DBF81" />
                      <code nullFlavor="NA" />
                      <text>
                        <reference value="#Allergies-1" />
                      </text>
                      <statusCode code="completed" />
                      <effectiveTime>
                        <low value="19800501" />
                      </effectiveTime>
                      <value code="247472004" codeSystem="2.16.840.1.113883.6.96" codeSystemName="SNOMED CT" displayName="Hives" xsi:type="CD" />
                      <entryRelationship typeCode="SUBJ" inversionInd="true">
                        <observation classCode="OBS" moodCode="EVN">
                          <templateId root="2.16.840.1.113883.10.20.22.4.8" extension="2014-06-09" />
                          <templateId root="2.16.840.1.113883.10.20.22.4.8" />
                          <code code="SEV" displayName="Severity Observation" codeSystem="2.16.840.1.113883.5.4" codeSystemName="ActCode" />
                          <text>
                            <reference value="#Allergies-1" />
                          </text>
                          <statusCode code="completed" />
                          <value xsi:type="CD" nullFlavor="UNK" />
                        </observation>
                      </entryRelationship>
                    </observation>
                  </entryRelationship>
                  <entryRelationship typeCode="SUBJ" inversionInd="true">
                    <observation classCode="OBS" moodCode="EVN">
                      <templateId root="2.16.840.1.113883.10.20.22.4.8" extension="2014-06-09" />
                      <templateId root="2.16.840.1.113883.10.20.22.4.8" />
                      <code code="SEV" displayName="Severity Observation" codeSystem="2.16.840.1.113883.5.4" codeSystemName="ActCode" />
                      <text>
                        <reference value="#Allergies-1" />
                      </text>
                      <statusCode code="completed" />
                      <value xsi:type="CD" nullFlavor="UNK" />
                    </observation>
                  </entryRelationship>
                </observation>
              </entryRelationship>
            </act>
          </entry>
        </section>
      </component>
      <component>
        <section>
          <templateId root="2.16.840.1.113883.10.20.22.2.3.1" extension="2015-08-01" />
          <templateId root="2.16.840.1.113883.10.20.22.2.3.1" />
          <code code="30954-2" displayName="Lab Result" codeSystem="2.16.840.1.113883.6.1" codeSystemName="Lonic" />
          <title>Results</title>
          <text>
            <paragraph>No Lab Result inforamtion.</paragraph>
          </text>
          <entry typeCode="DRIV">
            <organizer classCode="BATTERY" moodCode="EVN">
              <templateId root="2.16.840.1.113883.10.20.22.4.1" extension="2015-08-01" />
              <templateId root="2.16.840.1.113883.10.20.22.4.1" />
              <id root="labre4137909E-AC82-491E-9AF1-0338C5D00523" extension="300" />
              <code nullFlavor="UNK" />
              <statusCode code="completed" />
              <component>
                <observation classCode="OBS" moodCode="EVN">
                  <templateId root="2.16.840.1.113883.10.20.22.4.2" extension="2015-08-01" />
                  <templateId root="2.16.840.1.113883.10.20.22.4.2" />
                  <id root="labobC3084CFA-0508-4EFB-91CC-D1C20A4293D5" extension="300" />
                  <code nullFlavor="UNK" />
                  <statusCode code="completed" />
                  <effectiveTime nullFlavor="UNK" />
                  <value xsi:type="PQ" nullFlavor="UNK" />
                </observation>
              </component>
            </organizer>
          </entry>
        </section>
      </component>
      <component>
        <section>
          <templateId root="2.16.840.1.113883.10.20.22.2.1.1" extension="2014-06-09" />
          <templateId root="2.16.840.1.113883.10.20.22.2.1.1" />
          <code code="10160-0" displayName="HISTORY OF MEDICATION USE" codeSystem="2.16.840.1.113883.6.1" codeSystemName="LOINC" />
          <title>List of Medications</title>
          <text>
            <table border="1" width="100%">
              <thead>
                <tr>
                  <th>Code System</th>
                  <th>Code</th>
                  <th>Medication</th>
                  <th>Instruction</th>
                  <th>Date Started</th>
                  <th>Status</th>
                </tr>
              </thead>
              <tbody>
                <tr>
                  <td>
                    <content ID="Medication-0">RxNorm</content>
                  </td>
                  <td>731241</td>
                  <td>Aranesp 0.5 Mg/Ml 1</td>
                  <td>Take 1  INTRAVENOUS tid (three times a day)  for 9 days</td>
                  <td>06/20/2015</td>
                  <td>completed</td>
                </tr>
                <tr>
                  <td>
                    <content ID="Medication-1">RxNorm</content>
                  </td>
                  <td>209459</td>
                  <td>Tylenol 500Mg 1</td>
                  <td>Take 1  ORAL qd (every day)</td>
                  <td>06/20/2015</td>
                  <td>active</td>
                </tr>
              </tbody>
            </table>
          </text>
          <entry>
            <substanceAdministration classCode="SBADM" moodCode="EVN">
              <templateId root="2.16.840.1.113883.10.20.22.4.16" extension="2014-06-09" />
              <templateId root="2.16.840.1.113883.10.20.22.4.16" />
              <id root="MED04908C13E-D8FB-4D6C-B916-25E3E2CE9089" extension="10001" />
              <statusCode code="completed" />
              <effectiveTime xsi:type="IVL_TS">
                <low value="20150620" />
                <high value="20150629" />
              </effectiveTime>
              <effectiveTime xsi:type="PIVL_TS" institutionSpecified="true" operator="A">
                <period value="8" unit="h" />
              </effectiveTime>
              <routeCode code="C38276" displayName="INTRAVENOUS" codeSystem="2.16.840.1.113883.3.26.1.1" codeSystemName="NCI Thesaurus" />
              <doseQuantity value="1" />
              <consumable>
                <manufacturedProduct classCode="MANU">
                  <templateId root="2.16.840.1.113883.10.20.22.4.23" extension="2014-06-09" />
                  <templateId root="2.16.840.1.113883.10.20.22.4.23" />
                  <manufacturedMaterial>
                    <code code="731241" displayName="Aranesp 0.5 Mg/Ml 1" codeSystem="2.16.840.1.113883.6.88" codeSystemName="RxNorm">
                      <originalText>
                        <reference value="#Medication-0" />
                      </originalText>
                    </code>
                  </manufacturedMaterial>
                </manufacturedProduct>
              </consumable>
            </substanceAdministration>
          </entry>
          <entry>
            <substanceAdministration classCode="SBADM" moodCode="EVN">
              <templateId root="2.16.840.1.113883.10.20.22.4.16" extension="2014-06-09" />
              <templateId root="2.16.840.1.113883.10.20.22.4.16" />
              <id root="MED1B5D652F7-903D-4373-B1C7-C9583219F89A" extension="10002" />
              <statusCode code="active" />
              <effectiveTime xsi:type="IVL_TS">
                <low value="20150620" />
                <high nullFlavor="UNK" />
              </effectiveTime>
              <effectiveTime xsi:type="PIVL_TS" institutionSpecified="true" operator="A">
                <period value="24" unit="h" />
              </effectiveTime>
              <routeCode code="C38288" displayName="ORAL" codeSystem="2.16.840.1.113883.3.26.1.1" codeSystemName="NCI Thesaurus" />
              <doseQuantity value="1" />
              <consumable>
                <manufacturedProduct classCode="MANU">
                  <templateId root="2.16.840.1.113883.10.20.22.4.23" extension="2014-06-09" />
                  <templateId root="2.16.840.1.113883.10.20.22.4.23" />
                  <manufacturedMaterial>
                    <code code="209459" displayName="Tylenol 500Mg 1" codeSystem="2.16.840.1.113883.6.88" codeSystemName="RxNorm">
                      <originalText>
                        <reference value="#Medication-1" />
                      </originalText>
                    </code>
                  </manufacturedMaterial>
                </manufacturedProduct>
              </consumable>
            </substanceAdministration>
          </entry>
        </section>
      </component>
      <component>
        <section>
          <templateId root="2.16.840.1.113883.10.20.22.2.5.1" extension="2015-08-01" />
          <templateId root="2.16.840.1.113883.10.20.22.2.5.1" />
          <code code="11450-4" displayName="PROBLEM LIST" codeSystem="2.16.840.1.113883.6.1" codeSystemName="LOINC" />
          <title>Active Problems</title>
          <text>
            <table border="1" width="100%">
              <thead>
                <tr>
                  <th>Problem</th>
                  <th>Type</th>
                  <th>Date</th>
                  <th>SNOMED CT</th>
                  <th>ICD Code</th>
                  <th>Status</th>
                </tr>
              </thead>
              <tbody>
                <tr>
                  <td>
                    <content ID="Problem-0">Essential hypertension (disorder)</content>
                  </td>
                  <td>Condition</td>
                  <td>10/05/2015</td>
                  <td>59621000</td>
                  <td>401.9 (ICD 9)</td>
                  <td>active</td>
                </tr>
                <tr>
                  <td>
                    <content ID="Problem-1">Interstitial pneumonia (disorder)</content>
                  </td>
                  <td>Condition</td>
                  <td>06/20/2015</td>
                  <td>64667001</td>
                  <td>516.8 (ICD 9)</td>
                  <td>active</td>
                </tr>
                <tr>
                  <td>
                    <content ID="Problem-2">Iron deficiency anemia (disorder)</content>
                  </td>
                  <td>Condition</td>
                  <td>06/20/2015</td>
                  <td>87522002</td>
                  <td>280.9 (ICD 9)</td>
                  <td>active</td>
                </tr>
                <tr>
                  <td>
                    <content ID="Problem-3">Chronic rejection of renal transplant (disorder)</content>
                  </td>
                  <td>Condition</td>
                  <td>12/31/2006</td>
                  <td>236578006</td>
                  <td>T86.11</td>
                  <td>active</td>
                </tr>
                <tr>
                  <td>
                    <content ID="Problem-4">Severe hypothyroidism (disorder)</content>
                  </td>
                  <td>Condition</td>
                  <td>12/31/2006</td>
                  <td>83986005</td>
                  <td>E03.9</td>
                  <td>active</td>
                </tr>
                <tr>
                  <td>
                    <content ID="Problem-5">Overweight (finding)</content>
                  </td>
                  <td>Diagnosis</td>
                  <td>12/31/2006</td>
                  <td>238131007</td>
                  <td>E66.3</td>
                  <td>completed</td>
                </tr>
              </tbody>
            </table>
          </text>
          <entry>
            <act classCode="ACT" moodCode="EVN">
              <templateId root="2.16.840.1.113883.10.20.22.4.3" extension="2015-08-01" />
              <templateId root="2.16.840.1.113883.10.20.22.4.3" />
              <id root="PRB00F5999B0-C721-48CE-89C8-530F61A49228" extension="400" />
              <code code="CONC" displayName="Concern" codeSystem="2.16.840.1.113883.5.6" />
              <statusCode code="active" />
              <effectiveTime>
                <low value="20151005" />
                <high nullFlavor="UNK" />
              </effectiveTime>
              <entryRelationship typeCode="SUBJ">
                <observation classCode="OBS" moodCode="EVN">
                  <templateId root="2.16.840.1.113883.10.20.22.4.4" extension="2015-08-01" />
                  <templateId root="2.16.840.1.113883.10.20.22.4.4" />
                  <id root="PRBRE0C445E3B9-045B-4737-8053-142977ABA1AD" extension="401" />
                  <code code="64572001" displayName="Condition" codeSystem="2.16.840.1.113883.6.96" codeSystemName="SNOMED CT">
                    <translation code="75323-6" displayName="Condition" codeSystem="2.16.840.1.113883.6.1" codeSystemName="LOINC" />
                  </code>
                  <text>
                    <reference value="#Problem-0" />
                  </text>
                  <statusCode code="completed" />
                  <effectiveTime>
                    <low value="20151005" />
                    <high nullFlavor="UNK" />
                  </effectiveTime>
                  <value code="59621000" codeSystem="2.16.840.1.113883.6.96" codeSystemName="SNOMED CT" displayName="Essential hypertension (disorder)" xsi:type="CD" />
                </observation>
              </entryRelationship>
            </act>
          </entry>
          <entry>
            <act classCode="ACT" moodCode="EVN">
              <templateId root="2.16.840.1.113883.10.20.22.4.3" extension="2015-08-01" />
              <templateId root="2.16.840.1.113883.10.20.22.4.3" />
              <id root="PRB126C7461F-504D-4298-B7E8-494B63741DD0" extension="401" />
              <code code="CONC" displayName="Concern" codeSystem="2.16.840.1.113883.5.6" />
              <statusCode code="active" />
              <effectiveTime>
                <low value="20150620" />
                <high nullFlavor="UNK" />
              </effectiveTime>
              <entryRelationship typeCode="SUBJ">
                <observation classCode="OBS" moodCode="EVN">
                  <templateId root="2.16.840.1.113883.10.20.22.4.4" extension="2015-08-01" />
                  <templateId root="2.16.840.1.113883.10.20.22.4.4" />
                  <id root="PRBRE1183D7C59-5EA6-4E4B-B41B-ABD433F6BD57" extension="402" />
                  <code code="64572001" displayName="Condition" codeSystem="2.16.840.1.113883.6.96" codeSystemName="SNOMED CT">
                    <translation code="75323-6" displayName="Condition" codeSystem="2.16.840.1.113883.6.1" codeSystemName="LOINC" />
                  </code>
                  <text>
                    <reference value="#Problem-1" />
                  </text>
                  <statusCode code="completed" />
                  <effectiveTime>
                    <low value="20150620" />
                    <high nullFlavor="UNK" />
                  </effectiveTime>
                  <value code="64667001" codeSystem="2.16.840.1.113883.6.96" codeSystemName="SNOMED CT" displayName="Interstitial pneumonia (disorder)" xsi:type="CD" />
                </observation>
              </entryRelationship>
            </act>
          </entry>
          <entry>
            <act classCode="ACT" moodCode="EVN">
              <templateId root="2.16.840.1.113883.10.20.22.4.3" extension="2015-08-01" />
              <templateId root="2.16.840.1.113883.10.20.22.4.3" />
              <id root="PRB2D6B2DB6F-3A09-4C8A-A8DC-D0B24B960511" extension="402" />
              <code code="CONC" displayName="Concern" codeSystem="2.16.840.1.113883.5.6" />
              <statusCode code="active" />
              <effectiveTime>
                <low value="20150620" />
                <high nullFlavor="UNK" />
              </effectiveTime>
              <entryRelationship typeCode="SUBJ">
                <observation classCode="OBS" moodCode="EVN">
                  <templateId root="2.16.840.1.113883.10.20.22.4.4" extension="2015-08-01" />
                  <templateId root="2.16.840.1.113883.10.20.22.4.4" />
                  <id root="PRBRE273BCBD2C-72C3-4A21-9DB0-339B978F1E6E" extension="403" />
                  <code code="64572001" displayName="Condition" codeSystem="2.16.840.1.113883.6.96" codeSystemName="SNOMED CT">
                    <translation code="75323-6" displayName="Condition" codeSystem="2.16.840.1.113883.6.1" codeSystemName="LOINC" />
                  </code>
                  <text>
                    <reference value="#Problem-2" />
                  </text>
                  <statusCode code="completed" />
                  <effectiveTime>
                    <low value="20150620" />
                    <high nullFlavor="UNK" />
                  </effectiveTime>
                  <value code="87522002" codeSystem="2.16.840.1.113883.6.96" codeSystemName="SNOMED CT" displayName="Iron deficiency anemia (disorder)" xsi:type="CD" />
                </observation>
              </entryRelationship>
            </act>
          </entry>
          <entry>
            <act classCode="ACT" moodCode="EVN">
              <templateId root="2.16.840.1.113883.10.20.22.4.3" extension="2015-08-01" />
              <templateId root="2.16.840.1.113883.10.20.22.4.3" />
              <id root="PRB32A522FCD-51F3-4E9F-BDD3-0ED60EF54197" extension="403" />
              <code code="CONC" displayName="Concern" codeSystem="2.16.840.1.113883.5.6" />
              <statusCode code="active" />
              <effectiveTime>
                <low value="20061231" />
                <high nullFlavor="UNK" />
              </effectiveTime>
              <entryRelationship typeCode="SUBJ">
                <observation classCode="OBS" moodCode="EVN">
                  <templateId root="2.16.840.1.113883.10.20.22.4.4" extension="2015-08-01" />
                  <templateId root="2.16.840.1.113883.10.20.22.4.4" />
                  <id root="PRBRE38D326A5C-1EA4-4CA9-A0B1-BDC8283718F8" extension="404" />
                  <code code="64572001" displayName="Condition" codeSystem="2.16.840.1.113883.6.96" codeSystemName="SNOMED CT">
                    <translation code="75323-6" displayName="Condition" codeSystem="2.16.840.1.113883.6.1" codeSystemName="LOINC" />
                  </code>
                  <text>
                    <reference value="#Problem-3" />
                  </text>
                  <statusCode code="completed" />
                  <effectiveTime>
                    <low value="20061231" />
                    <high nullFlavor="UNK" />
                  </effectiveTime>
                  <value code="236578006" codeSystem="2.16.840.1.113883.6.96" codeSystemName="SNOMED CT" displayName="Chronic rejection of renal transplant (disorder)" xsi:type="CD" />
                </observation>
              </entryRelationship>
            </act>
          </entry>
          <entry>
            <act classCode="ACT" moodCode="EVN">
              <templateId root="2.16.840.1.113883.10.20.22.4.3" extension="2015-08-01" />
              <templateId root="2.16.840.1.113883.10.20.22.4.3" />
              <id root="PRB433D31B41-5648-4B3F-A035-A40DC86289B4" extension="404" />
              <code code="CONC" displayName="Concern" codeSystem="2.16.840.1.113883.5.6" />
              <statusCode code="active" />
              <effectiveTime>
                <low value="20061231" />
                <high nullFlavor="UNK" />
              </effectiveTime>
              <entryRelationship typeCode="SUBJ">
                <observation classCode="OBS" moodCode="EVN">
                  <templateId root="2.16.840.1.113883.10.20.22.4.4" extension="2015-08-01" />
                  <templateId root="2.16.840.1.113883.10.20.22.4.4" />
                  <id root="PRBRE474FC0113-B7C6-4537-B50C-A6463CAC2404" extension="405" />
                  <code code="64572001" displayName="Condition" codeSystem="2.16.840.1.113883.6.96" codeSystemName="SNOMED CT">
                    <translation code="75323-6" displayName="Condition" codeSystem="2.16.840.1.113883.6.1" codeSystemName="LOINC" />
                  </code>
                  <text>
                    <reference value="#Problem-4" />
                  </text>
                  <statusCode code="completed" />
                  <effectiveTime>
                    <low value="20061231" />
                    <high nullFlavor="UNK" />
                  </effectiveTime>
                  <value code="83986005" codeSystem="2.16.840.1.113883.6.96" codeSystemName="SNOMED CT" displayName="Severe hypothyroidism (disorder)" xsi:type="CD" />
                </observation>
              </entryRelationship>
            </act>
          </entry>
          <entry>
            <act classCode="ACT" moodCode="EVN">
              <templateId root="2.16.840.1.113883.10.20.22.4.3" extension="2015-08-01" />
              <templateId root="2.16.840.1.113883.10.20.22.4.3" />
              <id root="PRB5763DAC7F-A1EA-4EBF-B4EE-748D84F561D2" extension="405" />
              <code code="CONC" displayName="Concern" codeSystem="2.16.840.1.113883.5.6" />
              <statusCode code="completed" />
              <effectiveTime>
                <low value="20061231" />
                <high value="20070601" />
              </effectiveTime>
              <entryRelationship typeCode="SUBJ">
                <observation classCode="OBS" moodCode="EVN">
                  <templateId root="2.16.840.1.113883.10.20.22.4.4" extension="2015-08-01" />
                  <templateId root="2.16.840.1.113883.10.20.22.4.4" />
                  <id root="PRBRE59AA8BD2F-B949-4DDE-AB6F-6537F39B1D88" extension="406" />
                  <code code="282291009" displayName="Diagnosis" codeSystem="2.16.840.1.113883.6.96" codeSystemName="SNOMED CT">
                    <translation code="29308-4" displayName="Diagnosis" codeSystem="2.16.840.1.113883.6.1" codeSystemName="LOINC" />
                  </code>
                  <text>
                    <reference value="#Problem-5" />
                  </text>
                  <statusCode code="completed" />
                  <effectiveTime>
                    <low value="20061231" />
                    <high value="20070601" />
                  </effectiveTime>
                  <value code="238131007" codeSystem="2.16.840.1.113883.6.96" codeSystemName="SNOMED CT" displayName="Overweight (finding)" xsi:type="CD" />
                </observation>
              </entryRelationship>
            </act>
          </entry>
        </section>
      </component>
      <component>
        <section>
          <templateId root="2.16.840.1.113883.10.20.22.2.7.1" extension="2014-06-09" />
          <templateId root="2.16.840.1.113883.10.20.22.2.7.1" />
          <code code="47519-4" displayName="HISTORY OF PROCEDURES" codeSystem="2.16.840.1.113883.6.1" codeSystemName="LOINC" />
          <title>List of Procedures</title>
          <text>
            <paragraph>No Procedure information.</paragraph>
          </text>
          <entry>
            <procedure classCode="PROC" moodCode="EVN">
              <templateId root="2.16.840.1.113883.10.20.22.4.14" extension="2014-06-09" />
              <templateId root="2.16.840.1.113883.10.20.22.4.14" />
              <id root="proce49FA33E1-7323-4796-8D66-E6E4519AD592" extension="500" />
              <code nullFlavor="UNK" />
              <statusCode code="completed" />
              <effectiveTime>
                <low nullFlavor="UNK" />
              </effectiveTime>
            </procedure>
          </entry>
        </section>
      </component>
      <component>
        <section>
          <templateId root="2.16.840.1.113883.10.20.22.2.4.1" extension="2015-08-01" />
          <templateId root="2.16.840.1.113883.10.20.22.2.4.1" />
          <code code="8716-3" displayName="VITAL SIGNS" codeSystem="2.16.840.1.113883.6.1" codeSystemName="LOINC" />
          <title>Vital Signs</title>
          <text>
            <paragraph>No Vital information.</paragraph>
          </text>
          <entry>
            <organizer classCode="CLUSTER" moodCode="EVN">
              <templateId root="2.16.840.1.113883.10.20.22.4.26" extension="2015-08-01" />
              <templateId root="2.16.840.1.113883.10.20.22.4.26" />
              <id root="VITDnokwon2ED48861-8309-4FAC-8324-CCCFB3C326E8" extension="700" />
              <code nullFlavor="UNK" />
              <statusCode code="completed" />
              <effectiveTime nullFlavor="UNK" />
              <component>
                <observation classCode="OBS" moodCode="EVN">
                  <templateId root="2.16.840.1.113883.10.20.22.4.27" extension="2014-06-09" />
                  <templateId root="2.16.840.1.113883.10.20.22.4.27" />
                  <id root="vit8A3066F3-1816-475A-9C80-1F3CD6DA2FC6" extension="700" />
                  <code nullFlavor="UNK" />
                  <text />
                  <statusCode code="completed" />
                  <effectiveTime nullFlavor="UNK" />
                  <value xsi:type="PQ" nullFlavor="UNK" />
                  <interpretationCode nullFlavor="UNK" />
                </observation>
              </component>
            </organizer>
          </entry>
        </section>
      </component>
      <component>
        <section>
          <templateId root="2.16.840.1.113883.10.20.22.2.17" extension="2015-08-01" />
          <templateId root="2.16.840.1.113883.10.20.22.2.17" />
          <code code="29762-2" displayName="Social History" codeSystem="2.16.840.1.113883.6.1" codeSystemName="Social History" />
          <title>Social History</title>
          <text>
            <table border="1" width="100%">
              <thead>
                <tr>
                  <th>Social History</th>
                  <th>SNOMED CT</th>
                  <th>Date</th>
                </tr>
              </thead>
              <tbody>
                <tr>
                  <td>
                    <content ID="BirthSexInfo">Birthsex:Female(AdministrativeGenderCode:F)</content>
                  </td>
                  <td />
                  <td>07/01/1970</td>
                </tr>
              </tbody>
            </table>
          </text>
          <entry>
            <observation classCode="OBS" moodCode="EVN">
              <templateId root="2.16.840.1.113883.10.20.22.4.200" extension="2014-06-09" />
              <templateId root="2.16.840.1.113883.10.20.22.4.200" />
              <code code="76689-9" displayName="Sex Assigned At Birth" codeSystem="2.16.840.1.113883.6.1" codeSystemName="LOINC" />
              <text>
                <reference value="#BirthSexInfo" />
              </text>
              <statusCode code="completed" />
              <effectiveTime value="19700701" />
              <value code="F" codeSystem="2.16.840.1.113883.5.1" codeSystemName="Gender" displayName="Female" xsi:type="CD" />
            </observation>
          </entry>
        </section>
      </component>
      <component>
        <section>
          <templateId root="2.16.840.1.113883.10.20.22.2.12" />
          <code code="29299-5" displayName="REASON FOR VISIT" codeSystem="2.16.840.1.113883.6.1" codeSystemName="LOINC" />
          <title>Reason For Hospitalization</title>
          <text>
            <paragraph>No information.</paragraph>
          </text>
        </section>
      </component>
      <component>
        <section>
          <templateId root="1.3.6.1.4.1.19376.1.5.3.1.3.1" extension="2014-06-09" />
          <templateId root="1.3.6.1.4.1.19376.1.5.3.1.3.1" />
          <code code="42349-1" displayName="REASON FOR REFERRAL" codeSystem="2.16.840.1.113883.6.1" codeSystemName="LOINC" />
          <title>Reason for Referral</title>
          <text>
            <paragraph>No information.</paragraph>
          </text>
        </section>
      </component>
      <component>
        <section>
          <templateId root="2.16.840.1.113883.10.20.22.2.10" extension="2014-06-09" />
          <templateId root="2.16.840.1.113883.10.20.22.2.10" />
          <code code="18776-5" displayName="Treatment plan" codeSystem="2.16.840.1.113883.6.1" codeSystemName="LOINC" />
          <title>Plan of Care</title>
          <text>
            <paragraph>No information.</paragraph>
          </text>
        </section>
      </component>
      <component>
        <section>
          <templateId root="2.16.840.1.113883.10.20.22.2.2" />
          <templateId root="2.16.840.1.113883.10.20.22.2.2.1" extension="2015-08-01" />
          <templateId root="2.16.840.1.113883.10.20.22.2.2.1" />
          <code code="11369-6" displayName="History of immunizations" codeSystem="2.16.840.1.113883.6.1" codeSystemName="LOINC" />
          <title>List of Immunizations</title>
          <text>
            <paragraph>No Immunization information.</paragraph>
          </text>
          <entry>
            <substanceAdministration classCode="SBADM" moodCode="EVN" negationInd="true">
              <templateId root="2.16.840.1.113883.10.20.22.4.52" extension="2015-08-01" />
              <templateId root="2.16.840.1.113883.10.20.22.4.52" />
              <id root="Immu0A21C674-F03F-45B4-967A-1289EDBD055F" extension="200" />
              <statusCode code="completed" />
              <effectiveTime nullFlavor="UNK" />
              <consumable>
                <manufacturedProduct classCode="MANU">
                  <templateId root="2.16.840.1.113883.10.20.22.4.54" extension="2014-06-09" />
                  <templateId root="2.16.840.1.113883.10.20.22.4.54" />
                  <manufacturedMaterial>
                    <code nullFlavor="UNK" />
                  </manufacturedMaterial>
                  <manufacturerOrganization>
                    <name>None</name>
                  </manufacturerOrganization>
                </manufacturedProduct>
              </consumable>
            </substanceAdministration>
          </entry>
        </section>
      </component>
      <component>
        <section>
          <templateId root="2.16.840.1.113883.10.20.22.2.18" extension="2015-08-01" />
          <templateId root="2.16.840.1.113883.10.20.22.2.18" />
          <code code="48768-6" displayName="Payers" codeSystem="2.16.840.1.113883.6.1" codeSystemName="LOINC" />
          <title>Payers</title>
          <text>
            <paragraph>No Payer information.</paragraph>
          </text>
        </section>
      </component>
      <component>
        <section>
          <templateId root="2.16.840.1.113883.10.20.22.2.22.1" extension="2015-08-01" />
          <templateId root="2.16.840.1.113883.10.20.22.2.22.1" />
          <code code="46240-8" displayName="HISTORY OF ENCOUNTERS" codeSystem="2.16.840.1.113883.6.1" codeSystemName="LOINC" />
          <title>Encounters</title>
          <text>
            <paragraph>No Encounter information.</paragraph>
          </text>
          <entry typeCode="DRIV">
            <encounter classCode="ENC" moodCode="EVN">
              <templateId root="2.16.840.1.113883.10.20.22.4.49" extension="2015-08-01" />
              <templateId root="2.16.840.1.113883.10.20.22.4.49" />
              <id root="ENC034588D40-6A3D-4BC9-817F-AA0EE7334A9C" extension="20001" />
              <code nullFlavor="UNK" />
              <effectiveTime nullFlavor="UNK" />
            </encounter>
          </entry>
        </section>
      </component>
      <component>
        <section>
          <templateId root="2.16.840.1.113883.10.20.22.2.23" extension="2014-06-09" />
          <code code="46264-8" displayName="Medical Equipment" codeSystem="2.16.840.1.113883.6.1" codeSystemName="LOINC" />
          <title>Medical Equipment</title>
          <text>
            <paragraph>No implanted devices.</paragraph>
          </text>
        </section>
      </component>
      <component>
        <section>
          <templateId root="2.16.840.1.113883.10.20.22.2.8" />
          <code code="51848-0" displayName="Assessments" codeSystem="2.16.840.1.113883.6.1" codeSystemName="LOINC" />
          <title>Assessments</title>
          <text>
            <paragraph>No information.</paragraph>
          </text>
        </section>
      </component>
      <component>
        <section>
          <templateId root="2.16.840.1.113883.10.20.22.2.58" />
          <code code="75310-3" displayName="Health Concerns" codeSystem="2.16.840.1.113883.6.1" codeSystemName="LOINC" />
          <title>Health Concerns</title>
          <text>
            <paragraph>No information.</paragraph>
          </text>
        </section>
      </component>
      <component>
        <section nullFlavor="NI">
          <templateId root="2.16.840.1.113883.10.20.22.2.60" />
          <code code="61146-7" displayName="Goals" codeSystem="2.16.840.1.113883.6.1" codeSystemName="LOINC" />
          <title>Goals Section</title>
          <text>
            <paragraph>No information.</paragraph>
          </text>
        </section>
      </component>
      <component>
        <section>
          <templateId root="2.16.840.1.113883.10.20.22.2.14" extension="2014-06-09" />
          <templateId root="2.16.840.1.113883.10.20.22.2.14" />
          <code code="47420-5" displayName="Functional Status" codeSystem="2.16.840.1.113883.6.1" codeSystemName="LOINC" />
          <title>Functional Status</title>
          <text>
            <paragraph>No information.</paragraph>
          </text>
        </section>
      </component>
      <component>
        <section>
          <templateId root="2.16.840.1.113883.10.20.22.2.56" extension="2015-08-01" />
          <templateId root="2.16.840.1.113883.10.20.22.2.56" />
          <code code="10190-7" displayName="Mental Status" codeSystem="2.16.840.1.113883.6.1" codeSystemName="LOINC" />
          <title>Mental Status</title>
          <text>
            <paragraph>No information.</paragraph>
          </text>
        </section>
      </component>
      <component>
        <section>
          <templateId root="2.16.840.1.113883.10.20.22.2.15" extension="2015-08-01" />
          <templateId root="2.16.840.1.113883.10.20.22.2.15" />
          <code code="10157-6" displayName="Family History" codeSystem="2.16.840.1.113883.6.1" codeSystemName="LOINC" />
          <title>Family History</title>
          <text>
            <paragraph>No known family history.</paragraph>
          </text>
        </section>
      </component>
      <component>
        <section>
          <templateId root="2.16.840.1.113883.10.20.22.2.21" extension="2015-08-01" />
          <templateId root="2.16.840.1.113883.10.20.22.2.21" />
          <code code="42348-3" displayName="Advance Directives" codeSystem="2.16.840.1.113883.6.1" codeSystemName="LOINC" />
          <title>Advance Directives</title>
          <text>
            <paragraph>No information.</paragraph>
          </text>
        </section>
      </component>
      <component>
        <section>
          <templateId root="2.16.840.1.113883.10.20.22.2.41" />
          <code code="8653-8" displayName="HOSPITAL DISCHARGE INSTRUCTIONS" codeSystem="2.16.840.1.113883.6.1" codeSystemName="LOINC" />
          <title>Discharge Instruction</title>
          <text>
            <paragraph>No information.</paragraph>
          </text>
        </section>
      </component>
    </structuredBody>
  </component>
</ClinicalDocument>
