<?xml version="1.0" encoding="UTF-8"?>
<?xml-stylesheet type="text/xsl" href="CDA.xsl"?><ClinicalDocument xsi:schemaLocation="urn:hl7-org:v3 http://xreg2.nist.gov:8080/hitspValidation/schema/cdar2c32/infrastructure/cda/C32_CDA.xsd" xmlns:sdtc="urn:hl7-org:sdtc" xmlns:xsi="http://www.w3.org/2001/XMLSchema-instance" xmlns="urn:hl7-org:v3">
  <realmCode code="US" />
  <typeId root="2.16.840.1.113883.1.3" extension="POCD_HD000040" />
  <templateId root="2.16.840.1.113883.10.20.22.1.1" extension="2015-08-01" />
  <templateId root="2.16.840.1.113883.10.20.22.1.2" extension="2015-08-01" />
  <id root="2.16.840.1.113883.3.5909.1590101014.2.7779" assigningAuthorityName="iPatientCare" />
  <code code="34133-9" displayName="TOC" codeSystem="2.16.840.1.113883.6.1" codeSystemName="LOINC" />
  <title>iPatientCare MU2 Configuration: Summarization of Episode Note</title>
  <effectiveTime value="20171005152657" />
  <confidentialityCode code="N" displayName="Normal Sharing" codeSystem="2.16.840.1.113883.5.25" codeSystemName="HL7 Confidentiality" />
  <languageCode code="en-US" />
  <recordTarget>
    <patientRole>
      <id root="2.16.840.1.113883.3.5909.1590101014.1" extension="F0B086C31B4D4A3181" />
      <addr>
        <streetAddressLine>1357, Amber Dr</streetAddressLine>
        <city>Beaverton</city>
        <state>OR</state>
        <postalCode>97006</postalCode>
        <country>US</country>
      </addr>
      <telecom use="MC" value="tel:555-777-1234" />
      <telecom use="HP" value="tel:555-723-1544" />
      <patient>
        <name use="L">
          <given>Alice</given>
          <given>Jones</given>
          <family>Newman</family>
        </name>
        <name>
          <given qualifier="BR">Alicia</given>
          <family>Newman</family>
        </name>
        <administrativeGenderCode code="F" displayName="Female" codeSystem="2.16.840.1.113883.5.1" codeSystemName="AdministrativeGender" />
        <birthTime value="19700501" />
        <raceCode code="2106-3" displayName="White" codeSystem="2.16.840.1.113883.6.238" codeSystemName="CDC - Race and Ethnicity" />
        <sdtc:raceCode code="2108-9" displayName="European" codeSystem="2.16.840.1.113883.6.238" codeSystemName="CDC - Race and Ethnicity" />
        <ethnicGroupCode code="2186-5" displayName="Not Hispanic or Latino" codeSystem="2.16.840.1.113883.6.238" codeSystemName="CDC - Race and Ethnicity" />
        <languageCommunication>
          <languageCode code="en" />
        </languageCommunication>
      </patient>
    </patientRole>
  </recordTarget>
  <author>
    <time value="20171005" />
    <assignedAuthor>
      <id root="2.16.840.1.113883.4.6" extension="123456" />
      <code code="1223G0001X" displayName="General Practice" codeSystem="2.16.840.1.113883.6.101" codeSystemName="NUCC" />
      <addr>
        <streetAddressLine>2472, Rocky place</streetAddressLine>
        <city>Beaverton</city>
        <state>OR</state>
        <postalCode>97006</postalCode>
        <country>US</country>
        <useablePeriod xsi:type="IVL_TS">
          <low nullFlavor="NA" />
          <high nullFlavor="NA" />
        </useablePeriod>
      </addr>
      <telecom use="HP" value="tel:5555551002" />
      <assignedPerson>
        <name>
          <given>Albert</given>
          <family>Davis</family>
        </name>
      </assignedPerson>
      <representedOrganization>
        <id root="2.16.840.1.113883.3.5909.1590101014.1" extension="1590101014" />
        <name>iPatientCare MU2 Configuration</name>
        <telecom use="WP" value="tel:732-993-4600" />
        <addr>
          <streetAddressLine>Test New Address,</streetAddressLine>
          <city>APO</city>
          <state>AA</state>
          <postalCode>34023</postalCode>
          <country>United State</country>
        </addr>
      </representedOrganization>
    </assignedAuthor>
  </author>
  <dataEnterer>
    <assignedEntity>
      <id root="2.16.840.1.113883.4.6" />
      <addr>
        <streetAddressLine>2472, Rocky place</streetAddressLine>
        <city>Beaverton</city>
        <state>OR</state>
        <postalCode>97006</postalCode>
        <country>US</country>
      </addr>
      <telecom use="HP" value="tel:5555551002" />
      <assignedPerson>
        <name>
          <given>Tracy</given>
          <family>Davis</family>
        </name>
      </assignedPerson>
    </assignedEntity>
  </dataEnterer>
  <custodian>
    <assignedCustodian>
      <representedCustodianOrganization>
        <id root="2.16.840.1.113883.4.6" extension="1590101014" />
        <name>
          <prefix>iPatientCare MU2 Configuration</prefix>
        </name>
        <telecom use="WP" value="tel:732-993-4600" />
        <addr>
          <streetAddressLine>Test New Address,</streetAddressLine>
          <city>Apo</city>
          <state>AA</state>
          <postalCode>34023</postalCode>
          <country>United State</country>
        </addr>
      </representedCustodianOrganization>
    </assignedCustodian>
  </custodian>
  <documentationOf>
    <serviceEvent classCode="PCPR">
      <effectiveTime>
        <low value="20171005" />
        <high value="20171005" />
      </effectiveTime>
      <performer typeCode="PRF">
        <functionCode code="PP" codeSystem="2.16.840.1.113883.12.443" codeSystemName="Provider Role" displayName="Primary Care Provider">
          <originalText>Primary Care Provider</originalText>
        </functionCode>
        <assignedEntity>
          <id root="2.16.840.1.113883.4.6" extension="123456" />
          <code code="1223G0001X" displayName="General Practice" codeSystem="2.16.840.1.113883.6.101" codeSystemName="NUCC" />
          <addr>
            <streetAddressLine>2472, Rocky place</streetAddressLine>
            <city>BEAVERTON</city>
            <state>OR</state>
            <postalCode>97006</postalCode>
            <country>United States</country>
          </addr>
          <telecom use="HP" value="tel:5555551002" />
          <assignedPerson>
            <name>
              <given>Albert</given>
              <family>Davis</family>
            </name>
          </assignedPerson>
        </assignedEntity>
      </performer>
      <performer typeCode="PRF">
        <assignedEntity>
          <id root="2.16.840.1.113883.4.6" />
          <addr>
            <streetAddressLine>2472, Rocky place</streetAddressLine>
            <city>BEAVERTON</city>
            <state>OR</state>
            <postalCode>97006</postalCode>
            <country>United States</country>
          </addr>
          <telecom use="HP" value="tel:5555551002" />
          <assignedPerson>
            <name>
              <given>Tracy</given>
              <family>Davis</family>
            </name>
          </assignedPerson>
        </assignedEntity>
      </performer>
    </serviceEvent>
  </documentationOf>
  <componentOf>
    <encompassingEncounter>
      <id root="2.16.840.1.113883.3.5909.1590101014.1" extension="123456" />
      <effectiveTime>
        <low value="20171004" />
        <high nullFlavor="UNK" />
      </effectiveTime>
      <location>
        <healthCareFacility>
          <id root="2.16.840.1.113883.4.6" extension="1590101014" />
          <serviceProviderOrganization>
            <name>iPatientCare MU2 Configuration</name>
            <addr>
              <streetAddressLine>Test New Address, State Street Walk - 332</streetAddressLine>
              <city>Apo</city>
              <state>AA</state>
              <postalCode>34023</postalCode>
              <country>United State</country>
            </addr>
          </serviceProviderOrganization>
        </healthCareFacility>
      </location>
    </encompassingEncounter>
  </componentOf>
  <component>
    <structuredBody>
      <component>
        <section>
          <templateId root="2.16.840.1.113883.10.20.22.2.6.1" extension="2015-08-01" />
          <templateId root="2.16.840.1.113883.10.20.22.2.6.1" />
          <code code="48765-2" displayName="Allergy LIST" codeSystem="2.16.840.1.113883.6.1" codeSystemName="LOINC" />
          <title>Allergies</title>
          <text>
            <table border="1" width="100%">
              <thead>
                <tr>
                  <th>Code System</th>
                  <th>Code</th>
                  <th>Substance</th>
                  <th>Reaction</th>
                  <th>Severity</th>
                  <th>Date Recorded</th>
                  <th>Status</th>
                </tr>
              </thead>
              <tbody>
                <tr>
                  <td>RxNorm</td>
                  <td>733</td>
                  <td>
                    <content ID="Allergies-0">Ampicillin</content>
                  </td>
                  <td>Hives</td>
                  <td>Moderate</td>
                  <td>05/10/1980</td>
                  <td>active</td>
                </tr>
                <tr>
                  <td>RxNorm</td>
                  <td>7980</td>
                  <td>
                    <content ID="Allergies-1">Penicillin G</content>
                  </td>
                  <td>Hives</td>
                  <td>Moderate</td>
                  <td>05/10/1980</td>
                  <td>active</td>
                </tr>
              </tbody>
            </table>
          </text>
          <entry typeCode="DRIV">
            <act classCode="ACT" moodCode="EVN">
              <templateId root="2.16.840.1.113883.10.20.22.4.30" extension="2015-08-01" />
              <templateId root="2.16.840.1.113883.10.20.22.4.30" />
              <id root="Alr037B6A189-127A-43E5-9170-6F671C8F0E7E" extension="100" />
              <code code="48765-2" displayName="Allergies, adverse reactions, alerts" codeSystem="2.16.840.1.113883.6.1" codeSystemName="LOINC" />
              <statusCode code="active" />
              <effectiveTime>
                <low value="19800510" />
                <high nullFlavor="UNK" />
              </effectiveTime>
              <entryRelationship typeCode="SUBJ" inversionInd="true">
                <observation classCode="OBS" moodCode="EVN">
                  <templateId root="2.16.840.1.113883.10.20.22.4.7" extension="2014-06-09" />
                  <templateId root="2.16.840.1.113883.10.20.22.4.7" />
                  <id root="Allre028306186-6CDF-4E25-A95C-4CABDD52020E" extension="102" />
                  <code code="ASSERTION" codeSystem="2.16.840.1.113883.5.4" />
                  <statusCode code="completed" />
                  <effectiveTime>
                    <low nullFlavor="UNK" />
                  </effectiveTime>
                  <value xsi:type="CD" nullFlavor="UNK" />
                  <participant typeCode="CSM">
                    <participantRole classCode="MANU">
                      <playingEntity classCode="MMAT">
                        <code code="733" displayName="Ampicillin" codeSystem="2.16.840.1.113883.6.88" codeSystemName="RxNorm">
                          <originalText>
                            <reference value="#Allergies-0" />
                          </originalText>
                        </code>
                      </playingEntity>
                    </participantRole>
                  </participant>
                  <entryRelationship typeCode="MFST" inversionInd="true">
                    <observation classCode="OBS" moodCode="EVN">
                      <templateId root="2.16.840.1.113883.10.20.22.4.9" extension="2014-06-09" />
                      <templateId root="2.16.840.1.113883.10.20.22.4.9" />
                      <id root="Alrrea5023098CC0-E37C-43FF-8214-1CB35F2E9DE5" />
                      <code nullFlavor="NA" />
                      <text>
                        <reference value="#Allergies-0" />
                      </text>
                      <statusCode code="completed" />
                      <effectiveTime>
                        <low value="19800510" />
                      </effectiveTime>
                      <value code="247472004" codeSystem="2.16.840.1.113883.6.96" codeSystemName="SNOMED CT" displayName="Hives" xsi:type="CD" />
                      <entryRelationship typeCode="SUBJ" inversionInd="true">
                        <observation classCode="OBS" moodCode="EVN">
                          <templateId root="2.16.840.1.113883.10.20.22.4.8" extension="2014-06-09" />
                          <templateId root="2.16.840.1.113883.10.20.22.4.8" />
                          <code code="SEV" displayName="Severity Observation" codeSystem="2.16.840.1.113883.5.4" codeSystemName="ActCode" />
                          <text>
                            <reference value="#Allergies-0" />
                          </text>
                          <statusCode code="completed" />
                          <value code="6736007" codeSystem="2.16.840.1.113883.6.96" codeSystemName="SNOMED CT" displayName="Moderate" xsi:type="CD" />
                        </observation>
                      </entryRelationship>
                    </observation>
                  </entryRelationship>
                  <entryRelationship typeCode="SUBJ" inversionInd="true">
                    <observation classCode="OBS" moodCode="EVN">
                      <templateId root="2.16.840.1.113883.10.20.22.4.8" extension="2014-06-09" />
                      <templateId root="2.16.840.1.113883.10.20.22.4.8" />
                      <code code="SEV" displayName="Severity Observation" codeSystem="2.16.840.1.113883.5.4" codeSystemName="ActCode" />
                      <text>
                        <reference value="#Allergies-0" />
                      </text>
                      <statusCode code="completed" />
                      <value code="6736007" codeSystem="2.16.840.1.113883.6.96" codeSystemName="SNOMED CT" displayName="Moderate" xsi:type="CD" />
                    </observation>
                  </entryRelationship>
                </observation>
              </entryRelationship>
            </act>
          </entry>
          <entry typeCode="DRIV">
            <act classCode="ACT" moodCode="EVN">
              <templateId root="2.16.840.1.113883.10.20.22.4.30" extension="2015-08-01" />
              <templateId root="2.16.840.1.113883.10.20.22.4.30" />
              <id root="Alr1B750E813-9A6C-4AD1-8363-EF4B0E295C6E" extension="101" />
              <code code="48765-2" displayName="Allergies, adverse reactions, alerts" codeSystem="2.16.840.1.113883.6.1" codeSystemName="LOINC" />
              <statusCode code="active" />
              <effectiveTime>
                <low value="19800510" />
                <high nullFlavor="UNK" />
              </effectiveTime>
              <entryRelationship typeCode="SUBJ" inversionInd="true">
                <observation classCode="OBS" moodCode="EVN">
                  <templateId root="2.16.840.1.113883.10.20.22.4.7" extension="2014-06-09" />
                  <templateId root="2.16.840.1.113883.10.20.22.4.7" />
                  <id root="Allre1063DF23C-25D7-4480-9AF4-11CAB3873803" extension="103" />
                  <code code="ASSERTION" codeSystem="2.16.840.1.113883.5.4" />
                  <statusCode code="completed" />
                  <effectiveTime>
                    <low nullFlavor="UNK" />
                  </effectiveTime>
                  <value xsi:type="CD" nullFlavor="UNK" />
                  <participant typeCode="CSM">
                    <participantRole classCode="MANU">
                      <playingEntity classCode="MMAT">
                        <code code="7980" displayName="Penicillin G" codeSystem="2.16.840.1.113883.6.88" codeSystemName="RxNorm">
                          <originalText>
                            <reference value="#Allergies-1" />
                          </originalText>
                        </code>
                      </playingEntity>
                    </participantRole>
                  </participant>
                  <entryRelationship typeCode="MFST" inversionInd="true">
                    <observation classCode="OBS" moodCode="EVN">
                      <templateId root="2.16.840.1.113883.10.20.22.4.9" extension="2014-06-09" />
                      <templateId root="2.16.840.1.113883.10.20.22.4.9" />
                      <id root="Alrrea51E2CA3D00-74CF-4EB7-826A-B2596146A645" />
                      <code nullFlavor="NA" />
                      <text>
                        <reference value="#Allergies-1" />
                      </text>
                      <statusCode code="completed" />
                      <effectiveTime>
                        <low value="19800510" />
                      </effectiveTime>
                      <value code="247472004" codeSystem="2.16.840.1.113883.6.96" codeSystemName="SNOMED CT" displayName="Hives" xsi:type="CD" />
                      <entryRelationship typeCode="SUBJ" inversionInd="true">
                        <observation classCode="OBS" moodCode="EVN">
                          <templateId root="2.16.840.1.113883.10.20.22.4.8" extension="2014-06-09" />
                          <templateId root="2.16.840.1.113883.10.20.22.4.8" />
                          <code code="SEV" displayName="Severity Observation" codeSystem="2.16.840.1.113883.5.4" codeSystemName="ActCode" />
                          <text>
                            <reference value="#Allergies-1" />
                          </text>
                          <statusCode code="completed" />
                          <value code="6736007" codeSystem="2.16.840.1.113883.6.96" codeSystemName="SNOMED CT" displayName="Moderate" xsi:type="CD" />
                        </observation>
                      </entryRelationship>
                    </observation>
                  </entryRelationship>
                  <entryRelationship typeCode="SUBJ" inversionInd="true">
                    <observation classCode="OBS" moodCode="EVN">
                      <templateId root="2.16.840.1.113883.10.20.22.4.8" extension="2014-06-09" />
                      <templateId root="2.16.840.1.113883.10.20.22.4.8" />
                      <code code="SEV" displayName="Severity Observation" codeSystem="2.16.840.1.113883.5.4" codeSystemName="ActCode" />
                      <text>
                        <reference value="#Allergies-1" />
                      </text>
                      <statusCode code="completed" />
                      <value code="6736007" codeSystem="2.16.840.1.113883.6.96" codeSystemName="SNOMED CT" displayName="Moderate" xsi:type="CD" />
                    </observation>
                  </entryRelationship>
                </observation>
              </entryRelationship>
            </act>
          </entry>
        </section>
      </component>
      <component>
        <section>
          <templateId root="2.16.840.1.113883.10.20.22.2.3.1" extension="2015-08-01" />
          <templateId root="2.16.840.1.113883.10.20.22.2.3.1" />
          <code code="30954-2" displayName="Lab Result" codeSystem="2.16.840.1.113883.6.1" codeSystemName="Lonic" />
          <title>Results</title>
          <text>
            <paragraph>No Lab Result inforamtion.</paragraph>
          </text>
          <entry typeCode="DRIV">
            <organizer classCode="BATTERY" moodCode="EVN">
              <templateId root="2.16.840.1.113883.10.20.22.4.1" extension="2015-08-01" />
              <templateId root="2.16.840.1.113883.10.20.22.4.1" />
              <id root="labreCAA74E89-1B14-48A7-B050-46FF0602B933" extension="300" />
              <code nullFlavor="UNK" />
              <statusCode code="completed" />
              <component>
                <observation classCode="OBS" moodCode="EVN">
                  <templateId root="2.16.840.1.113883.10.20.22.4.2" extension="2015-08-01" />
                  <templateId root="2.16.840.1.113883.10.20.22.4.2" />
                  <id root="labobDBEFD39D-EFB4-4799-9876-8C943067242F" extension="300" />
                  <code nullFlavor="UNK" />
                  <statusCode code="completed" />
                  <effectiveTime nullFlavor="UNK" />
                  <value xsi:type="PQ" nullFlavor="UNK" />
                </observation>
              </component>
            </organizer>
          </entry>
        </section>
      </component>
      <component>
        <section>
          <templateId root="2.16.840.1.113883.10.20.22.2.1.1" extension="2014-06-09" />
          <templateId root="2.16.840.1.113883.10.20.22.2.1.1" />
          <code code="10160-0" displayName="HISTORY OF MEDICATION USE" codeSystem="2.16.840.1.113883.6.1" codeSystemName="LOINC" />
          <title>List of Medications</title>
          <text>
            <table border="1" width="100%">
              <thead>
                <tr>
                  <th>Code System</th>
                  <th>Code</th>
                  <th>Medication</th>
                  <th>Instruction</th>
                  <th>Date Started</th>
                  <th>Status</th>
                </tr>
              </thead>
              <tbody>
                <tr>
                  <td>
                    <content ID="Medication-0">RxNorm</content>
                  </td>
                  <td>284215</td>
                  <td>Clindamycin Hcl 300 Mg Capsule</td>
                  <td>Take 1 Capsule oral tid (three times a day), PRN (as needed) if pain does not subside</td>
                  <td>06/22/2015</td>
                  <td>active</td>
                </tr>
                <tr>
                  <td>
                    <content ID="Medication-1">RxNorm</content>
                  </td>
                  <td>731241</td>
                  <td>Aranesp (In Polysorbate) 500 Mcg/Ml Syringe</td>
                  <td>Take 1 injection qwk (every week)</td>
                  <td>06/22/2015</td>
                  <td>active</td>
                </tr>
              </tbody>
            </table>
          </text>
          <entry>
            <substanceAdministration classCode="SBADM" moodCode="EVN">
              <templateId root="2.16.840.1.113883.10.20.22.4.16" extension="2014-06-09" />
              <templateId root="2.16.840.1.113883.10.20.22.4.16" />
              <id root="MED0C2BB0352-0AA0-4772-9D2E-EADF17FC82E6" extension="10001" />
              <statusCode code="active" />
              <effectiveTime xsi:type="IVL_TS">
                <low value="20150622" />
                <high nullFlavor="UNK" />
              </effectiveTime>
              <effectiveTime xsi:type="PIVL_TS" institutionSpecified="true" operator="A">
                <period value="8" unit="h" />
              </effectiveTime>
              <routeCode code="C38288" displayName="oral" codeSystem="2.16.840.1.113883.3.26.1.1" codeSystemName="NCI Thesaurus" />
              <doseQuantity value="1" />
              <consumable>
                <manufacturedProduct classCode="MANU">
                  <templateId root="2.16.840.1.113883.10.20.22.4.23" extension="2014-06-09" />
                  <templateId root="2.16.840.1.113883.10.20.22.4.23" />
                  <manufacturedMaterial>
                    <code code="284215" displayName="Clindamycin Hcl 300 Mg Capsule" codeSystem="2.16.840.1.113883.6.88" codeSystemName="RxNorm">
                      <originalText>
                        <reference value="#Medication-0" />
                      </originalText>
                      <translation code="00179002488" displayName="Clindamycin Hcl, Or, 1, Tid" codeSystem="2.16.840.1.113883.6.69" codeSystemName="NDC" />
                    </code>
                  </manufacturedMaterial>
                </manufacturedProduct>
              </consumable>
            </substanceAdministration>
          </entry>
          <entry>
            <substanceAdministration classCode="SBADM" moodCode="EVN">
              <templateId root="2.16.840.1.113883.10.20.22.4.16" extension="2014-06-09" />
              <templateId root="2.16.840.1.113883.10.20.22.4.16" />
              <id root="MED1CFA13FF0-869F-49FE-9D90-B848E2F20716" extension="10002" />
              <statusCode code="active" />
              <effectiveTime xsi:type="IVL_TS">
                <low value="20150622" />
                <high nullFlavor="UNK" />
              </effectiveTime>
              <routeCode nullFlavor="UNK" />
              <doseQuantity value="1" />
              <consumable>
                <manufacturedProduct classCode="MANU">
                  <templateId root="2.16.840.1.113883.10.20.22.4.23" extension="2014-06-09" />
                  <templateId root="2.16.840.1.113883.10.20.22.4.23" />
                  <manufacturedMaterial>
                    <code code="731241" displayName="Aranesp (In Polysorbate) 500 Mcg/Ml Syringe" codeSystem="2.16.840.1.113883.6.88" codeSystemName="RxNorm">
                      <originalText>
                        <reference value="#Medication-1" />
                      </originalText>
                      <translation code="54868586700" displayName="Aranesp (In Polysorbate), In, 1, Qwk" codeSystem="2.16.840.1.113883.6.69" codeSystemName="NDC" />
                    </code>
                  </manufacturedMaterial>
                </manufacturedProduct>
              </consumable>
            </substanceAdministration>
          </entry>
        </section>
      </component>
      <component>
        <section>
          <templateId root="2.16.840.1.113883.10.20.22.2.5.1" extension="2015-08-01" />
          <templateId root="2.16.840.1.113883.10.20.22.2.5.1" />
          <code code="11450-4" displayName="PROBLEM LIST" codeSystem="2.16.840.1.113883.6.1" codeSystemName="LOINC" />
          <title>Active Problems</title>
          <text>
            <table border="1" width="100%">
              <thead>
                <tr>
                  <th>Problem</th>
                  <th>Type</th>
                  <th>Date</th>
                  <th>SNOMED CT</th>
                  <th>ICD Code</th>
                  <th>Status</th>
                </tr>
              </thead>
              <tbody>
                <tr>
                  <td>
                    <content ID="Problem-0">Diabetes mellitus type 2 (disorder)</content>
                  </td>
                  <td>Diagnosis of</td>
                  <td>10/04/2017</td>
                  <td>44054006</td>
                  <td>E11.9</td>
                  <td>active</td>
                </tr>
              </tbody>
            </table>
          </text>
          <entry>
            <act classCode="ACT" moodCode="EVN">
              <templateId root="2.16.840.1.113883.10.20.22.4.3" extension="2015-08-01" />
              <templateId root="2.16.840.1.113883.10.20.22.4.3" />
              <id root="PRB0D3D18619-CFCD-46B8-8CA5-0F58872A6047" extension="400" />
              <code code="CONC" displayName="Concern" codeSystem="2.16.840.1.113883.5.6" />
              <statusCode code="active" />
              <effectiveTime>
                <low value="20171004" />
                <high nullFlavor="UNK" />
              </effectiveTime>
              <entryRelationship typeCode="SUBJ">
                <observation classCode="OBS" moodCode="EVN">
                  <templateId root="2.16.840.1.113883.10.20.22.4.4" extension="2015-08-01" />
                  <templateId root="2.16.840.1.113883.10.20.22.4.4" />
                  <id root="PRBRE0EBD0CE6D-7B16-447C-9C2A-594838EF1109" extension="401" />
                  <code code="282291009" displayName="Diagnosis of" codeSystem="2.16.840.1.113883.6.96" codeSystemName="SNOMED CT">
                    <translation nullFlavor="UNK" />
                  </code>
                  <text>
                    <reference value="#Problem-0" />
                  </text>
                  <statusCode code="completed" />
                  <effectiveTime>
                    <low value="20171004" />
                    <high nullFlavor="UNK" />
                  </effectiveTime>
                  <value code="44054006" codeSystem="2.16.840.1.113883.6.96" codeSystemName="SNOMED CT" displayName="Diabetes mellitus type 2 (disorder)" xsi:type="CD" />
                </observation>
              </entryRelationship>
            </act>
          </entry>
        </section>
      </component>
      <component>
        <section>
          <templateId root="2.16.840.1.113883.10.20.22.2.7.1" extension="2014-06-09" />
          <templateId root="2.16.840.1.113883.10.20.22.2.7.1" />
          <code code="47519-4" displayName="HISTORY OF PROCEDURES" codeSystem="2.16.840.1.113883.6.1" codeSystemName="LOINC" />
          <title>List of Procedures</title>
          <text>
            <paragraph>No Procedure information.</paragraph>
          </text>
          <entry>
            <procedure classCode="PROC" moodCode="EVN">
              <templateId root="2.16.840.1.113883.10.20.22.4.14" extension="2014-06-09" />
              <templateId root="2.16.840.1.113883.10.20.22.4.14" />
              <id root="proceB6E83B6D-A13F-47E4-A63F-1FC626814A4D" extension="500" />
              <code nullFlavor="UNK" />
              <statusCode code="completed" />
              <effectiveTime>
                <low nullFlavor="UNK" />
              </effectiveTime>
            </procedure>
          </entry>
        </section>
      </component>
      <component>
        <section>
          <templateId root="2.16.840.1.113883.10.20.22.2.4.1" extension="2015-08-01" />
          <templateId root="2.16.840.1.113883.10.20.22.2.4.1" />
          <code code="8716-3" displayName="VITAL SIGNS" codeSystem="2.16.840.1.113883.6.1" codeSystemName="LOINC" />
          <title>Vital Signs</title>
          <text>
            <paragraph>No Vital information.</paragraph>
          </text>
          <entry>
            <organizer classCode="CLUSTER" moodCode="EVN">
              <templateId root="2.16.840.1.113883.10.20.22.4.26" extension="2015-08-01" />
              <templateId root="2.16.840.1.113883.10.20.22.4.26" />
              <id root="VITDnokwonDA093BBF-3A1A-48EB-AA8D-EE180DC77504" extension="700" />
              <code nullFlavor="UNK" />
              <statusCode code="completed" />
              <effectiveTime nullFlavor="UNK" />
              <component>
                <observation classCode="OBS" moodCode="EVN">
                  <templateId root="2.16.840.1.113883.10.20.22.4.27" extension="2014-06-09" />
                  <templateId root="2.16.840.1.113883.10.20.22.4.27" />
                  <id root="vitFCEC50D5-615B-4F79-984F-182B7EB513D4" extension="700" />
                  <code nullFlavor="UNK" />
                  <text />
                  <statusCode code="completed" />
                  <effectiveTime nullFlavor="UNK" />
                  <value xsi:type="PQ" nullFlavor="UNK" />
                  <interpretationCode nullFlavor="UNK" />
                </observation>
              </component>
            </organizer>
          </entry>
        </section>
      </component>
      <component>
        <section>
          <templateId root="2.16.840.1.113883.10.20.22.2.17" extension="2015-08-01" />
          <templateId root="2.16.840.1.113883.10.20.22.2.17" />
          <code code="29762-2" displayName="Social History" codeSystem="2.16.840.1.113883.6.1" codeSystemName="Social History" />
          <title>Social History</title>
          <text>
            <table border="1" width="100%">
              <thead>
                <tr>
                  <th>Social History</th>
                  <th>SNOMED CT</th>
                  <th>Date</th>
                </tr>
              </thead>
              <tbody>
                <tr>
                  <td>
                    <content ID="SocialHistory-0">Smoking Status: Current every day smoker. Smokes for past 06/22/2015.</content>
                  </td>
                  <td>449868002</td>
                  <td>10/04/2017</td>
                </tr>
                <tr>
                  <td>
                    <content ID="BirthSexInfo">Birthsex:Female(AdministrativeGenderCode:F)</content>
                  </td>
                  <td />
                  <td>05/01/1970</td>
                </tr>
              </tbody>
            </table>
          </text>
          <entry>
            <observation classCode="OBS" moodCode="EVN">
              <templateId root="2.16.840.1.113883.10.20.22.4.78" extension="2014-06-09" />
              <templateId root="2.16.840.1.113883.10.20.22.4.78" />
              <id root="SMO0B49DD938-B895-4107-B953-2FBD41D762BD" extension="6001" />
              <code code="72166-2" displayName="Tobacco smoking status NHIS" codeSystem="2.16.840.1.113883.6.1" codeSystemName="LOINC" />
              <statusCode code="completed" />
              <effectiveTime value="20171004" />
              <value code="449868002" codeSystem="2.16.840.1.113883.6.96" codeSystemName="SNOMED CT" displayName="Current every day smoker" xsi:type="CD" />
            </observation>
          </entry>
          <entry>
            <observation classCode="OBS" moodCode="EVN">
              <templateId root="2.16.840.1.113883.10.20.22.4.200" extension="2014-06-09" />
              <templateId root="2.16.840.1.113883.10.20.22.4.200" />
              <code code="76689-9" displayName="Sex Assigned At Birth" codeSystem="2.16.840.1.113883.6.1" codeSystemName="LOINC" />
              <text>
                <reference value="#BirthSexInfo" />
              </text>
              <statusCode code="completed" />
              <effectiveTime value="19700501" />
              <value code="F" codeSystem="2.16.840.1.113883.5.1" codeSystemName="Gender" displayName="Female" xsi:type="CD" />
            </observation>
          </entry>
        </section>
      </component>
      <component>
        <section>
          <templateId root="2.16.840.1.113883.10.20.22.2.12" />
          <code code="29299-5" displayName="REASON FOR VISIT" codeSystem="2.16.840.1.113883.6.1" codeSystemName="LOINC" />
          <title>Reason for Visit</title>
          <text>
            <paragraph>No information.</paragraph>
          </text>
        </section>
      </component>
      <component>
        <section>
          <templateId root="1.3.6.1.4.1.19376.1.5.3.1.3.1" extension="2014-06-09" />
          <templateId root="1.3.6.1.4.1.19376.1.5.3.1.3.1" />
          <code code="42349-1" displayName="REASON FOR REFERRAL" codeSystem="2.16.840.1.113883.6.1" codeSystemName="LOINC" />
          <title>Reason for Referral</title>
          <text>
            <paragraph>No information.</paragraph>
          </text>
        </section>
      </component>
      <component>
        <section>
          <templateId root="2.16.840.1.113883.10.20.22.2.10" extension="2014-06-09" />
          <templateId root="2.16.840.1.113883.10.20.22.2.10" />
          <code code="18776-5" displayName="Treatment plan" codeSystem="2.16.840.1.113883.6.1" codeSystemName="LOINC" />
          <title>Plan of Care</title>
          <text>
            <table border="1" width="100%">
              <thead>
                <tr>
                  <th>Date</th>
                  <th>Type</th>
                  <th>Action</th>
                  <th>Status</th>
                </tr>
              </thead>
              <tbody>
                <tr>
                  <td>10/04/2017</td>
                  <td>Medication</td>
                  <td>Amiodarone 200 Mg Tablet Take 1 Tablet Oral qAM (every morning) for 1 day With Food</td>
                  <td>Ordered</td>
                </tr>
              </tbody>
            </table>
          </text>
          <entry typeCode="DRIV">
            <act classCode="ACT" moodCode="INT">
              <templateId root="2.16.840.1.113883.10.20.22.4.44" extension="2014-06-09" />
              <templateId root="2.16.840.1.113883.10.20.22.4.44" />
              <code nullFlavor="UNK" />
              <statusCode code="completed" />
            </act>
          </entry>
        </section>
      </component>
      <component>
        <section>
          <templateId root="2.16.840.1.113883.10.20.22.2.2" />
          <templateId root="2.16.840.1.113883.10.20.22.2.2.1" extension="2015-08-01" />
          <templateId root="2.16.840.1.113883.10.20.22.2.2.1" />
          <code code="11369-6" displayName="History of immunizations" codeSystem="2.16.840.1.113883.6.1" codeSystemName="LOINC" />
          <title>List of Immunizations</title>
          <text>
            <paragraph>No Immunization information.</paragraph>
          </text>
          <entry>
            <substanceAdministration classCode="SBADM" moodCode="EVN" negationInd="true">
              <templateId root="2.16.840.1.113883.10.20.22.4.52" extension="2015-08-01" />
              <templateId root="2.16.840.1.113883.10.20.22.4.52" />
              <id root="Immu01D31C67-4EE8-46CC-A04F-2964A867FB95" extension="200" />
              <statusCode code="completed" />
              <effectiveTime nullFlavor="UNK" />
              <consumable>
                <manufacturedProduct classCode="MANU">
                  <templateId root="2.16.840.1.113883.10.20.22.4.54" extension="2014-06-09" />
                  <templateId root="2.16.840.1.113883.10.20.22.4.54" />
                  <manufacturedMaterial>
                    <code nullFlavor="UNK" />
                  </manufacturedMaterial>
                  <manufacturerOrganization>
                    <name>None</name>
                  </manufacturerOrganization>
                </manufacturedProduct>
              </consumable>
            </substanceAdministration>
          </entry>
        </section>
      </component>
      <component>
        <section>
          <templateId root="2.16.840.1.113883.10.20.22.2.18" extension="2015-08-01" />
          <templateId root="2.16.840.1.113883.10.20.22.2.18" />
          <code code="48768-6" displayName="Payers" codeSystem="2.16.840.1.113883.6.1" codeSystemName="LOINC" />
          <title>Payers</title>
          <text>
            <paragraph>No Payer information.</paragraph>
          </text>
        </section>
      </component>
      <component>
        <section>
          <templateId root="2.16.840.1.113883.10.20.22.2.22.1" extension="2015-08-01" />
          <templateId root="2.16.840.1.113883.10.20.22.2.22.1" />
          <code code="46240-8" displayName="HISTORY OF ENCOUNTERS" codeSystem="2.16.840.1.113883.6.1" codeSystemName="LOINC" />
          <title>Encounters</title>
          <text>
            <paragraph>No Encounter information.</paragraph>
          </text>
          <entry typeCode="DRIV">
            <encounter classCode="ENC" moodCode="EVN">
              <templateId root="2.16.840.1.113883.10.20.22.4.49" extension="2015-08-01" />
              <templateId root="2.16.840.1.113883.10.20.22.4.49" />
              <id root="ENC08D4CF1F6-6F86-471E-BEF1-32DE8F3F98F3" extension="20001" />
              <code nullFlavor="UNK" />
              <effectiveTime nullFlavor="UNK" />
            </encounter>
          </entry>
        </section>
      </component>
      <component>
        <section>
          <templateId root="2.16.840.1.113883.10.20.22.2.23" extension="2014-06-09" />
          <templateId root="2.16.840.1.113883.10.20.22.2.23" />
          <code code="46264-8" displayName="Medical Equipment" codeSystem="2.16.840.1.113883.6.1" codeSystemName="LOINC" />
          <title>Medical Equipment</title>
          <text>
            <table border="1" width="100%">
              <thead>
                <tr>
                  <th>Implanted</th>
                  <th>Area</th>
                  <th>UDI</th>
                </tr>
              </thead>
              <tbody>
                <tr>
                  <td>Cardiac resynchronization therapy implantable defibrillator (physical object)</td>
                  <td>Knee region structure (body structure)</td>
                  <td>(01)00643169007222(17)160128(21)BLC200461H</td>
                </tr>
              </tbody>
            </table>
          </text>
          <entry>
            <procedure classCode="PROC" moodCode="EVN">
              <templateId root="2.16.840.1.113883.10.20.22.4.14" extension="2014-06-09" />
              <id root="1.2.840.114350.1.13.5552.1.7.2.737780" extension="101" />
              <code nullFlavor="UNK" />
              <statusCode code="completed" />
              <effectiveTime>
                <low value="20150622" />
              </effectiveTime>
              <targetSiteCode code="72696002" codeSystem="2.16.840.1.113883.6.96" codeSystemName="SNOMED-CT" displayName="Knee region structure (body structure)" />
              <participant typeCode="DEV">
                <participantRole classCode="MANU">
                  <templateId root="2.16.840.1.113883.10.20.22.4.37" />
                  <id root="2.16.840.1.113883.3.3719" extension="(01)00643169007222(17)160128(21)BLC200461H" />
                  <playingDevice>
                    <code code="704707009" displayName="Cardiac resynchronization therapy implantable defibrillator (physical object)" codeSystem="2.16.840.1.113883.6.96" codeSystemName="SNOMED-CT" />
                  </playingDevice>
                  <scopingEntity>
                    <id root="2.16.840.1.113883.3.3719" />
                  </scopingEntity>
                </participantRole>
              </participant>
            </procedure>
          </entry>
        </section>
      </component>
      <component>
        <section>
          <templateId root="2.16.840.1.113883.10.20.22.2.8" />
          <code code="51848-0" displayName="Assessments" codeSystem="2.16.840.1.113883.6.1" codeSystemName="LOINC" />
          <title>Assessments</title>
          <text>
            <paragraph>No information.</paragraph>
          </text>
        </section>
      </component>
      <component>
        <section>
          <templateId root="2.16.840.1.113883.10.20.22.2.58" />
          <code code="75310-3" displayName="Health Concerns" codeSystem="2.16.840.1.113883.6.1" codeSystemName="LOINC" />
          <title>Health Concerns</title>
          <text>
            <paragraph>No information.</paragraph>
          </text>
        </section>
      </component>
      <component>
        <section nullFlavor="NI">
          <templateId root="2.16.840.1.113883.10.20.22.2.60" />
          <code code="61146-7" displayName="Goals" codeSystem="2.16.840.1.113883.6.1" codeSystemName="LOINC" />
          <title>Goals Section</title>
          <text>
            <paragraph>No information.</paragraph>
          </text>
        </section>
      </component>
      <component>
        <section>
          <templateId root="2.16.840.1.113883.10.20.22.2.14" extension="2014-06-09" />
          <templateId root="2.16.840.1.113883.10.20.22.2.14" />
          <code code="47420-5" displayName="Functional Status" codeSystem="2.16.840.1.113883.6.1" codeSystemName="LOINC" />
          <title>Functional Status</title>
          <text>
            <paragraph>No information.</paragraph>
          </text>
        </section>
      </component>
      <component>
        <section>
          <templateId root="2.16.840.1.113883.10.20.22.2.56" extension="2015-08-01" />
          <templateId root="2.16.840.1.113883.10.20.22.2.56" />
          <code code="10190-7" displayName="Mental Status" codeSystem="2.16.840.1.113883.6.1" codeSystemName="LOINC" />
          <title>Mental Status</title>
          <text>
            <paragraph>No information.</paragraph>
          </text>
        </section>
      </component>
      <component>
        <section>
          <templateId root="2.16.840.1.113883.10.20.22.2.15" extension="2015-08-01" />
          <templateId root="2.16.840.1.113883.10.20.22.2.15" />
          <code code="10157-6" displayName="Family History" codeSystem="2.16.840.1.113883.6.1" codeSystemName="LOINC" />
          <title>Family History</title>
          <text>
            <paragraph>No known family history.</paragraph>
          </text>
        </section>
      </component>
      <component>
        <section>
          <templateId root="2.16.840.1.113883.10.20.22.2.21" extension="2015-08-01" />
          <templateId root="2.16.840.1.113883.10.20.22.2.21" />
          <code code="42348-3" displayName="Advance Directives" codeSystem="2.16.840.1.113883.6.1" codeSystemName="LOINC" />
          <title>Advance Directives</title>
          <text>
            <paragraph>No information.</paragraph>
          </text>
        </section>
      </component>
    </structuredBody>
  </component>
</ClinicalDocument>
