<?xml version="1.0" encoding="UTF-8"?>
<?xml-stylesheet type="text/xsl" href="CDA.xsl"?><ClinicalDocument xsi:schemaLocation="urn:hl7-org:v3 http://xreg2.nist.gov:8080/hitspValidation/schema/cdar2c32/infrastructure/cda/C32_CDA.xsd" xmlns:sdtc="urn:hl7-org:sdtc" xmlns:xsi="http://www.w3.org/2001/XMLSchema-instance" xmlns="urn:hl7-org:v3">
  <realmCode code="US" />
  <typeId root="2.16.840.1.113883.1.3" extension="POCD_HD000040" />
  <templateId root="2.16.840.1.113883.10.20.22.1.1" extension="2015-08-01" />
  <templateId root="2.16.840.1.113883.10.20.22.1.2" extension="2015-08-01" />
  <id root="2.16.840.1.113883.3.5909.1590101014.2.6776" assigningAuthorityName="iPatientCare" />
  <code code="34133-9" displayName="TOC" codeSystem="2.16.840.1.113883.6.1" codeSystemName="LOINC" />
  <title>iPatientCare MU2 Configuration: Summarization of Episode Note</title>
  <effectiveTime value="20170930020802" />
  <confidentialityCode code="N" displayName="Normal Sharing" codeSystem="2.16.840.1.113883.5.25" codeSystemName="HL7 Confidentiality" />
  <languageCode code="en-US" />
  <recordTarget>
    <patientRole>
      <id root="2.16.840.1.113883.3.5909.1590101014.1" extension="AC1C85A75717456A88" />
      <addr>
        <streetAddressLine>1357, Amber Dr</streetAddressLine>
        <city>Beaverton</city>
        <state>OR</state>
        <postalCode>97006</postalCode>
        <country>US</country>
      </addr>
      <telecom use="MC" value="tel:555-777-1234" />
      <telecom use="HP" value="tel:555-723-1544" />
      <patient>
        <name use="L">
          <given>Jeremy</given>
          <given>V</given>
          <family>Bates</family>
          <suffix>Jr.</suffix>
        </name>
        <administrativeGenderCode code="M" displayName="Male" codeSystem="2.16.840.1.113883.5.1" codeSystemName="AdministrativeGender" />
        <birthTime value="19800801" />
        <raceCode nullFlavor="UNK" />
        <sdtc:raceCode nullFlavor="UNK" />
        <ethnicGroupCode nullFlavor="UNK" />
        <languageCommunication>
          <languageCode code="en" />
        </languageCommunication>
      </patient>
    </patientRole>
  </recordTarget>
  <author>
    <time value="20170930" />
    <assignedAuthor>
      <id root="2.16.840.1.113883.4.6" extension="123456" />
      <code code="1223G0001X" displayName="General Practice" codeSystem="2.16.840.1.113883.6.101" codeSystemName="NUCC" />
      <addr>
        <streetAddressLine>2472, Rocky place</streetAddressLine>
        <city>Beaverton</city>
        <state>OR</state>
        <postalCode>97006</postalCode>
        <country>US</country>
        <useablePeriod xsi:type="IVL_TS">
          <low nullFlavor="NA" />
          <high nullFlavor="NA" />
        </useablePeriod>
      </addr>
      <telecom use="HP" value="tel:5555551002" />
      <assignedPerson>
        <name>
          <given>Albert</given>
          <family>Davis</family>
        </name>
      </assignedPerson>
      <representedOrganization>
        <id root="2.16.840.1.113883.3.5909.1590101014.1" extension="1590101014" />
        <name>iPatientCare MU2 Configuration</name>
        <telecom use="WP" value="tel:732-993-4600" />
        <addr>
          <streetAddressLine>Test New Address,</streetAddressLine>
          <city>APO</city>
          <state>AA</state>
          <postalCode>34023</postalCode>
          <country>United State</country>
        </addr>
      </representedOrganization>
    </assignedAuthor>
  </author>
  <dataEnterer>
    <assignedEntity>
      <id root="2.16.840.1.113883.4.6" />
      <addr>
        <streetAddressLine>2472, Rocky place</streetAddressLine>
        <city>Beaverton</city>
        <state>OR</state>
        <postalCode>97006</postalCode>
        <country>US</country>
      </addr>
      <telecom use="HP" value="tel:5555551002" />
      <assignedPerson>
        <name>
          <given>Tracy</given>
          <family>Davis</family>
        </name>
      </assignedPerson>
    </assignedEntity>
  </dataEnterer>
  <custodian>
    <assignedCustodian>
      <representedCustodianOrganization>
        <id root="2.16.840.1.113883.4.6" extension="1590101014" />
        <name>
          <prefix>iPatientCare MU2 Configuration</prefix>
        </name>
        <telecom use="WP" value="tel:732-993-4600" />
        <addr>
          <streetAddressLine>Test New Address,</streetAddressLine>
          <city>Apo</city>
          <state>AA</state>
          <postalCode>34023</postalCode>
          <country>United State</country>
        </addr>
      </representedCustodianOrganization>
    </assignedCustodian>
  </custodian>
  <documentationOf>
    <serviceEvent classCode="PCPR">
      <effectiveTime>
        <low value="20170930" />
        <high value="20170930" />
      </effectiveTime>
      <performer typeCode="PRF">
        <functionCode code="PP" codeSystem="2.16.840.1.113883.12.443" codeSystemName="Provider Role" displayName="Primary Care Provider">
          <originalText>Primary Care Provider</originalText>
        </functionCode>
        <assignedEntity>
          <id root="2.16.840.1.113883.4.6" extension="123456" />
          <code code="1223G0001X" displayName="General Practice" codeSystem="2.16.840.1.113883.6.101" codeSystemName="NUCC" />
          <addr>
            <streetAddressLine>2472, Rocky place</streetAddressLine>
            <city>BEAVERTON</city>
            <state>OR</state>
            <postalCode>97006</postalCode>
            <country>United States</country>
          </addr>
          <telecom use="HP" value="tel:5555551002" />
          <assignedPerson>
            <name>
              <given>Albert</given>
              <family>Davis</family>
            </name>
          </assignedPerson>
        </assignedEntity>
      </performer>
      <performer typeCode="PRF">
        <assignedEntity>
          <id root="2.16.840.1.113883.4.6" />
          <addr>
            <streetAddressLine>2472, Rocky place</streetAddressLine>
            <city>BEAVERTON</city>
            <state>OR</state>
            <postalCode>97006</postalCode>
            <country>United States</country>
          </addr>
          <telecom use="HP" value="tel:5555551002" />
          <assignedPerson>
            <name>
              <given>Tracy</given>
              <family>Davis</family>
            </name>
          </assignedPerson>
        </assignedEntity>
      </performer>
    </serviceEvent>
  </documentationOf>
  <componentOf>
    <encompassingEncounter>
      <id root="2.16.840.1.113883.3.5909.1590101014.1" extension="123456" />
      <effectiveTime>
        <low value="20150722" />
        <high nullFlavor="UNK" />
      </effectiveTime>
      <location>
        <healthCareFacility>
          <id root="2.16.840.1.113883.4.6" extension="1590101014" />
          <serviceProviderOrganization>
            <name>iPatientCare MU2 Configuration</name>
            <addr>
              <streetAddressLine>Test New Address, State Street Walk - 332</streetAddressLine>
              <city>Apo</city>
              <state>AA</state>
              <postalCode>34023</postalCode>
              <country>United State</country>
            </addr>
          </serviceProviderOrganization>
        </healthCareFacility>
      </location>
    </encompassingEncounter>
  </componentOf>
  <component>
    <structuredBody>
      <component>
        <section>
          <templateId root="2.16.840.1.113883.10.20.22.2.6.1" extension="2015-08-01" />
          <templateId root="2.16.840.1.113883.10.20.22.2.6.1" />
          <code code="48765-2" displayName="Allergy LIST" codeSystem="2.16.840.1.113883.6.1" codeSystemName="LOINC" />
          <title>Allergies</title>
          <text>
            <paragraph>No Known Allergies.</paragraph>
          </text>
          <entry typeCode="DRIV">
            <act classCode="ACT" moodCode="EVN">
              <templateId root="2.16.840.1.113883.10.20.22.4.30" extension="2015-08-01" />
              <templateId root="2.16.840.1.113883.10.20.22.4.30" />
              <id root="AllreEA502C46-8EE9-46FE-B5B2-A53D9DFA0794" extension="120" />
              <code code="CONC" codeSystem="2.16.840.1.113883.5.6" xsi:type="CE" />
              <statusCode code="active" />
              <effectiveTime>
                <low value="19000101000000" />
              </effectiveTime>
              <entryRelationship typeCode="SUBJ">
                <observation classCode="OBS" moodCode="EVN" negationInd="true">
                  <templateId root="2.16.840.1.113883.10.20.22.4.7" extension="2014-06-09" />
                  <templateId root="2.16.840.1.113883.10.20.22.4.7" />
                  <id root="AllreenC09F6C35-88D5-4957-8F0D-3F8700B3144E" extension="122" />
                  <code code="ASSERTION" codeSystem="2.16.840.1.113883.5.4" xsi:type="CE" />
                  <statusCode code="completed" />
                  <effectiveTime>
                    <low value="19000101000000" />
                  </effectiveTime>
                  <value code="419199007" codeSystem="2.16.840.1.113883.6.96" codeSystemName="SNOMED CT" displayName="Allergy to substance (disorder)" xsi:type="CD" />
                  <participant typeCode="CSM">
                    <participantRole classCode="MANU">
                      <playingEntity classCode="MMAT">
                        <code nullFlavor="UNK" />
                      </playingEntity>
                    </participantRole>
                  </participant>
                </observation>
              </entryRelationship>
            </act>
          </entry>
        </section>
      </component>
      <component>
        <section>
          <templateId root="2.16.840.1.113883.10.20.22.2.3.1" extension="2015-08-01" />
          <templateId root="2.16.840.1.113883.10.20.22.2.3.1" />
          <code code="30954-2" displayName="Lab Result" codeSystem="2.16.840.1.113883.6.1" codeSystemName="Lonic" />
          <title>Results</title>
          <text>
            <paragraph>No Lab Result inforamtion.</paragraph>
          </text>
          <entry typeCode="DRIV">
            <organizer classCode="BATTERY" moodCode="EVN">
              <templateId root="2.16.840.1.113883.10.20.22.4.1" extension="2015-08-01" />
              <templateId root="2.16.840.1.113883.10.20.22.4.1" />
              <id root="labre4A7CE0AE-0669-41F1-BA0B-8FD7F74027DE" extension="300" />
              <code nullFlavor="UNK" />
              <statusCode code="completed" />
              <component>
                <observation classCode="OBS" moodCode="EVN">
                  <templateId root="2.16.840.1.113883.10.20.22.4.2" extension="2015-08-01" />
                  <templateId root="2.16.840.1.113883.10.20.22.4.2" />
                  <id root="labobB8C4580F-ADFE-4CC9-AB03-07F0FDDC74BB" extension="300" />
                  <code nullFlavor="UNK" />
                  <statusCode code="completed" />
                  <effectiveTime nullFlavor="UNK" />
                  <value xsi:type="PQ" nullFlavor="UNK" />
                </observation>
              </component>
            </organizer>
          </entry>
        </section>
      </component>
      <component>
        <section>
          <templateId root="2.16.840.1.113883.10.20.22.2.1.1" extension="2014-06-09" />
          <templateId root="2.16.840.1.113883.10.20.22.2.1.1" />
          <code code="10160-0" displayName="HISTORY OF MEDICATION USE" codeSystem="2.16.840.1.113883.6.1" codeSystemName="LOINC" />
          <title>List of Medications</title>
          <text>
            <paragraph>No Known medication.</paragraph>
          </text>
          <entry>
            <substanceAdministration classCode="SBADM" moodCode="EVN" negationInd="true">
              <templateId root="2.16.840.1.113883.10.20.22.4.16" extension="2014-06-09" />
              <templateId root="2.16.840.1.113883.10.20.22.4.16" />
              <id root="medica9BAFC89A-C387-4BEF-89BB-298F2213803D" extension="10001" />
              <statusCode code="active" />
              <effectiveTime xsi:type="IVL_TS">
                <low value="20170711101900" />
              </effectiveTime>
              <routeCode nullFlavor="UNK" />
              <doseQuantity nullFlavor="UNK" />
              <administrationUnitCode nullFlavor="UNK" />
              <consumable>
                <manufacturedProduct classCode="MANU">
                  <templateId root="2.16.840.1.113883.10.20.22.4.23" extension="2014-06-09" />
                  <templateId root="2.16.840.1.113883.10.20.22.4.23" />
                  <manufacturedMaterial>
                    <code codeSystem="2.16.840.1.113883.6.88" nullFlavor="OTH">
                      <translation code="410942007" displayName="drug or medication" codeSystem="2.16.840.1.113883.6.96" codeSystemName="SNOMED CT" />
                    </code>
                  </manufacturedMaterial>
                </manufacturedProduct>
              </consumable>
            </substanceAdministration>
          </entry>
        </section>
      </component>
      <component>
        <section>
          <templateId root="2.16.840.1.113883.10.20.22.2.5.1" extension="2015-08-01" />
          <templateId root="2.16.840.1.113883.10.20.22.2.5.1" />
          <code code="11450-4" displayName="PROBLEM LIST" codeSystem="2.16.840.1.113883.6.1" codeSystemName="LOINC" />
          <title>Active Problems</title>
          <text>
            <paragraph>No Known Problem.</paragraph>
          </text>
          <entry>
            <act classCode="ACT" moodCode="EVN">
              <templateId root="2.16.840.1.113883.10.20.22.4.3" extension="2015-08-01" />
              <templateId root="2.16.840.1.113883.10.20.22.4.3" />
              <id root="probEE71F057-4DD2-4C58-95DB-380963AED681" extension="400" />
              <code code="CONC" codeSystem="2.16.840.1.113883.5.6" />
              <statusCode code="active" />
              <effectiveTime>
                <low value="20170711102000" />
              </effectiveTime>
              <entryRelationship typeCode="SUBJ">
                <observation classCode="OBS" moodCode="EVN" negationInd="true">
                  <templateId root="2.16.840.1.113883.10.20.22.4.4" extension="2015-08-01" />
                  <templateId root="2.16.840.1.113883.10.20.22.4.4" />
                  <id root="probobs8EEE0350-F26B-40C1-9A4A-FBC31AEA1F9C" extension="401" />
                  <code nullFlavor="UNK" />
                  <statusCode code="completed" />
                  <effectiveTime>
                    <low value="20170711102000" />
                  </effectiveTime>
                  <value code="55607006" codeSystem="2.16.840.1.113883.6.96" codeSystemName="SNOMED CT" displayName="Problem" xsi:type="CD" />
                </observation>
              </entryRelationship>
            </act>
          </entry>
        </section>
      </component>
      <component>
        <section>
          <templateId root="2.16.840.1.113883.10.20.22.2.7.1" extension="2014-06-09" />
          <templateId root="2.16.840.1.113883.10.20.22.2.7.1" />
          <code code="47519-4" displayName="HISTORY OF PROCEDURES" codeSystem="2.16.840.1.113883.6.1" codeSystemName="LOINC" />
          <title>List of Procedures</title>
          <text>
            <paragraph>No Procedure information.</paragraph>
          </text>
          <entry>
            <procedure classCode="PROC" moodCode="EVN">
              <templateId root="2.16.840.1.113883.10.20.22.4.14" extension="2014-06-09" />
              <templateId root="2.16.840.1.113883.10.20.22.4.14" />
              <id root="proceE833659B-2D70-4344-A07C-98202B3A6311" extension="500" />
              <code nullFlavor="UNK" />
              <statusCode code="completed" />
              <effectiveTime>
                <low nullFlavor="UNK" />
              </effectiveTime>
            </procedure>
          </entry>
        </section>
      </component>
      <component>
        <section>
          <templateId root="2.16.840.1.113883.10.20.22.2.4.1" extension="2015-08-01" />
          <templateId root="2.16.840.1.113883.10.20.22.2.4.1" />
          <code code="8716-3" displayName="VITAL SIGNS" codeSystem="2.16.840.1.113883.6.1" codeSystemName="LOINC" />
          <title>Vital Signs</title>
          <text>
            <table border="1" width="100%">
              <thead>
                <tr>
                  <th>Observation</th>
                  <th>LOINC Code</th>
                  <th>Date</th>
                  <th>Result Value</th>
                  <th>Result Unit</th>
                </tr>
              </thead>
              <tbody>
                <tr>
                  <td>
                    <content ID="Vital-0">BP Systolic</content>
                  </td>
                  <td>8480-6</td>
                  <td>07/22/2015</td>
                  <td>145</td>
                  <td>mm[Hg]</td>
                </tr>
                <tr>
                  <td>
                    <content ID="Vital-1">BP Diastolic</content>
                  </td>
                  <td>8462-4</td>
                  <td>07/22/2015</td>
                  <td>88</td>
                  <td>mm[Hg]</td>
                </tr>
                <tr>
                  <td>
                    <content ID="Vital-2">Height</content>
                  </td>
                  <td>8302-2</td>
                  <td>07/22/2015</td>
                  <td>177</td>
                  <td>cm</td>
                </tr>
                <tr>
                  <td>
                    <content ID="Vital-3">Weight Measured</content>
                  </td>
                  <td>29463-7</td>
                  <td>07/22/2015</td>
                  <td>88</td>
                  <td>kg</td>
                </tr>
                <tr>
                  <td>
                    <content ID="Vital-4">Body Mass Index</content>
                  </td>
                  <td>39156-5</td>
                  <td>07/22/2015</td>
                  <td>28.02</td>
                  <td>kg/m2</td>
                </tr>
              </tbody>
            </table>
          </text>
          <entry>
            <organizer classCode="CLUSTER" moodCode="EVN">
              <templateId root="2.16.840.1.113883.10.20.22.4.26" extension="2015-08-01" />
              <templateId root="2.16.840.1.113883.10.20.22.4.26" />
              <id root="VIT03BE35CFC-8EE1-4F0A-8023-6EEFDF8B645E" extension="700" />
              <code code="46680005" displayName="VITAL SIGNS" codeSystem="2.16.840.1.113883.6.96" codeSystemName="SNOMED CT">
                <translation code="74728-7" displayName="Vital signs" codeSystem="2.16.840.1.113883.6.1" codeSystemName="LOINC" />
              </code>
              <statusCode code="completed" />
              <effectiveTime value="20150722" />
              <component>
                <observation classCode="OBS" moodCode="EVN">
                  <templateId root="2.16.840.1.113883.10.20.22.4.27" extension="2014-06-09" />
                  <templateId root="2.16.840.1.113883.10.20.22.4.27" />
                  <id root="VITD09EF19C69-C4E2-4823-9C44-C6B1411BAE50" extension="700" />
                  <code code="8480-6" displayName="BP Systolic" codeSystem="2.16.840.1.113883.6.1" codeSystemName="LOINC" />
                  <text>
                    <reference value="#Vital-0" />
                  </text>
                  <statusCode code="completed" />
                  <effectiveTime value="20150722" />
                  <value value="145" unit="mm[Hg]" xsi:type="PQ" />
                  <interpretationCode code="N" codeSystem="2.16.840.1.113883.5.83" />
                </observation>
              </component>
              <component>
                <observation classCode="OBS" moodCode="EVN">
                  <templateId root="2.16.840.1.113883.10.20.22.4.27" extension="2014-06-09" />
                  <templateId root="2.16.840.1.113883.10.20.22.4.27" />
                  <id root="VITD0815A9206-1F6C-4689-A630-5485910C56F7" extension="701" />
                  <code code="8462-4" displayName="BP Diastolic" codeSystem="2.16.840.1.113883.6.1" codeSystemName="LOINC" />
                  <text>
                    <reference value="#Vital-1" />
                  </text>
                  <statusCode code="completed" />
                  <effectiveTime value="20150722" />
                  <value value="88" unit="mm[Hg]" xsi:type="PQ" />
                  <interpretationCode code="N" codeSystem="2.16.840.1.113883.5.83" />
                </observation>
              </component>
              <component>
                <observation classCode="OBS" moodCode="EVN">
                  <templateId root="2.16.840.1.113883.10.20.22.4.27" extension="2014-06-09" />
                  <templateId root="2.16.840.1.113883.10.20.22.4.27" />
                  <id root="VITD00FEDBD1C-8870-4B5D-BD78-A627EF5DB032" extension="702" />
                  <code code="8302-2" displayName="Height" codeSystem="2.16.840.1.113883.6.1" codeSystemName="LOINC" />
                  <text>
                    <reference value="#Vital-2" />
                  </text>
                  <statusCode code="completed" />
                  <effectiveTime value="20150722" />
                  <value value="177" unit="cm" xsi:type="PQ" />
                  <interpretationCode code="N" codeSystem="2.16.840.1.113883.5.83" />
                </observation>
              </component>
              <component>
                <observation classCode="OBS" moodCode="EVN">
                  <templateId root="2.16.840.1.113883.10.20.22.4.27" extension="2014-06-09" />
                  <templateId root="2.16.840.1.113883.10.20.22.4.27" />
                  <id root="VITD0C86C9790-C5A1-42FF-BEA4-333F95F94BC9" extension="703" />
                  <code code="29463-7" displayName="Weight Measured" codeSystem="2.16.840.1.113883.6.1" codeSystemName="LOINC" />
                  <text>
                    <reference value="#Vital-3" />
                  </text>
                  <statusCode code="completed" />
                  <effectiveTime value="20150722" />
                  <value value="88" unit="kg" xsi:type="PQ" />
                  <interpretationCode code="N" codeSystem="2.16.840.1.113883.5.83" />
                </observation>
              </component>
              <component>
                <observation classCode="OBS" moodCode="EVN">
                  <templateId root="2.16.840.1.113883.10.20.22.4.27" extension="2014-06-09" />
                  <templateId root="2.16.840.1.113883.10.20.22.4.27" />
                  <id root="VITD0532B5273-D59C-4086-92FE-CEBE29C04F26" extension="704" />
                  <code code="39156-5" displayName="Body Mass Index" codeSystem="2.16.840.1.113883.6.1" codeSystemName="LOINC" />
                  <text>
                    <reference value="#Vital-4" />
                  </text>
                  <statusCode code="completed" />
                  <effectiveTime value="20150722" />
                  <value value="28.02" unit="kg/m2" xsi:type="PQ" />
                  <interpretationCode code="N" codeSystem="2.16.840.1.113883.5.83" />
                </observation>
              </component>
            </organizer>
          </entry>
        </section>
      </component>
      <component>
        <section>
          <templateId root="2.16.840.1.113883.10.20.22.2.17" extension="2015-08-01" />
          <templateId root="2.16.840.1.113883.10.20.22.2.17" />
          <code code="29762-2" displayName="Social History" codeSystem="2.16.840.1.113883.6.1" codeSystemName="Social History" />
          <title>Social History</title>
          <text>
            <table border="1" width="100%">
              <thead>
                <tr>
                  <th>Social History</th>
                  <th>SNOMED CT</th>
                  <th>Date</th>
                </tr>
              </thead>
              <tbody>
                <tr>
                  <td>
                    <content ID="SocialHistory-0">Smoking Status: Current every day smoker. Smokes for past 07/22/2015.</content>
                  </td>
                  <td>449868002</td>
                  <td>06/28/2017</td>
                </tr>
                <tr>
                  <td>
                    <content ID="BirthSexInfo">Birthsex:Male(AdministrativeGenderCode:M)</content>
                  </td>
                  <td />
                  <td>08/01/1980</td>
                </tr>
              </tbody>
            </table>
          </text>
          <entry>
            <observation classCode="OBS" moodCode="EVN">
              <templateId root="2.16.840.1.113883.10.20.22.4.78" extension="2014-06-09" />
              <templateId root="2.16.840.1.113883.10.20.22.4.78" />
              <id root="SMO0FB1CBA87-2EF7-47D9-B459-E5E4227D123E" extension="6001" />
              <code code="72166-2" displayName="Tobacco smoking status NHIS" codeSystem="2.16.840.1.113883.6.1" codeSystemName="LOINC" />
              <statusCode code="completed" />
              <effectiveTime value="20170628" />
              <value code="449868002" codeSystem="2.16.840.1.113883.6.96" codeSystemName="SNOMED CT" displayName="Current every day smoker" xsi:type="CD" />
            </observation>
          </entry>
          <entry>
            <observation classCode="OBS" moodCode="EVN">
              <templateId root="2.16.840.1.113883.10.20.22.4.200" extension="2014-06-09" />
              <templateId root="2.16.840.1.113883.10.20.22.4.200" />
              <code code="76689-9" displayName="Sex Assigned At Birth" codeSystem="2.16.840.1.113883.6.1" codeSystemName="LOINC" />
              <text>
                <reference value="#BirthSexInfo" />
              </text>
              <statusCode code="completed" />
              <effectiveTime value="19800801" />
              <value code="M" codeSystem="2.16.840.1.113883.5.1" codeSystemName="Gender" displayName="Male" xsi:type="CD" />
            </observation>
          </entry>
        </section>
      </component>
      <component>
        <section>
          <templateId root="2.16.840.1.113883.10.20.22.2.12" />
          <code code="29299-5" displayName="REASON FOR VISIT" codeSystem="2.16.840.1.113883.6.1" codeSystemName="LOINC" />
          <title>Reason for Visit</title>
          <text>
            <paragraph>No information.</paragraph>
          </text>
        </section>
      </component>
      <component>
        <section>
          <templateId root="1.3.6.1.4.1.19376.1.5.3.1.3.1" extension="2014-06-09" />
          <templateId root="1.3.6.1.4.1.19376.1.5.3.1.3.1" />
          <code code="42349-1" displayName="REASON FOR REFERRAL" codeSystem="2.16.840.1.113883.6.1" codeSystemName="LOINC" />
          <title>Reason for Referral</title>
          <text>
            <paragraph>No information.</paragraph>
          </text>
        </section>
      </component>
      <component>
        <section>
          <templateId root="2.16.840.1.113883.10.20.22.2.10" extension="2014-06-09" />
          <templateId root="2.16.840.1.113883.10.20.22.2.10" />
          <code code="18776-5" displayName="Treatment plan" codeSystem="2.16.840.1.113883.6.1" codeSystemName="LOINC" />
          <title>Plan of Care</title>
          <text>
            <table border="1" width="100%">
              <thead>
                <tr>
                  <th>Date</th>
                  <th>Type</th>
                  <th>Action</th>
                  <th>Status</th>
                </tr>
              </thead>
              <tbody>
                <tr>
                  <td>07/22/2015</td>
                  <td>Follow Up</td>
                  <td>Schedule a visit for next year.</td>
                  <td />
                </tr>
              </tbody>
            </table>
          </text>
          <entry typeCode="DRIV">
            <act classCode="ACT" moodCode="INT">
              <templateId root="2.16.840.1.113883.10.20.22.4.44" extension="2014-06-09" />
              <templateId root="2.16.840.1.113883.10.20.22.4.44" />
              <code nullFlavor="UNK" />
              <statusCode code="completed" />
            </act>
          </entry>
        </section>
      </component>
      <component>
        <section>
          <templateId root="2.16.840.1.113883.10.20.22.2.2" />
          <templateId root="2.16.840.1.113883.10.20.22.2.2.1" extension="2015-08-01" />
          <templateId root="2.16.840.1.113883.10.20.22.2.2.1" />
          <code code="11369-6" displayName="History of immunizations" codeSystem="2.16.840.1.113883.6.1" codeSystemName="LOINC" />
          <title>List of Immunizations</title>
          <text>
            <paragraph>No Immunization information.</paragraph>
          </text>
          <entry>
            <substanceAdministration classCode="SBADM" moodCode="EVN" negationInd="true">
              <templateId root="2.16.840.1.113883.10.20.22.4.52" extension="2015-08-01" />
              <templateId root="2.16.840.1.113883.10.20.22.4.52" />
              <id root="Immu2A29A629-0B9E-4D95-94C1-88A3E3FEFBD5" extension="200" />
              <statusCode code="completed" />
              <effectiveTime nullFlavor="UNK" />
              <consumable>
                <manufacturedProduct classCode="MANU">
                  <templateId root="2.16.840.1.113883.10.20.22.4.54" extension="2014-06-09" />
                  <templateId root="2.16.840.1.113883.10.20.22.4.54" />
                  <manufacturedMaterial>
                    <code nullFlavor="UNK" />
                  </manufacturedMaterial>
                  <manufacturerOrganization>
                    <name>None</name>
                  </manufacturerOrganization>
                </manufacturedProduct>
              </consumable>
            </substanceAdministration>
          </entry>
        </section>
      </component>
      <component>
        <section>
          <templateId root="2.16.840.1.113883.10.20.22.2.18" extension="2015-08-01" />
          <templateId root="2.16.840.1.113883.10.20.22.2.18" />
          <code code="48768-6" displayName="Payers" codeSystem="2.16.840.1.113883.6.1" codeSystemName="LOINC" />
          <title>Payers</title>
          <text>
            <paragraph>No Payer information.</paragraph>
          </text>
        </section>
      </component>
      <component>
        <section>
          <templateId root="2.16.840.1.113883.10.20.22.2.22.1" extension="2015-08-01" />
          <templateId root="2.16.840.1.113883.10.20.22.2.22.1" />
          <code code="46240-8" displayName="HISTORY OF ENCOUNTERS" codeSystem="2.16.840.1.113883.6.1" codeSystemName="LOINC" />
          <title>Encounters</title>
          <text>
            <table border="1" width="100%">
              <thead>
                <tr>
                  <th>Encounter</th>
                  <th>Code</th>
                  <th>Performer</th>
                  <th>Location</th>
                  <th>Date</th>
                </tr>
              </thead>
              <tbody>
                <tr>
                  <td>
                    <content ID="Encounter-0">Encounter for general adult medical examination without abnormal findings</content>
                  </td>
                  <td>699134002</td>
                  <td>Davis Albert</td>
                  <td>My Location</td>
                  <td>07/22/2015</td>
                </tr>
              </tbody>
            </table>
          </text>
          <entry typeCode="DRIV">
            <encounter classCode="ENC" moodCode="EVN">
              <templateId root="2.16.840.1.113883.10.20.22.4.49" extension="2015-08-01" />
              <templateId root="2.16.840.1.113883.10.20.22.4.49" />
              <id root="ENC022B9D741-6B32-4FB7-8B36-406310790535" extension="20001" />
              <code code="99212" displayName="Outpatient Visit" codeSystem="2.16.840.1.113883.6.12" codeSystemName="CPT">
                <originalText>
                  <reference value="#Encounter-0" />
                </originalText>
              </code>
              <effectiveTime value="20150722" />
              <performer>
                <assignedEntity>
                  <id root="enperf90963D9E-CCFB-40E9-B58C-FFA6A6CE41BE" extension="E20001" />
                  <addr>
                    <streetAddressLine>2472, Rocky place</streetAddressLine>
                    <city>BEAVERTON</city>
                    <state>OR</state>
                    <postalCode>97006</postalCode>
                    <country>United States</country>
                  </addr>
                  <telecom use="HP" value="tel:5555551002" />
                  <assignedPerson>
                    <name>
                      <given>Davis</given>
                      <family>Albert</family>
                    </name>
                  </assignedPerson>
                  <representedOrganization>
                    <id root="represperfor9ABC24F1-10A8-4D3F-9085-EAD1813A88ED" extension="E20002" />
                    <name>
                      <prefix>iPatientCare MU2 Configuration</prefix>
                    </name>
                    <telecom use="HP" value="tel:732-993-4600" />
                    <addr>
                      <streetAddressLine>Test New Address,</streetAddressLine>
                      <city>APO</city>
                      <state>AA</state>
                      <postalCode>34023</postalCode>
                      <country>United State</country>
                    </addr>
                  </representedOrganization>
                </assignedEntity>
              </performer>
              <entryRelationship typeCode="SUBJ" inversionInd="false">
                <act classCode="ACT" moodCode="EVN">
                  <templateId root="2.16.840.1.113883.10.20.22.4.80" extension="2015-08-01" />
                  <templateId root="2.16.840.1.113883.10.20.22.4.80" />
                  <id root="ENC022B9D741-6B32-4FB7-8B36-406310790535" extension="20001" />
                  <code code="29308-4" displayName="ENCOUNTER DIAGNOSIS AND E&amp;M" codeSystem="2.16.840.1.113883.6.1" codeSystemName="LOINC" xsi:type="CE" />
                  <statusCode code="active" />
                  <effectiveTime>
                    <low value="20150722" />
                  </effectiveTime>
                  <entryRelationship typeCode="SUBJ" inversionInd="false">
                    <observation classCode="OBS" moodCode="EVN">
                      <templateId root="2.16.840.1.113883.10.20.22.4.4" extension="2015-08-01" />
                      <templateId root="2.16.840.1.113883.10.20.22.4.4" />
                      <id root="ENCPROB01C6AF336-EBCB-41B2-9211-E70AC1629089" extension="20002" />
                      <code nullFlavor="UNK">
                        <translation nullFlavor="UNK" />
                      </code>
                      <statusCode code="completed" />
                      <effectiveTime>
                        <low value="20150722" />
                      </effectiveTime>
                      <value code="699134002" codeSystem="2.16.840.1.113883.6.96" codeSystemName="SNOMED CT" displayName="Encounter for general adult medical examination without abnormal findings" xsi:type="CD" />
                    </observation>
                  </entryRelationship>
                </act>
              </entryRelationship>
            </encounter>
          </entry>
        </section>
      </component>
      <component>
        <section>
          <templateId root="2.16.840.1.113883.10.20.22.2.23" extension="2014-06-09" />
          <code code="46264-8" displayName="Medical Equipment" codeSystem="2.16.840.1.113883.6.1" codeSystemName="LOINC" />
          <title>Medical Equipment</title>
          <text>
            <paragraph>No implanted devices.</paragraph>
          </text>
        </section>
      </component>
      <component>
        <section>
          <templateId root="2.16.840.1.113883.10.20.22.2.8" />
          <code code="51848-0" displayName="Assessments" codeSystem="2.16.840.1.113883.6.1" codeSystemName="LOINC" />
          <title>Assessments</title>
          <text>
            <paragraph>The patient was found to be healthy and advised to follow his current routine of exercise, work, sleep and quality of life.</paragraph>
          </text>
        </section>
      </component>
      <component>
        <section>
          <templateId root="2.16.840.1.113883.10.20.22.2.58" />
          <code code="75310-3" displayName="Health Concerns" codeSystem="2.16.840.1.113883.6.1" codeSystemName="LOINC" />
          <title>Health Concerns</title>
          <text>
            <paragraph>No information.</paragraph>
          </text>
        </section>
      </component>
      <component>
        <section nullFlavor="NI">
          <templateId root="2.16.840.1.113883.10.20.22.2.60" />
          <code code="61146-7" displayName="Goals" codeSystem="2.16.840.1.113883.6.1" codeSystemName="LOINC" />
          <title>Goals Section</title>
          <text>
            <paragraph>No information.</paragraph>
          </text>
        </section>
      </component>
      <component>
        <section>
          <templateId root="2.16.840.1.113883.10.20.22.2.14" extension="2014-06-09" />
          <templateId root="2.16.840.1.113883.10.20.22.2.14" />
          <code code="47420-5" displayName="Functional Status" codeSystem="2.16.840.1.113883.6.1" codeSystemName="LOINC" />
          <title>Functional Status</title>
          <text>
            <paragraph>No information.</paragraph>
          </text>
        </section>
      </component>
      <component>
        <section>
          <templateId root="2.16.840.1.113883.10.20.22.2.56" extension="2015-08-01" />
          <templateId root="2.16.840.1.113883.10.20.22.2.56" />
          <code code="10190-7" displayName="Mental Status" codeSystem="2.16.840.1.113883.6.1" codeSystemName="LOINC" />
          <title>Mental Status</title>
          <text>
            <paragraph>No information.</paragraph>
          </text>
        </section>
      </component>
      <component>
        <section>
          <templateId root="2.16.840.1.113883.10.20.22.2.15" extension="2015-08-01" />
          <templateId root="2.16.840.1.113883.10.20.22.2.15" />
          <code code="10157-6" displayName="Family History" codeSystem="2.16.840.1.113883.6.1" codeSystemName="LOINC" />
          <title>Family History</title>
          <text>
            <paragraph>No known family history.</paragraph>
          </text>
        </section>
      </component>
      <component>
        <section>
          <templateId root="2.16.840.1.113883.10.20.22.2.21" extension="2015-08-01" />
          <templateId root="2.16.840.1.113883.10.20.22.2.21" />
          <code code="42348-3" displayName="Advance Directives" codeSystem="2.16.840.1.113883.6.1" codeSystemName="LOINC" />
          <title>Advance Directives</title>
          <text>
            <paragraph>No information.</paragraph>
          </text>
        </section>
      </component>
    </structuredBody>
  </component>
</ClinicalDocument>
